appid,name,msrp,release_ts,n_weeks,is_free,total_positive,total_negative,total_reviews,review_score_desc,reviews_ratio,release_date,age_days,bucket
550,Left 4 Dead 2,9.99,1258434000.0,400,False,1025647,26028,1051675,Overwhelmingly Positive,0.9752509092637934,2009-11-17 05:00:00,6112.0,5-10
10180,Call of Duty®: Modern Warfare® 2 (2009),19.99,1258002000.0,225,False,56708,4051,60759,Very Positive,0.93332674994651,2009-11-12 05:00:00,6117.0,10-20
8980,Borderlands Game of the Year,29.99,1693486800.0,167,False,28586,3277,31863,Very Positive,0.8971534381571101,2023-08-31 13:00:00,1077.0,20-30
17460,Mass Effect (2007),29.99,1229673600.0,117,False,15516,1058,16574,Very Positive,0.93616507783275,2008-12-19 08:00:00,6445.0,20-30
12210,Grand Theft Auto IV: The Complete Edition,19.99,1585072800.0,235,False,167606,33624,201230,Very Positive,0.8329076181483874,2020-03-24 18:00:00,2331.0,10-20
41500,Torchlight,14.99,1256663400.0,106,False,6655,692,7347,Very Positive,0.9058118960119776,2009-10-27 17:10:00,6133.0,10-20
500,Left 4 Dead,9.99,1226983860.0,99,False,65332,2448,67780,Overwhelmingly Positive,0.9638831513720861,2008-11-18 04:51:00,6476.0,5-10
240,Counter-Strike: Source,9.99,1099332000.0,265,False,185561,7150,192711,Overwhelmingly Positive,0.9628978107113761,2004-11-01 18:00:00,7953.0,5-10
17480,Command & Conquer™ Red Alert™ 3,6.96,1231444800.0,24,False,13577,2349,15926,Very Positive,0.8525053371844782,2009-01-08 20:00:00,6424.0,5-10
22370,Fallout 3: Game of the Year Edition,19.99,1261072800.0,201,False,45701,10278,55979,Very Positive,0.8163954340020365,2009-12-17 18:00:00,6081.0,10-20
7670,BioShock™,19.99,1187726400.0,63,False,30166,1923,32089,Very Positive,0.9400729221851725,2007-08-21 20:00:00,6930.0,10-20
35700,Trine Enchanted Edition,14.99,1246550400.0,15,False,15230,699,15929,Overwhelmingly Positive,0.9561177726159834,2009-07-02 16:00:00,6250.0,10-20
17300,Crysis,29.99,1221634800.0,75,False,10719,2682,13401,Mostly Positive,0.7998656816655474,2008-09-17 07:00:00,6538.0,20-30
17450,Dragon Age: Origins,29.99,1257519660.0,61,False,9648,872,10520,Very Positive,0.9171102661596958,2009-11-06 15:01:00,6123.0,20-30
20900,The Witcher: Enhanced Edition Director's Cut,9.99,1221807600.0,98,False,77916,9186,87102,Very Positive,0.8945374388647792,2008-09-19 07:00:00,6536.0,5-10
17330,Crysis Warhead®,19.99,1221678000.0,41,False,3496,594,4090,Very Positive,0.8547677261613692,2008-09-17 19:00:00,6537.0,10-20
10500,Total War: EMPIRE – Definitive Edition,24.99,1236153600.0,159,False,34399,3547,37946,Very Positive,0.9065250619301112,2009-03-04 08:00:00,6370.0,20-30
1250,Killing Floor,19.99,1242284400.0,178,False,65502,3333,68835,Overwhelmingly Positive,0.9515798648943125,2009-05-14 07:00:00,6299.0,10-20
15620,"Warhammer 40,000: Dawn of War II - Anniversary Edition (Classic)",49.99,1234944000.0,81,False,12169,1711,13880,Very Positive,0.8767291066282421,2009-02-18 08:00:00,6384.0,40-50
228200,Company of Heroes,19.99,,143,False,17570,1074,18644,Very Positive,0.9423943359794036,,,10-20
400,Portal,9.99,1191999660.0,191,False,195058,2925,197983,Overwhelmingly Positive,0.9852260042528904,2007-10-10 07:01:00,6881.0,5-10
3900,Sid Meier's Civilization® IV,19.99,1161823860.0,48,False,3367,277,3644,Very Positive,0.9239846322722283,2006-10-26 00:51:00,7230.0,10-20
7110,Jade Empire™: Special Edition,14.99,1172563200.0,4,False,1567,502,2069,Mostly Positive,0.7573707104881585,2007-02-27 08:00:00,7106.0,10-20
35140,Batman: Arkham Asylum Game of the Year Edition,19.99,1269638760.0,83,False,83488,3159,86647,Overwhelmingly Positive,0.9635417267764608,2010-03-26 21:26:00,5982.0,10-20
10090,Call of Duty: World at War,19.99,1227042000.0,166,False,49037,4064,53101,Very Positive,0.9234666013822715,2008-11-18 21:00:00,6475.0,10-20
22320,The Elder Scrolls III: Morrowind® Game of the Year Edition,14.99,1245168000.0,34,False,27094,1349,28443,Overwhelmingly Positive,0.9525718102872411,2009-06-16 16:00:00,6266.0,10-20
4000,Garry's Mod,9.99,1164826920.0,508,False,1217441,39312,1256753,Overwhelmingly Positive,0.9687193903654895,2006-11-29 19:02:00,7195.0,5-10
24400,King Arthur - The Role-playing Wargame,9.99,1259101020.0,40,False,423,193,616,Mixed,0.6866883116883117,2009-11-24 22:17:00,6104.0,5-10
16810,Sid Meier's Civilization IV: Colonization,19.99,1222217640.0,31,False,1357,207,1564,Very Positive,0.8676470588235294,2008-09-24 00:54:00,6531.0,10-20
4500,S.T.A.L.K.E.R.: Shadow of Chernobyl,19.99,1174374000.0,23,False,45517,2559,48076,Very Positive,0.9467717780181379,2007-03-20 07:00:00,7085.0,10-20
4700,Total War: MEDIEVAL II – Definitive Edition,24.99,1163613600.0,93,False,34658,1574,36232,Overwhelmingly Positive,0.9565577390152351,2006-11-15 18:00:00,7209.0,20-30
440,Team Fortress 2,19.99,1191999600.0,820,True,1133646,111949,1245595,Very Positive,0.9101240772482228,2007-10-10 07:00:00,6881.0,10-20
23490,Tropico 3,9.99,1256062980.0,42,False,1727,211,1938,Very Positive,0.891124871001032,2009-10-20 18:23:00,6139.0,5-10
12150,Max Payne 2: The Fall of Max Payne,9.99,1199469540.0,10,False,13638,826,14464,Very Positive,0.9428926991150443,2008-01-04 17:59:00,6794.0,5-10
18500,Defense Grid: The Awakening,9.99,1228770000.0,23,False,5153,211,5364,Overwhelmingly Positive,0.9606636838180462,2008-12-08 21:00:00,6455.0,5-10
15100,Assassin's Creed™: Director's Cut Edition,19.99,1207785600.0,20,False,20335,4895,25230,Very Positive,0.8059849385652001,2008-04-10 00:00:00,6698.0,10-20
22330,The Elder Scrolls IV: Oblivion® Game of the Year Edition (2009),14.99,1245168000.0,145,False,50233,2634,52867,Overwhelmingly Positive,0.9501768589100952,2009-06-16 16:00:00,6266.0,10-20
12140,Max Payne,9.99,1294344000.0,8,False,13988,1771,15759,Very Positive,0.8876197728282251,2011-01-06 20:00:00,5696.0,5-10
10,Counter-Strike,9.99,973065600.0,205,False,254319,6785,261104,Overwhelmingly Positive,0.9740141859182548,2000-11-01 08:00:00,9415.0,5-10
20510,S.T.A.L.K.E.R.: Clear Sky,19.99,1221462000.0,18,False,19224,3318,22542,Very Positive,0.8528080915624168,2008-09-15 07:00:00,6540.0,10-20
26800,Braid,14.99,1239415020.0,14,False,9266,681,9947,Very Positive,0.9315371468784558,2009-04-11 01:57:00,6332.0,10-20
24790,Command & Conquer 3 Tiberium Wars™,6.96,1258139880.0,24,False,8345,951,9296,Very Positive,0.8976979345955249,2009-11-13 19:18:00,6115.0,5-10
29180,Osmos,9.99,1250618400.0,5,False,1240,201,1441,Very Positive,0.8605135322692574,2009-08-18 18:00:00,6202.0,5-10
32370,STAR WARS™ Knights of the Old Republic™,9.99,1252146600.0,101,False,30842,3015,33857,Very Positive,0.9109489913459551,2009-09-05 10:30:00,6185.0,5-10
220,Half-Life 2,9.99,1100592000.0,145,False,270889,6662,277551,Overwhelmingly Positive,0.9759972041174415,2004-11-16 08:00:00,7939.0,5-10
280,Half-Life: Source,9.99,1086073200.0,10,False,11455,5232,16687,Mixed,0.6864625157308084,2004-06-01 07:00:00,8107.0,5-10
40700,Machinarium,19.99,1255705200.0,15,False,19574,960,20534,Overwhelmingly Positive,0.9532482711600273,2009-10-16 15:00:00,6144.0,10-20
420,Half-Life 2: Episode Two,19.99,1191999600.0,83,False,40084,1186,41270,Overwhelmingly Positive,0.9712624182214684,2007-10-10 07:00:00,6881.0,10-20
475150,Titan Quest Anniversary Edition,19.99,1472661927.0,69,False,34124,3658,37782,Very Positive,0.9031814091366259,2016-08-31 16:45:27,3633.0,10-20
22000,World of Goo,14.99,1223917200.0,11,False,6209,366,6575,Very Positive,0.9443346007604563,2008-10-13 17:00:00,6512.0,10-20
12900,AudioSurf,9.99,1203102000.0,49,False,10621,479,11100,Overwhelmingly Positive,0.9568468468468468,2008-02-15 19:00:00,6752.0,5-10
20540,Company of Heroes: Tales of Valor,19.99,1239228000.0,12,False,2213,179,2392,Very Positive,0.9251672240802675,2009-04-08 22:00:00,6334.0,10-20
380,Half-Life 2: Episode One,19.99,1149145200.0,76,False,30049,1309,31358,Overwhelmingly Positive,0.9582562663435168,2006-06-01 07:00:00,7377.0,10-20
24800,Command & Conquer: Red Alert 3 - Uprising,6.96,1254848520.0,6,False,4834,992,5826,Very Positive,0.8297288019224167,2009-10-06 17:02:00,6154.0,5-10
16600,Trials 2: Second Edition,9.99,1211958000.0,1,False,236,42,278,Very Positive,0.8489208633093526,2008-05-28 07:00:00,6650.0,5-10
19900,Far Cry® 2,9.99,1224694800.0,16,False,14116,4524,18640,Mostly Positive,0.7572961373390558,2008-10-22 17:00:00,6503.0,5-10
20500,Red Faction Guerrilla Steam Edition,19.99,1252998000.0,24,False,6925,775,7700,Very Positive,0.8993506493506493,2009-09-15 07:00:00,6175.0,10-20
8800,Civilization IV: Beyond the Sword,9.99,1185260400.0,7,False,4858,190,5048,Overwhelmingly Positive,0.9623613312202852,2007-07-24 07:00:00,6959.0,5-10
300,Day of Defeat: Source,9.99,1278971640.0,88,False,21631,1940,23571,Very Positive,0.9176954732510288,2010-07-12 21:54:00,5874.0,5-10
39530,Painkiller: Black Edition,9.99,1169661600.0,3,False,2082,256,2338,Very Positive,0.8905047048759623,2007-01-24 18:00:00,7139.0,5-10
24810,Command & Conquer™ 3: Kane’s Wrath,6.96,1258140000.0,6,False,5451,379,5830,Very Positive,0.934991423670669,2009-11-13 19:20:00,6115.0,5-10
32430,STAR WARS™ - The Force Unleashed™ Ultimate Sith Edition,19.99,1260903360.0,55,False,9274,2929,12203,Mostly Positive,0.7599770548225846,2009-12-15 18:56:00,6083.0,10-20
7940,Call of Duty® 4: Modern Warfare® (2007),19.99,1194890400.0,153,False,25304,1708,27012,Very Positive,0.9367688434769732,2007-11-12 18:00:00,6847.0,10-20
6910,Deus Ex: Game of the Year Edition,6.99,1175151600.0,33,False,14754,806,15560,Very Positive,0.9482005141388175,2007-03-29 07:00:00,7076.0,5-10
2820,X3: Terran Conflict,15.99,1224140400.0,29,False,2444,416,2860,Very Positive,0.8545454545454545,2008-10-16 07:00:00,6509.0,10-20
39560,Painkiller: Resurrection,9.99,1256686500.0,3,False,160,483,643,Mostly Negative,0.24883359253499224,2009-10-27 23:35:00,6132.0,5-10
1500,Darwinia,29.99,1133424000.0,2,False,907,224,1131,Very Positive,0.801945181255526,2005-12-01 08:00:00,7559.0,20-30
9340,Company of Heroes: Opposing Fronts,19.99,1190664000.0,17,False,1101,97,1198,Very Positive,0.9190317195325542,2007-09-24 20:00:00,6896.0,10-20
15120,Tom Clancy's Rainbow Six® Vegas 2,9.99,1208389200.0,10,False,5174,919,6093,Very Positive,0.8491711800426719,2008-04-16 23:40:00,6691.0,5-10
24010,Train Simulator Classic,29.99,1442505600.0,455,False,21042,8323,29365,Mostly Positive,0.7165673420738975,2015-09-17 16:00:00,3982.0,20-30
1530,Multiwinia,29.99,1221843600.0,2,False,493,108,601,Very Positive,0.8202995008319468,2008-09-19 17:00:00,6536.0,20-30
13570,Tom Clancy's Splinter Cell Chaos Theory®,9.99,1251391740.0,11,False,5361,408,5769,Very Positive,0.9292771710868435,2009-08-27 16:49:00,6194.0,5-10
3590,Plants vs. Zombies GOTY Edition,4.99,1241542800.0,67,False,151212,3568,154780,Overwhelmingly Positive,0.9769479260886419,2009-05-05 17:00:00,6308.0,<5
45300,Wings of Prey: Special Edition,9.99,1262974200.0,30,False,470,273,743,Mixed,0.6325706594885598,2010-01-08 18:10:00,6059.0,5-10
219780,Divinity II: Developer's Cut,19.99,1351530720.0,41,False,4499,812,5311,Very Positive,0.847109772170966,2012-10-29 17:12:00,5035.0,10-20
41000,Serious Sam HD: The First Encounter,14.99,1259095560.0,15,False,8299,618,8917,Very Positive,0.9306941796568352,2009-11-24 20:46:00,6104.0,10-20
34030,Total War: NAPOLEON – Definitive Edition,24.99,1267138800.0,135,False,25139,2290,27429,Very Positive,0.9165117211710234,2010-02-25 23:00:00,6011.0,20-30
29720,Guild Wars® Reforged,19.99,1764781200.0,111,False,2960,423,3383,Very Positive,0.8749630505468519,2025-12-03 17:00:00,252.0,10-20
70,Half-Life,9.99,911499840.0,42,False,157606,5725,163331,Overwhelmingly Positive,0.9649484788558204,1998-11-19 18:24:00,10127.0,5-10
25800,Europa Universalis III Complete,14.99,1233784800.0,37,False,1663,333,1996,Very Positive,0.8331663326653307,2009-02-04 22:00:00,6397.0,10-20
21690,Resident Evil 5,19.99,1252998000.0,49,False,58037,8695,66732,Very Positive,0.8697026913624648,2009-09-15 07:00:00,6175.0,10-20
22100,Mount & Blade,9.99,1225717140.0,26,False,6170,534,6704,Very Positive,0.920346062052506,2008-11-03 12:59:00,6491.0,5-10
18820,Zero Gear,4.99,1263335100.0,3,False,689,190,879,Mostly Positive,0.7838452787258248,2010-01-12 22:25:00,6055.0,<5
17390,SPORE™,19.99,1229673600.0,79,False,67027,5356,72383,Very Positive,0.926004724866336,2008-12-19 08:00:00,6445.0,10-20
41800,Gratuitous Space Battles,14.99,1258406040.0,16,False,621,265,886,Mostly Positive,0.7009029345372461,2009-11-16 21:14:00,6112.0,10-20
3170,King's Bounty: Armored Princess,9.99,1258666320.0,12,False,1278,123,1401,Very Positive,0.9122055674518201,2009-11-19 21:32:00,6109.0,5-10
30,Day of Defeat,4.99,1051772400.0,9,False,6637,722,7359,Very Positive,0.9018888435928795,2003-05-01 07:00:00,8504.0,<5
25890,Hearts of Iron III,9.99,1249664340.0,52,False,4621,1456,6077,Mostly Positive,0.7604080961000493,2009-08-07 16:59:00,6214.0,5-10
32360,The Secret of Monkey Island: Special Edition,9.99,1247673600.0,21,False,5910,292,6202,Overwhelmingly Positive,0.9529184134150274,2009-07-15 16:00:00,6237.0,5-10
33900,Arma 2,12.99,,75,False,1763,347,2110,Very Positive,0.8355450236966825,,,10-20
60,Ricochet,4.99,973065600.0,6,False,5202,1052,6254,Very Positive,0.8317876559002239,2000-11-01 08:00:00,9415.0,<5
40,Deathmatch Classic,4.99,991378800.0,6,False,2759,556,3315,Very Positive,0.8322775263951735,2001-06-01 07:00:00,9203.0,<5
15320,IL-2 Sturmovik: 1946,9.99,1213340400.0,3,False,2799,400,3199,Very Positive,0.8749609252891528,2008-06-13 07:00:00,6634.0,5-10
6020,STAR WARS™ Jedi Knight - Jedi Academy™,9.99,1253124960.0,11,False,13252,553,13805,Overwhelmingly Positive,0.9599420499818906,2009-09-16 18:16:00,6173.0,5-10
17470,Dead Space (2008),19.99,1231488000.0,30,False,26708,2359,29067,Very Positive,0.9188426738225479,2009-01-09 08:00:00,6424.0,10-20
25900,King's Bounty: The Legend,6.99,1241204400.0,5,False,3604,376,3980,Very Positive,0.9055276381909547,2009-05-01 19:00:00,6311.0,5-10
3730,Aliens versus Predator Classic 2000,4.99,1263580560.0,8,False,2451,355,2806,Very Positive,0.8734853884533144,2010-01-15 18:36:00,6052.0,<5
40400,AI War: Fleet Command,9.99,1256168040.0,9,False,1324,287,1611,Very Positive,0.8218497827436375,2009-10-21 23:34:00,6138.0,5-10
46400,Greed: Black Border,4.99,1263410040.0,2,False,145,193,338,Mixed,0.4289940828402367,2010-01-13 19:14:00,6054.0,<5
8500,EVE Online,20.0,1292467920.0,37,True,28775,10443,39218,Mostly Positive,0.7337192105665765,2010-12-16 02:52:00,5718.0,10-20
8850,BioShock® 2,19.99,1265702460.0,73,False,13246,1686,14932,Very Positive,0.8870881328690061,2010-02-09 08:01:00,6028.0,10-20
10680,Aliens vs. Predator™,14.99,1266334980.0,49,False,19547,1848,21395,Very Positive,0.913624678663239,2010-02-16 15:43:00,6021.0,10-20
47730,Dragon Age™: Origins Awakening,29.99,1268758800.0,42,False,147,12,159,Very Positive,0.9245283018867925,2010-03-16 17:00:00,5993.0,20-30
4560,Company of Heroes - Legacy Edition,36.99,1184655600.0,8,False,6798,490,7288,Very Positive,0.9327661909989023,2007-07-17 07:00:00,6966.0,30-40
7830,Men of War™,4.99,1241636640.0,5,False,3465,387,3852,Very Positive,0.8995327102803738,2009-05-06 19:04:00,6306.0,<5
3130,Men of War: Red Tide,4.99,1257130440.0,3,False,773,140,913,Very Positive,0.8466593647316539,2009-11-02 02:54:00,6127.0,<5
46000,Bob Came in Pieces,9.99,1264196880.0,4,False,75,35,110,Mixed,0.6818181818181818,2010-01-22 21:48:00,6045.0,5-10
7200,Trackmania United Forever,29.99,1208329200.0,4,False,2644,146,2790,Very Positive,0.9476702508960574,2008-04-16 07:00:00,6692.0,20-30
3830,Psychonauts,9.99,1160571600.0,8,False,18208,966,19174,Very Positive,0.9496192761030562,2006-10-11 13:00:00,7245.0,5-10
8880,Freedom Force,4.99,1243630800.0,1,False,309,238,547,Mixed,0.5648994515539305,2009-05-29 21:00:00,6283.0,<5
8890,Freedom Force vs. the Third Reich,4.99,1243630800.0,1,False,270,44,314,Very Positive,0.8598726114649682,2009-05-29 21:00:00,6283.0,<5
7760,X-COM: UFO Defense,4.99,1220511600.0,2,False,3786,199,3985,Overwhelmingly Positive,0.9500627352572145,2008-09-04 07:00:00,6551.0,<5
7660,X-COM: Apocalypse,4.99,1220511600.0,2,False,843,109,952,Very Positive,0.8855042016806722,2008-09-04 07:00:00,6551.0,<5
7650,X-COM: Terror From the Deep,4.99,1178316120.0,2,False,851,88,939,Very Positive,0.906283280085197,2007-05-04 22:02:00,7039.0,<5
7770,X-COM: Enforcer,4.99,1220511600.0,1,False,271,200,471,Mixed,0.5753715498938429,2008-09-04 07:00:00,6551.0,<5
7730,X-COM: Interceptor,4.99,1220511600.0,1,False,125,100,225,Mixed,0.5555555555555556,2008-09-04 07:00:00,6551.0,<5
38700,Toki Tori,4.99,1264720740.0,5,False,1874,260,2134,Very Positive,0.8781630740393627,2010-01-28 23:19:00,6039.0,<5
23450,Grand Ages: Rome,14.99,1237543200.0,6,False,611,201,812,Mostly Positive,0.7524630541871922,2009-03-20 10:00:00,6354.0,10-20
38230,Hotel Giant 2,7.99,1264615260.0,1,False,142,168,310,Mixed,0.45806451612903226,2010-01-27 18:01:00,6040.0,5-10
10150,Prototype™,19.99,1244653200.0,19,False,11350,2762,14112,Very Positive,0.8042800453514739,2009-06-10 17:00:00,6272.0,10-20
13520,Far Cry®,9.99,1207069200.0,8,False,9581,2132,11713,Very Positive,0.8179800221975583,2008-04-01 17:00:00,6707.0,5-10
22300,Fallout 3,9.99,1225213200.0,32,False,18027,4096,22123,Very Positive,0.814853320074131,2008-10-28 17:00:00,6497.0,5-10
41700,S.T.A.L.K.E.R.: Call of Pripyat,19.99,1265930340.0,40,False,30034,1354,31388,Overwhelmingly Positive,0.9568624952211036,2010-02-11 23:19:00,6025.0,10-20
16450,F.E.A.R. 2: Project Origin,14.99,1234458000.0,22,False,8019,1443,9462,Very Positive,0.8474952441344324,2009-02-12 17:00:00,6390.0,10-20
9460,Frontlines™: Fuel of War™,19.99,1204308000.0,5,False,730,338,1068,Mixed,0.6835205992509363,2008-02-29 18:00:00,6738.0,10-20
4570,"Warhammer 40,000: Dawn of War - Anniversary Edition (Classic)",14.99,1186470000.0,14,False,11266,642,11908,Very Positive,0.9460866644272757,2007-08-07 07:00:00,6945.0,10-20
9480,Saints Row 2,9.99,1231347600.0,14,False,16426,5245,21671,Mostly Positive,0.7579714826265516,2009-01-07 17:00:00,6426.0,5-10
20530,Red Faction,9.99,1249519500.0,3,False,2559,407,2966,Very Positive,0.8627781523937964,2009-08-06 00:45:00,6215.0,5-10
20550,Red Faction II,9.99,1249591680.0,3,False,662,615,1277,Mixed,0.5184025058731402,2009-08-06 20:48:00,6214.0,5-10
4530,Full Spectrum Warrior: Ten Hammers,9.99,1184655600.0,1,False,173,67,240,Mostly Positive,0.7208333333333333,2007-07-17 07:00:00,6966.0,5-10
4520,Full Spectrum Warrior,9.99,1184655600.0,1,False,243,90,333,Mostly Positive,0.7297297297297297,2007-07-17 07:00:00,6966.0,5-10
11200,Shadowgrounds Survivor,9.99,1195066800.0,2,False,496,312,808,Mixed,0.6138613861386139,2007-11-14 19:00:00,6845.0,5-10
40100,Supreme Commander 2,12.99,1267505580.0,60,False,11414,1523,12937,Very Positive,0.8822756435031306,2010-03-02 04:53:00,6007.0,10-20
2500,Shadowgrounds,6.99,1147071600.0,2,False,1321,300,1621,Very Positive,0.8149290561381863,2006-05-08 07:00:00,7401.0,5-10
33230,Assassin's Creed 2,19.99,1268157600.0,94,False,54659,6435,61094,Very Positive,0.8946705077421678,2010-03-09 18:00:00,5999.0,10-20
46250,NecroVisioN: Lost Company,6.99,1266598740.0,2,False,507,207,714,Mostly Positive,0.7100840336134454,2010-02-19 16:59:00,6018.0,5-10
39550,SpellForce 2 - Anniversary Edition,14.99,1256840520.0,5,False,1020,336,1356,Mostly Positive,0.7522123893805309,2009-10-29 18:22:00,6130.0,10-20
39540,SpellForce - Platinum Edition,9.99,1257279780.0,4,False,2564,346,2910,Very Positive,0.8810996563573883,2009-11-03 20:23:00,6125.0,5-10
46260,Star Wolves 3: Civil War,4.99,1267574400.0,2,False,592,144,736,Very Positive,0.8043478260869565,2010-03-03 00:00:00,6006.0,<5
42850,Arsenal of Democracy: A Hearts of Iron Game,9.99,1266971640.0,1,False,331,60,391,Very Positive,0.8465473145780051,2010-02-24 00:34:00,6013.0,5-10
46270,Star Wolves,3.99,1267580040.0,1,False,391,73,464,Very Positive,0.8426724137931034,2010-03-03 01:34:00,6006.0,<5
46280,Star Wolves 2,3.99,1267579140.0,1,False,65,100,165,Mostly Negative,0.3939393939393939,2010-03-03 01:19:00,6006.0,<5
48110,Silent Hunter 5®: Battle of the Atlantic,9.99,1267658640.0,11,False,1127,1397,2524,Mixed,0.446513470681458,2010-03-03 23:24:00,6005.0,5-10
8190,Just Cause 2,14.99,1269327600.0,114,False,46671,4863,51534,Very Positive,0.9056351146815694,2010-03-23 07:00:00,5986.0,10-20
27810,Gridrunner Revolution,9.99,1266886260.0,1,False,71,14,85,Very Positive,0.8352941176470589,2010-02-23 00:51:00,6014.0,5-10
27800,Space Giraffe,9.99,1237496400.0,1,False,64,23,87,Mostly Positive,0.735632183908046,2009-03-19 21:00:00,6354.0,5-10
6860,Hitman: Blood Money,9.99,1173942000.0,17,False,15038,948,15986,Very Positive,0.9406981108469911,2007-03-15 07:00:00,7090.0,5-10
6920,Deus Ex: Invisible War,6.99,1175206320.0,10,False,1431,1063,2494,Mixed,0.5737770649558942,2007-03-29 22:12:00,7075.0,5-10
44100,Super Laser  Racer,4.99,1266538800.0,1,False,88,16,104,Very Positive,0.8461538461538461,2010-02-19 00:20:00,6018.0,<5
6850,Hitman 2: Silent Assassin,8.99,1173942000.0,10,False,4004,871,4875,Very Positive,0.8213333333333334,2007-03-15 07:00:00,7090.0,5-10
6900,Hitman: Codename 47,7.99,1173942000.0,10,False,3588,1485,5073,Mostly Positive,0.7072738024837374,2007-03-15 07:00:00,7090.0,5-10
34190,Sonic & SEGA All-Stars Racing,9.99,1267633740.0,4,False,3067,445,3512,Very Positive,0.8732915717539863,2010-03-03 16:29:00,6006.0,5-10
6600,Bullet Candy,4.99,1171492200.0,1,False,43,42,85,Mixed,0.5058823529411764,2007-02-14 22:30:00,7118.0,<5
6880,Just Cause,6.99,1173942000.0,3,False,3513,1790,5303,Mixed,0.6624552140297945,2007-03-15 07:00:00,7090.0,5-10
35000,Mini Ninjas,9.99,1252429260.0,4,False,4300,495,4795,Very Positive,0.8967674661105318,2009-09-08 17:01:00,6182.0,5-10
23380,Gyromancer,5.99,1258568520.0,1,False,182,166,348,Mixed,0.5229885057471264,2009-11-18 18:22:00,6110.0,5-10
8000,Tomb Raider: Anniversary,8.99,1181062800.0,7,False,6022,1356,7378,Very Positive,0.8162103551097859,2007-06-05 17:00:00,7008.0,5-10
8140,Tomb Raider: Underworld,8.99,1227286800.0,8,False,5251,1608,6859,Mostly Positive,0.7655634932205861,2008-11-21 17:00:00,6473.0,5-10
21970,R.U.S.E.™,29.99,1284073200.0,47,False,4325,198,4523,Overwhelmingly Positive,0.9562237453017909,2010-09-09 23:00:00,5815.0,20-30
7000,Tomb Raider: Legend,6.99,1175206500.0,7,False,5310,757,6067,Very Positive,0.8752266358991264,2007-03-29 22:15:00,7075.0,5-10
34600,Order of War™,7.99,1253236920.0,4,False,482,199,681,Mostly Positive,0.7077826725403817,2009-09-18 01:22:00,6172.0,5-10
3700,Sniper Elite,7.99,1247774100.0,8,False,3167,1005,4172,Mostly Positive,0.7591083413231065,2009-07-16 19:55:00,6235.0,5-10
47700,Command & Conquer™ 4 Tiberian Twilight,6.96,1268768580.0,27,False,828,4189,5017,Overwhelmingly Negative,0.16503886784931235,2010-03-16 19:43:00,5992.0,5-10
42120,Lead and Gold: Gangs of the Wild West,9.99,1270760400.0,22,False,1580,627,2207,Mostly Positive,0.7159039420027187,2010-04-08 21:00:00,5969.0,5-10
20820,Shatter,1.99,1268692980.0,8,False,1248,87,1335,Very Positive,0.9348314606741573,2010-03-15 22:43:00,5993.0,<5
48700,Mount & Blade: Warband,19.99,1270038540.0,219,False,167889,3926,171815,Overwhelmingly Positive,0.9771498413991794,2010-03-31 12:29:00,5978.0,10-20
46410,Avencast: Rise of the Mage,4.99,1268847840.0,3,False,496,223,719,Mixed,0.6898470097357441,2010-03-17 17:44:00,5992.0,<5
2200,Quake III Arena,14.99,1186183800.0,6,False,3914,171,4085,Overwhelmingly Positive,0.958139534883721,2007-08-03 23:30:00,6948.0,10-20
2320,Quake II,9.99,1186183800.0,3,False,9797,480,10277,Overwhelmingly Positive,0.9532937627712368,2007-08-03 23:30:00,6948.0,5-10
2310,Quake,9.99,1186183800.0,4,False,15304,561,15865,Overwhelmingly Positive,0.9646391427670974,2007-08-03 23:30:00,6948.0,5-10
34010,Alpha Protocol™,19.99,1275414180.0,18,False,4154,946,5100,Very Positive,0.8145098039215686,2010-06-01 17:43:00,5916.0,10-20
564310,Serious Sam Fusion 2017 (beta),14.99,0.0,14,False,5140,399,5539,Very Positive,0.9279653367033761,1970-01-01 00:00:00,20677.0,10-20
227560,Scourge: Outbreak,5.99,1396458300.0,2,False,382,212,594,Mixed,0.6430976430976431,2014-04-02 17:05:00,4515.0,5-10
40930,The Misadventures of P.B. Winterbottom,4.99,1271782200.0,6,False,406,57,463,Very Positive,0.8768898488120951,2010-04-20 16:50:00,5958.0,<5
49600,Beat Hazard,9.99,1271352420.0,19,False,7045,400,7445,Very Positive,0.9462726662189389,2010-04-15 17:27:00,5963.0,5-10
25700,Madballs in Babo:Invasion,4.99,1253217600.0,2,False,250,48,298,Very Positive,0.8389261744966443,2009-09-17 20:00:00,6172.0,<5
6840,Commandos 3: Destination Berlin,4.99,1173942000.0,3,False,706,428,1134,Mixed,0.6225749559082893,2007-03-15 07:00:00,7090.0,<5
6800,Commandos: Behind Enemy Lines,4.99,1173942000.0,1,False,3625,398,4023,Very Positive,0.9010688540889883,2007-03-15 07:00:00,7090.0,<5
6810,Commandos: Beyond the Call of Duty,4.99,1173942000.0,1,False,987,128,1115,Very Positive,0.885201793721973,2007-03-15 07:00:00,7090.0,<5
6830,Commandos 2: Men of Courage,4.99,1173942000.0,3,False,2418,400,2818,Very Positive,0.85805535841022,2007-03-15 07:00:00,7090.0,<5
45400,Fortix,0.99,1271264400.0,1,False,872,72,944,Very Positive,0.923728813559322,2010-04-14 17:00:00,5964.0,<5
13560,Tom Clancy's Splinter Cell®,9.99,1207069200.0,6,False,3506,488,3994,Very Positive,0.8778167250876314,2008-04-01 17:00:00,6707.0,5-10
33220,Tom Clancy's Splinter Cell Conviction™,9.99,1272388620.0,61,False,3715,1433,5148,Mostly Positive,0.7216394716394716,2010-04-27 17:17:00,5951.0,5-10
27920,Booster Trooper,1.99,1272061140.0,4,False,94,106,200,Mixed,0.47,2010-04-23 22:19:00,5954.0,<5
43500,M.U.D. TV,9.99,1271702940.0,6,False,78,112,190,Mixed,0.4105263157894737,2010-04-19 18:49:00,5958.0,5-10
13580,Tom Clancy's Splinter Cell Double Agent®,9.99,1234564200.0,6,False,681,1244,1925,Mostly Negative,0.3537662337662338,2009-02-13 22:30:00,6388.0,5-10
12130,Manhunt,9.99,1199469240.0,2,False,6688,2723,9411,Mostly Positive,0.7106577409414515,2008-01-04 17:54:00,6794.0,5-10
12200,Bully: Scholarship Edition,14.99,1224622800.0,9,False,35244,6483,41727,Very Positive,0.8446329714573297,2008-10-21 21:00:00,6503.0,10-20
268540,The Whispered World Special Edition,19.99,1399401324.0,3,False,1636,524,2160,Mostly Positive,0.7574074074074074,2014-05-06 18:35:24,4480.0,10-20
2810,X3: Reunion,9.99,1153465200.0,5,False,531,206,737,Mostly Positive,0.7204884667571235,2006-07-21 07:00:00,7327.0,5-10
46730,Hazen: The Dark Whispers,8.99,1272478440.0,1,False,13,42,55,Mostly Negative,0.23636363636363636,2010-04-28 18:14:00,5949.0,5-10
55000,Flotilla,9.99,1272561360.0,4,False,200,43,243,Very Positive,0.823045267489712,2010-04-29 17:16:00,5949.0,5-10
8930,Sid Meier's Civilization® V,29.99,1285077060.0,440,False,201161,9252,210413,Overwhelmingly Positive,0.9560293327883733,2010-09-21 13:51:00,5804.0,20-30
3990,Civilization IV®: Warlords,4.99,1175907180.0,2,False,496,53,549,Very Positive,0.9034608378870674,2007-04-07 00:53:00,7067.0,<5
19030,Rocket Knight,14.99,1273622400.0,2,False,130,47,177,Mostly Positive,0.7344632768361582,2010-05-12 00:00:00,5936.0,10-20
3910,Sid Meier's Civilization® III Complete,4.99,1161759600.0,1,False,6936,818,7754,Very Positive,0.8945060613876709,2006-10-25 07:00:00,7231.0,<5
21980,Call of Juarez: Bound in Blood,9.99,1246556400.0,10,False,4401,653,5054,Very Positive,0.870795409576573,2009-07-02 17:40:00,6250.0,5-10
18700,And Yet It Moves,9.99,1238691600.0,2,False,938,396,1334,Mostly Positive,0.7031484257871065,2009-04-02 17:00:00,6341.0,5-10
49800,Flight of the Icarus,4.99,1273690800.0,2,False,105,148,253,Mixed,0.4150197628458498,2010-05-12 19:00:00,5935.0,<5
31210,Tales of Monkey Island Complete Pack: Chapter 5 - Rise of the Pirate God,14.99,1260388380.0,3,False,189,22,211,Very Positive,0.8957345971563981,2009-12-09 19:53:00,6089.0,10-20
31180,Tales of Monkey Island Complete Pack: Chapter 2 - The Siege of Spinner Cay,14.99,1250751600.0,3,False,173,19,192,Very Positive,0.9010416666666666,2009-08-20 07:00:00,6201.0,10-20
31190,Tales of Monkey Island Complete Pack: Chapter 3 - Lair of the Leviathan,14.99,1254207600.0,3,False,155,15,170,Very Positive,0.9117647058823529,2009-09-29 07:00:00,6161.0,10-20
31200,Tales of Monkey Island Complete Pack: Chapter 4 - The Trial and Execution of Guybrush Threepwood,14.99,1256931180.0,3,False,153,36,189,Very Positive,0.8095238095238095,2009-10-30 19:33:00,6129.0,10-20
31170,Tales of Monkey Island: Complete Season,14.99,1246950000.0,3,False,710,94,804,Very Positive,0.8830845771144279,2009-07-07 07:00:00,6245.0,10-20
21090,F.E.A.R.,9.99,1274476380.0,13,False,18180,1236,19416,Very Positive,0.9363411619283065,2010-05-21 21:13:00,5926.0,5-10
8400,Geometry Wars: Retro Evolved,3.99,1182207600.0,1,False,1012,97,1109,Very Positive,0.9125338142470695,2007-06-18 23:00:00,6994.0,<5
10460,The Club™,14.99,1203548400.0,1,False,118,80,198,Mixed,0.5959595959595959,2008-02-20 23:00:00,6747.0,10-20
25980,Majesty 2,9.99,1253203140.0,9,False,892,404,1296,Mixed,0.6882716049382716,2009-09-17 15:59:00,6173.0,5-10
32470,STAR WARS™ Empire at War - Gold Pack,19.99,1274833680.0,28,False,41991,974,42965,Overwhelmingly Positive,0.9773303851972536,2010-05-26 00:28:00,5922.0,10-20
34830,Sniper: Ghost Warrior,7.99,1277395200.0,41,False,5137,3640,8777,Mixed,0.5852797083285861,2010-06-24 16:00:00,5893.0,5-10
22610,Alien Breed: Impact,9.99,1275584700.0,8,False,1415,485,1900,Mostly Positive,0.7447368421052631,2010-06-03 17:05:00,5914.0,5-10
33320,Prince of Persia: The Forgotten Sands™,9.99,1276016400.0,13,False,2133,879,3012,Mostly Positive,0.7081673306772909,2010-06-08 17:00:00,5909.0,5-10
13500,Prince of Persia: Warrior Within™,9.99,1227294000.0,6,False,3400,705,4105,Very Positive,0.8282582216808769,2008-11-21 19:00:00,6472.0,5-10
13600,Prince of Persia®: The Sands of Time,9.99,1227297660.0,7,False,4489,753,5242,Very Positive,0.8563525371995422,2008-11-21 20:01:00,6472.0,5-10
6010,Indiana Jones® and the Fate of Atlantis™,5.99,1247071740.0,1,False,1449,97,1546,Very Positive,0.9372574385510997,2009-07-08 16:49:00,6244.0,5-10
6040,The Dig®,5.99,1247072340.0,1,False,1171,103,1274,Very Positive,0.9191522762951334,2009-07-08 16:59:00,6244.0,5-10
32340,LOOM™,5.99,1247072160.0,1,False,637,75,712,Very Positive,0.8946629213483146,2009-07-08 16:56:00,6244.0,5-10
32310,Indiana Jones® and the Last Crusade™,5.99,1247071860.0,1,False,292,84,376,Mostly Positive,0.776595744680851,2009-07-08 16:51:00,6244.0,5-10
60800,Numen: Contest of Heroes,7.99,1275601020.0,4,False,102,102,204,Mixed,0.5,2010-06-03 21:37:00,5913.0,5-10
42890,Sword of the Stars: Complete Collection,9.99,1275678240.0,5,False,622,87,709,Very Positive,0.8772919605077574,2010-06-04 19:04:00,5912.0,5-10
22380,Fallout: New Vegas,9.99,1287474420.0,292,False,249883,10447,260330,Overwhelmingly Positive,0.9598701647908424,2010-10-19 07:47:00,5776.0,5-10
22500,Spectromancer,6.99,1234393200.0,2,False,332,47,379,Very Positive,0.8759894459102903,2009-02-11 23:00:00,6390.0,5-10
33680,eversion,4.99,1275929280.0,1,False,1233,117,1350,Very Positive,0.9133333333333333,2010-06-07 16:48:00,5910.0,<5
42500,DogFighter,3.99,1276543380.0,6,False,265,169,434,Mixed,0.6105990783410138,2010-06-14 19:23:00,5902.0,<5
47790,Medal of Honor™,19.99,1286900040.0,45,False,8555,2587,11142,Mostly Positive,0.7678154729851014,2010-10-12 16:14:00,5783.0,10-20
17410,Mirror's Edge™,19.99,1231920000.0,18,False,34450,4833,39283,Very Positive,0.8769696815416338,2009-01-14 08:00:00,6419.0,10-20
24720,SPORE™ Galactic Adventures,19.99,1245776400.0,10,False,6928,819,7747,Very Positive,0.8942816574157738,2009-06-23 17:00:00,6259.0,10-20
17440,SPORE™ Creepy & Cute Parts Pack,19.99,1229673600.0,10,False,1955,233,2188,Very Positive,0.893510054844607,2008-12-19 08:00:00,6445.0,10-20
2630,Call of Duty® 2,19.99,1160784120.0,4,False,10737,727,11464,Very Positive,0.9365840893230984,2006-10-14 00:02:00,7242.0,10-20
2620,Call of Duty® (2003),19.99,1160759400.0,3,False,7346,417,7763,Very Positive,0.9462836532268453,2006-10-13 17:10:00,7243.0,10-20
2640,Call of Duty: United Offensive,19.99,1160784180.0,3,False,2093,315,2408,Very Positive,0.8691860465116279,2006-10-14 00:03:00,7242.0,10-20
12810,Overlord II,9.99,1245740400.0,8,False,4415,549,4964,Very Positive,0.8894037066881547,2009-06-23 07:00:00,6259.0,5-10
12710,Overlord™: Raising Hell,9.99,1204239600.0,7,False,2402,182,2584,Very Positive,0.9295665634674922,2008-02-28 23:00:00,6739.0,5-10
32460,Monkey Island™ 2 Special Edition: LeChuck’s Revenge™,9.99,1278529560.0,22,False,2844,147,2991,Overwhelmingly Positive,0.950852557673019,2010-07-07 19:06:00,5879.0,5-10
22200,Zeno Clash,9.99,1240336800.0,3,False,2772,433,3205,Very Positive,0.8648985959438378,2009-04-21 18:00:00,6321.0,5-10
11450,Overlord™,4.99,1193432400.0,5,False,6290,436,6726,Very Positive,0.9351769253642581,2007-10-26 21:00:00,6864.0,<5
39500,Gothic® 3,19.99,1259803020.0,8,False,10061,2270,12331,Very Positive,0.8159111183196821,2009-12-03 01:17:00,6096.0,10-20
1520,DEFCON,29.99,1159552800.0,2,False,3775,548,4323,Very Positive,0.87323617857969,2006-09-29 18:00:00,7256.0,20-30
33930,Arma 2: Operation Arrowhead,19.99,1277829000.0,220,False,20558,1685,22243,Very Positive,0.9242458301488109,2010-06-29 16:30:00,5888.0,10-20
6980,Thief: Deadly Shadows,8.99,1175205600.0,9,False,2101,497,2598,Very Positive,0.8086989992301771,2007-03-29 22:00:00,7075.0,5-10
42670,Singularity™,29.99,1277942280.0,10,False,5501,414,5915,Very Positive,0.9300084530853762,2010-06-30 23:58:00,5886.0,20-30
12360,FlatOut: Ultimate Carnage Collector's Edition,19.99,1219734000.0,4,False,6912,766,7678,Very Positive,0.9002344360510549,2008-08-26 07:00:00,6560.0,10-20
37000,The Void,9.99,1260905460.0,2,False,962,233,1195,Very Positive,0.8050209205020921,2009-12-15 19:31:00,6083.0,5-10
21130,LEGO® Harry Potter: Years 1-4,19.99,1277492880.0,7,False,8262,1228,9490,Very Positive,0.8706006322444678,2010-06-25 19:08:00,5891.0,10-20
21680,Bionic Commando: Rearmed,9.99,1248796800.0,2,False,700,462,1162,Mixed,0.6024096385542169,2009-07-28 16:00:00,6224.0,5-10
1200,Red Orchestra: Ostfront 41-45,4.99,1142323200.0,3,False,2221,317,2538,Very Positive,0.8750985027580772,2006-03-14 08:00:00,7456.0,<5
21670,Bionic Commando,9.99,1248796800.0,1,False,1346,502,1848,Mostly Positive,0.7283549783549783,2009-07-28 16:00:00,6224.0,5-10
39660,The Guild II - Pirates of the European Seas,9.99,1277405160.0,3,False,191,75,266,Mostly Positive,0.7180451127819549,2010-06-24 18:46:00,5892.0,5-10
39650,The Guild II,9.99,1277405100.0,3,False,599,244,843,Mostly Positive,0.7105575326215896,2010-06-24 18:45:00,5892.0,5-10
31270,Puzzle Agent,4.99,1278534120.0,3,False,2526,309,2835,Very Positive,0.891005291005291,2010-07-07 20:22:00,5879.0,<5
58400,Turba,4.99,1278436140.0,1,False,51,94,145,Mostly Negative,0.35172413793103446,2010-07-06 17:09:00,5881.0,<5
46370,Rig n Roll,4.99,1278702840.0,2,False,355,253,608,Mixed,0.5838815789473685,2010-07-09 19:14:00,5877.0,<5
46340,Theatre of War 2: Africa 1943,4.99,1278703980.0,3,False,196,89,285,Mixed,0.6877192982456141,2010-07-09 19:33:00,5877.0,<5
33670,Disciples III - Renaissance Steam Special Edition,9.99,1279299600.0,12,False,278,264,542,Mixed,0.5129151291512916,2010-07-16 17:00:00,5871.0,5-10
25620,Eschalon: Book II,5.99,1278961020.0,1,False,120,23,143,Very Positive,0.8391608391608392,2010-07-12 18:57:00,5874.0,5-10
46440,Future Wars,4.99,1279213680.0,1,False,93,216,309,Mostly Negative,0.30097087378640774,2010-07-15 17:08:00,5872.0,<5
46380,Reign: Conflict of Nations,3.99,1278952140.0,1,False,63,65,128,Mixed,0.4921875,2010-07-12 16:29:00,5875.0,<5
46360,Theatre of War 2: Kursk 1943,4.99,1278705240.0,2,False,158,76,234,Mixed,0.6752136752136753,2010-07-09 19:54:00,5877.0,<5
6060,"STAR WARS™ Battlefront II (Classic, 2005)",9.99,1247072040.0,25,False,51288,2931,54219,Very Positive,0.945941459635921,2009-07-08 16:54:00,6244.0,5-10
50130,Mafia II (Classic),29.99,1300813200.0,59,False,54839,3622,58461,Very Positive,0.9380441661962676,2011-03-22 17:00:00,5622.0,20-30
24780,SimCity™ 4 Deluxe Edition,19.99,1279642920.0,80,False,8061,1744,9805,Very Positive,0.822131565527792,2010-07-20 16:22:00,5867.0,10-20
40990,Mafia,14.99,,12,False,14223,2030,16253,Very Positive,0.8750999815418692,,,10-20
25930,East India Company,9.99,1249070400.0,1,False,114,101,215,Mixed,0.5302325581395348,2009-07-31 20:00:00,6220.0,5-10
40300,Risen,14.99,1254503700.0,14,False,9564,1206,10770,Very Positive,0.8880222841225627,2009-10-02 17:15:00,6158.0,10-20
221180,Eufloria HD,6.9,1413320606.0,6,False,778,101,879,Very Positive,0.8850967007963595,2014-10-14 21:03:26,4319.0,5-10
49300,Commander: Conquest of the Americas,9.99,1280518800.0,6,False,98,91,189,Mixed,0.5185185185185185,2010-07-30 19:40:00,5856.0,5-10
28000,Kane & Lynch 2: Dog Days,9.99,1282064400.0,19,False,6512,3197,9709,Mixed,0.6707178906169533,2010-08-17 17:00:00,5839.0,5-10
34920,Razor2: Hidden Skies,7.99,1279562460.0,1,False,61,174,235,Mostly Negative,0.25957446808510637,2010-07-19 18:01:00,5867.0,5-10
22600,Worms Reloaded,19.99,1282838400.0,44,False,4441,648,5089,Very Positive,0.8726665356651602,2010-08-26 16:00:00,5830.0,10-20
39680,The Guild II Renaissance,9.99,1280332440.0,5,False,3490,690,4180,Very Positive,0.8349282296650717,2010-07-28 15:54:00,5859.0,5-10
63610,Riven (1997),5.99,1280957100.0,1,False,1273,152,1425,Very Positive,0.8933333333333333,2010-08-04 21:25:00,5851.0,5-10
63620,Cosmic Osmo and the Worlds Beyond the Mackerel,5.99,,1,False,92,24,116,Mostly Positive,0.7931034482758621,,,5-10
63630,The Manhole: Masterpiece Edition,5.99,0.0,1,False,54,21,75,Mostly Positive,0.72,1970-01-01 00:00:00,20677.0,5-10
63640,Spelunx and the Caves of Mr. Seudo,5.99,0.0,1,False,34,20,54,Mixed,0.6296296296296297,1970-01-01 00:00:00,20677.0,5-10
63650,URU: Complete Chronicles,9.99,1280890200.0,1,False,146,43,189,Mostly Positive,0.7724867724867724,2010-08-04 02:50:00,5852.0,5-10
63110,Alter Ego,9.99,1280871360.0,1,False,197,89,286,Mixed,0.6888111888111889,2010-08-03 21:36:00,5852.0,5-10
39800,Nation Red,2.99,1252015200.0,6,False,2464,319,2783,Very Positive,0.8853754940711462,2009-09-03 22:00:00,6186.0,<5
42960,Victoria II,19.99,1283212380.0,19,False,18412,1571,19983,Very Positive,0.9213831756993445,2010-08-30 23:53:00,5825.0,10-20
42980,Victoria I Complete,9.99,1282335540.0,4,False,189,79,268,Mostly Positive,0.7052238805970149,2010-08-20 20:19:00,5835.0,5-10
50510,Burn Zombie Burn!,9.99,1281637740.0,2,False,79,108,187,Mixed,0.42245989304812837,2010-08-12 18:29:00,5843.0,5-10
2280,DOOM + DOOM II,9.99,1186183800.0,2,False,27786,968,28754,Overwhelmingly Positive,0.9663351185921959,2007-08-03 23:30:00,6948.0,5-10
22340,Call of Cthulhu®: Dark Corners of the Earth,4.99,1245168000.0,3,False,2266,1083,3349,Mixed,0.6766198865332935,2009-06-16 16:00:00,6266.0,<5
9010,Return to Castle Wolfenstein,4.99,1186183800.0,4,False,8563,655,9218,Very Positive,0.9289433716641354,2007-08-03 23:30:00,6948.0,<5
22310,Rogue Warrior,4.99,1259688540.0,2,False,1110,556,1666,Mixed,0.6662665066026411,2009-12-01 17:29:00,6098.0,<5
9180,Commander Keen,4.99,1186183800.0,2,False,1467,102,1569,Very Positive,0.9349904397705545,2007-08-03 23:30:00,6948.0,<5
2270,Wolfenstein 3D,4.99,1186183800.0,2,False,4036,289,4325,Very Positive,0.9331791907514451,2007-08-03 23:30:00,6948.0,<5
9060,HeXen II,4.99,1186183800.0,2,False,481,132,613,Mostly Positive,0.7846655791190864,2007-08-03 23:30:00,6948.0,<5
22450,Hunted: The Demon’s Forge™,4.99,1306783260.0,9,False,1070,344,1414,Mostly Positive,0.7567185289957568,2011-05-30 19:21:00,5552.0,<5
39690,ArcaniA,19.99,1287160200.0,16,False,1800,1455,3255,Mixed,0.5529953917050692,2010-10-15 16:30:00,5780.0,10-20
36000,Foreign Legion: Buckets of Blood,3.99,1249423200.0,1,False,200,119,319,Mixed,0.6269592476489029,2009-08-04 22:00:00,6216.0,<5
46600,Swarm Arena,1.99,1282246200.0,2,False,44,19,63,Mixed,0.6984126984126984,2010-08-19 19:30:00,5836.0,<5
50620,Darksiders™,19.99,1285275600.0,48,False,11485,1409,12894,Very Positive,0.890724367923065,2010-09-23 21:00:00,5801.0,10-20
45740,Dead Rising® 2,19.99,1285646400.0,32,False,6873,1941,8814,Mostly Positive,0.779782164737917,2010-09-28 04:00:00,5797.0,10-20
48800,Ship Simulator Extremes,19.99,1282925940.0,9,False,1181,1118,2299,Mixed,0.5137016093953893,2010-08-27 16:19:00,5829.0,10-20
57200,Puzzle Dimension,9.99,1277136000.0,2,False,446,51,497,Very Positive,0.89738430583501,2010-06-21 16:00:00,5896.0,5-10
46770,Making History II: The War of the World,14.99,1282943520.0,1,False,318,81,399,Mostly Positive,0.7969924812030075,2010-08-27 21:12:00,5828.0,10-20
70400,Recettear: An Item Shop's Tale,19.99,1287179640.0,23,False,7210,300,7510,Overwhelmingly Positive,0.9600532623169108,2010-10-15 21:54:00,5779.0,10-20
57300,Amnesia: The Dark Descent,19.99,1283965200.0,122,False,33638,1925,35563,Very Positive,0.9458707083204454,2010-09-08 17:00:00,5817.0,10-20
62100,Chime,4.99,1283792400.0,4,False,738,49,787,Very Positive,0.9377382465057179,2010-09-06 17:00:00,5819.0,<5
57620,Patrician IV,29.99,1284751500.0,13,False,431,335,766,Mixed,0.5626631853785901,2010-09-17 19:25:00,5807.0,20-30
4850,Cossacks: Back to War,4.99,1283467380.0,1,False,2628,340,2968,Very Positive,0.8854447439353099,2010-09-02 22:43:00,5822.0,<5
70300,VVVVVV,4.99,1283907000.0,5,False,10121,402,10523,Overwhelmingly Positive,0.9617979663594032,2010-09-08 00:50:00,5817.0,<5
63910,King's Bounty: Crossworlds,14.99,1284754020.0,10,False,1501,134,1635,Very Positive,0.9180428134556575,2010-09-17 20:07:00,5807.0,10-20
22180,Penumbra Overture,9.99,1236380400.0,2,False,3754,394,4148,Very Positive,0.9050144648023144,2009-03-06 23:00:00,6367.0,5-10
70110,Hacker Evolution: Untold,2.99,1284488040.0,2,False,276,179,455,Mixed,0.6065934065934065,2010-09-14 18:14:00,5810.0,<5
70100,Hacker Evolution,2.99,1284488040.0,1,False,702,348,1050,Mixed,0.6685714285714286,2010-09-14 18:14:00,5810.0,<5
6030,STAR WARS™ Jedi Knight II - Jedi Outcast™,9.99,1253124900.0,9,False,4494,441,4935,Very Positive,0.9106382978723404,2009-09-16 18:15:00,6173.0,5-10
6000,STAR WARS™ Republic Commando™,9.99,1247072220.0,7,False,16364,748,17112,Overwhelmingly Positive,0.9562879850397382,2009-07-08 16:57:00,6244.0,5-10
9940,Blade Kitten,4.99,1400744160.0,2,False,904,184,1088,Very Positive,0.8308823529411765,2014-05-22 07:36:00,4465.0,<5
32380,STAR WARS™ Jedi Knight: Dark Forces II,5.99,1253124720.0,5,False,1826,431,2257,Very Positive,0.8090385467434648,2009-09-16 18:12:00,6173.0,5-10
32350,STAR WARS™ Starfighter™,5.99,1247072280.0,2,False,390,322,712,Mixed,0.547752808988764,2009-07-08 16:58:00,6244.0,5-10
35130,Lara Croft and the Guardian of Light,9.99,1285693200.0,31,False,4364,407,4771,Very Positive,0.9146929364913016,2010-09-28 17:00:00,5797.0,5-10
43000,Front Mission Evolved,9.99,1285657260.0,13,False,759,461,1220,Mixed,0.6221311475409836,2010-09-28 07:01:00,5797.0,5-10
22650,Alien Breed 2: Assault,9.99,1285173420.0,3,False,741,309,1050,Mostly Positive,0.7057142857142857,2010-09-22 16:37:00,5803.0,5-10
70900,Star Ruler,7.99,1285025700.0,4,False,281,59,340,Very Positive,0.8264705882352941,2010-09-20 23:35:00,5804.0,5-10
41060,Serious Sam Classic: The Second Encounter,5.99,1567180568.0,2,False,1967,81,2048,Overwhelmingly Positive,0.96044921875,2019-08-30 15:56:08,2539.0,5-10
227780,Serious Sam Classics: Revolution,9.99,1567180577.0,2,False,3418,384,3802,Very Positive,0.8990005260389269,2019-08-30 15:56:17,2539.0,5-10
41050,Serious Sam Classic: The First Encounter,5.99,1567180573.0,2,False,3305,146,3451,Overwhelmingly Positive,0.9576934221964648,2019-08-30 15:56:13,2539.0,5-10
63800,Delve Deeper,4.99,1285347780.0,2,False,254,165,419,Mixed,0.6062052505966588,2010-09-24 17:03:00,5801.0,<5
40350,Lost Horizon,19.99,1285353300.0,3,False,502,52,554,Very Positive,0.9061371841155235,2010-09-24 18:35:00,5800.0,10-20
32150,Everyday Genius: SquareLogic,4.99,1256145900.0,1,False,436,7,443,Very Positive,0.9841986455981941,2009-10-21 17:25:00,6139.0,<5
18040,DeathSpank,14.99,1288051200.0,13,False,937,54,991,Very Positive,0.9455095862764884,2010-10-26 00:00:00,5769.0,10-20
6120,Shank,9.99,1288051200.0,9,False,3662,391,4053,Very Positive,0.9035282506785097,2010-10-26 00:00:00,5769.0,5-10
42920,The Kings' Crusade,9.99,1286586780.0,4,False,70,106,176,Mostly Negative,0.3977272727272727,2010-10-09 01:13:00,5786.0,5-10
2840,X: Beyond the Frontier,4.99,1286582460.0,1,False,298,99,397,Mostly Positive,0.7506297229219143,2010-10-09 00:01:00,5786.0,<5
2850,X: Tension,4.99,1286583060.0,1,False,112,31,143,Mostly Positive,0.7832167832167832,2010-10-09 00:11:00,5786.0,<5
46450,Grotesque Tactics: Evil Heroes,9.99,1287164640.0,7,False,291,177,468,Mixed,0.6217948717948718,2010-10-15 17:44:00,5780.0,5-10
65540,Gothic 1,19.99,0.0,3,False,16879,1365,18244,Very Positive,0.925180881385661,1970-01-01 00:00:00,20677.0,10-20
67000,The Polynomial - Space of the music,6.99,1287182460.0,5,False,363,136,499,Mostly Positive,0.7274549098196392,2010-10-15 22:41:00,5779.0,5-10
35460,The Ball,9.99,1288117260.0,10,False,853,297,1150,Mostly Positive,0.7417391304347826,2010-10-26 18:21:00,5768.0,5-10
39510,Gothic II: Gold Edition,19.99,,2,False,16680,1096,17776,Very Positive,0.9383438343834384,,,10-20
61520,Age of Wonders Shadow Magic,9.99,1286899980.0,1,False,579,66,645,Very Positive,0.8976744186046511,2010-10-12 16:13:00,5783.0,5-10
57800,Doc Clock: The Toasted Sandwich of Time,4.99,1287165240.0,1,False,91,92,183,Mixed,0.4972677595628415,2010-10-15 17:54:00,5779.0,<5
42700,Call of Duty®: Black Ops,39.99,1289314800.0,124,False,39109,3886,42995,Very Positive,0.9096173973717874,2010-11-09 15:00:00,5755.0,30-40
1640,Disciples II: Gallean's Return,5.99,1152169200.0,1,False,1375,270,1645,Very Positive,0.8358662613981763,2006-07-06 07:00:00,7342.0,5-10
1630,Disciples II: Rise of the Elves ,5.99,1152169200.0,1,False,1247,177,1424,Very Positive,0.8757022471910112,2006-07-06 07:00:00,7342.0,5-10
32500,STAR WARS™: The Force Unleashed™ II,19.99,1288135260.0,23,False,5036,2946,7982,Mixed,0.6309195690303182,2010-10-26 23:21:00,5768.0,10-20
47810,Dragon Age: Origins - Ultimate Edition,29.99,1288137960.0,82,False,26708,4476,31184,Very Positive,0.8564648537711647,2010-10-27 00:06:00,5768.0,20-30
2450,Bloody Good Time,4.99,1288368000.0,5,False,864,237,1101,Mostly Positive,0.784741144414169,2010-10-29 16:00:00,5766.0,<5
90200,Farming Simulator 2011,7.99,1288367280.0,24,False,920,77,997,Very Positive,0.9227683049147443,2010-10-29 15:48:00,5766.0,5-10
46750,Dark Fall: Lost Souls,10.99,1271881800.0,1,False,166,106,272,Mixed,0.6102941176470589,2010-04-21 20:30:00,5956.0,10-20
11050,Dracula: Origin,9.99,1218092400.0,1,False,279,96,375,Mostly Positive,0.744,2008-08-07 07:00:00,6579.0,5-10
19000,Silent Hill Homecoming,39.99,1225994400.0,2,False,1890,2072,3962,Mixed,0.47703180212014135,2008-11-06 18:00:00,6487.0,30-40
63700,BIT.TRIP BEAT,9.99,1288713600.0,7,False,710,170,880,Very Positive,0.8068181818181818,2010-11-02 16:00:00,5762.0,5-10
46290,Theatre of War,3.99,1278703440.0,1,False,230,144,374,Mixed,0.6149732620320856,2010-07-09 19:24:00,5877.0,<5
65400,Archon Classic,9.99,1288731480.0,1,False,156,36,192,Very Positive,0.8125,2010-11-02 20:58:00,5761.0,5-10
33990,Alternativa,12.99,1288975020.0,1,False,99,114,213,Mixed,0.4647887323943662,2010-11-05 16:37:00,5759.0,10-20
78000,Bejeweled® 3,4.99,1291730400.0,8,False,7765,328,8093,Overwhelmingly Positive,0.9594711479055974,2010-12-07 14:00:00,5727.0,<5
9980,The UnderGarden,6.99,1289408880.0,2,False,58,32,90,Mixed,0.6444444444444445,2010-11-10 17:08:00,5754.0,5-10
20920,The Witcher 2: Assassins of Kings Enhanced Edition,19.99,1334626800.0,152,False,81021,9086,90107,Very Positive,0.8991643268558491,2012-04-17 01:40:00,5230.0,10-20
22670,Alien Breed 3: Descent,9.99,1290016680.0,2,False,460,159,619,Mostly Positive,0.7431340872374798,2010-11-17 17:58:00,5746.0,5-10
62000,Flight Control HD,4.99,1290103200.0,2,False,505,42,547,Very Positive,0.923217550274223,2010-11-18 18:00:00,5745.0,<5
61600,Zen Bound 2,4.99,1289944320.0,1,False,501,84,585,Very Positive,0.8564102564102564,2010-11-16 21:52:00,5747.0,<5
41730,Ion Assault,9.99,1290009600.0,1,False,123,57,180,Mixed,0.6833333333333333,2010-11-17 16:00:00,5747.0,5-10
40800,Super Meat Boy,14.99,1291155780.0,40,False,36672,2281,38953,Very Positive,0.9414422509177727,2010-11-30 22:23:00,5733.0,10-20
9500,Gish,9.99,1184954400.0,2,False,296,209,505,Mixed,0.5861386138613861,2007-07-20 18:00:00,6962.0,5-10
58200,Jolly Rover,9.99,1275930000.0,1,False,309,43,352,Very Positive,0.8778409090909091,2010-06-07 17:00:00,5910.0,5-10
26500,Cogs,5.99,1239733800.0,5,False,810,109,919,Very Positive,0.8813928182807399,2009-04-14 18:30:00,6328.0,5-10
18050,DeathSpank: Thongs of Virtue,14.99,1291139640.0,5,False,272,44,316,Very Positive,0.8607594936708861,2010-11-30 17:54:00,5733.0,10-20
3480,Peggle Deluxe,4.99,1173168000.0,2,False,13908,335,14243,Overwhelmingly Positive,0.9764796742259355,2007-03-06 08:00:00,7099.0,<5
63500,Swords and Soldiers HD,5.99,1291312800.0,5,False,825,230,1055,Mostly Positive,0.7819905213270142,2010-12-02 18:00:00,5731.0,5-10
40380,nail'd,4.99,1291157340.0,1,False,1078,263,1341,Very Positive,0.8038777032065623,2010-11-30 22:49:00,5733.0,<5
55140,MX vs. ATV Reflex,19.99,1290802860.0,2,False,3562,467,4029,Very Positive,0.884090344998759,2010-11-26 20:21:00,5737.0,10-20
38720,RUSH,4.99,1291399200.0,3,False,1139,129,1268,Very Positive,0.8982649842271293,2010-12-03 18:00:00,5730.0,<5
15520,AaAaAA!!! - A Reckless Disregard for Gravity,9.99,1252009680.0,4,False,634,120,754,Very Positive,0.8408488063660478,2009-09-03 20:28:00,6186.0,5-10
3720,Evil Genius,9.99,1245704400.0,3,False,3356,247,3603,Very Positive,0.9314460172078823,2009-06-22 21:00:00,6259.0,5-10
48950,Greed Corp,9.99,1292006460.0,7,False,479,77,556,Very Positive,0.8615107913669064,2010-12-10 18:41:00,5723.0,5-10
15750,Oddworld: Stranger's Wrath HD,9.99,1292867100.0,7,False,1583,228,1811,Very Positive,0.8741027056874655,2010-12-20 17:45:00,5714.0,5-10
63200,Monday Night Combat,4.99,1295917200.0,16,False,955,253,1208,Mostly Positive,0.7905629139072847,2011-01-25 01:00:00,5678.0,<5
15740,Oddworld: Munch's Oddysee,4.99,1292867100.0,2,False,872,256,1128,Mostly Positive,0.7730496453900709,2010-12-20 17:45:00,5714.0,<5
19980,Prince of Persia®,9.99,1228932000.0,5,False,3059,828,3887,Mostly Positive,0.7869822485207101,2008-12-10 18:00:00,6453.0,5-10
21000,LEGO® Batman™: The Videogame,19.99,1222714800.0,4,False,14541,1704,16245,Very Positive,0.8951061865189289,2008-09-29 19:00:00,6525.0,10-20
15700,Oddworld: Abe's Oddysee®,2.99,1219906800.0,2,False,3867,657,4524,Very Positive,0.8547745358090185,2008-08-28 07:00:00,6558.0,<5
15710,Oddworld: Abe's Exoddus®,2.99,1219906800.0,2,False,1588,90,1678,Very Positive,0.9463647199046484,2008-08-28 07:00:00,6558.0,<5
13530,Prince of Persia: The Two Thrones™,9.99,1227294000.0,4,False,2235,547,2782,Very Positive,0.8033788641265277,2008-11-21 19:00:00,6472.0,5-10
15390,Brothers in Arms: Hell's Highway™,9.99,1223485200.0,2,False,2184,219,2403,Very Positive,0.9088639200998752,2008-10-08 17:00:00,6517.0,5-10
55100,Homefront,19.99,0.0,33,False,8238,5132,13370,Mixed,0.6161555721765146,1970-01-01 00:00:00,20677.0,10-20
1238040,Dragon Age II: Ultimate Edition,29.99,1591284861.0,30,False,6140,1431,7571,Very Positive,0.8109893012812046,2020-06-04 15:34:21,2260.0,20-30
57650,Dungeons,9.99,1297360620.0,23,False,397,487,884,Mixed,0.4490950226244344,2011-02-10 17:57:00,5661.0,5-10
47780,Dead Space™ 2,19.99,1295942400.0,35,False,27767,1783,29550,Very Positive,0.9396615905245347,2011-01-25 08:00:00,5678.0,10-20
80000,APOX,14.99,1295548200.0,3,False,52,128,180,Mostly Negative,0.28888888888888886,2011-01-20 18:30:00,5682.0,10-20
42910,Magicka,9.99,1295970660.0,109,False,27328,4703,32031,Very Positive,0.8531734881833224,2011-01-25 15:51:00,5678.0,5-10
92300,A.R.E.S.: Extinction Agenda,4.99,1295460780.0,4,False,634,278,912,Mixed,0.6951754385964912,2011-01-19 18:13:00,5683.0,<5
47890,The Sims™ 3,19.99,1296149700.0,374,False,29564,4716,34280,Very Positive,0.8624270711785298,2011-01-27 17:35:00,5676.0,10-20
18000,"Precipice of Darkness, Episode One",7.99,0.0,3,False,477,58,535,Very Positive,0.891588785046729,1970-01-01 00:00:00,20677.0,5-10
18020,"Precipice of Darkness, Episode Two",7.99,1226044800.0,3,False,170,30,200,Very Positive,0.85,2008-11-07 08:00:00,6487.0,5-10
7520,Two Worlds II HD,24.99,1296772380.0,37,False,4472,2537,7009,Mixed,0.6380368098159509,2011-02-03 22:33:00,5668.0,20-30
63660,Myst: Masterpiece Edition,5.99,1296690360.0,1,False,937,147,1084,Very Positive,0.8643911439114391,2011-02-02 23:46:00,5669.0,5-10
620,Portal 2,9.99,1303186800.0,209,False,458993,6028,465021,Overwhelmingly Positive,0.9870371445590629,2011-04-19 04:20:00,5594.0,5-10
64000,Men of War: Assault Squad,9.99,1298592000.0,27,False,4516,651,5167,Very Positive,0.8740081285078382,2011-02-25 00:00:00,5647.0,5-10
73010,Cities in Motion,19.99,1298398080.0,24,False,843,246,1089,Mostly Positive,0.7741046831955923,2011-02-22 18:08:00,5649.0,10-20
48190,Assassin’s Creed® Brotherhood,19.99,1300813200.0,64,False,23443,3099,26542,Very Positive,0.8832416547358903,2011-03-22 17:00:00,5622.0,10-20
33770,Drakensang: The River of Time,19.99,1297879200.0,1,False,334,77,411,Very Positive,0.8126520681265207,2011-02-16 18:00:00,5655.0,10-20
65560,Painkiller Redemption,4.99,1298655900.0,2,False,343,404,747,Mixed,0.45917001338688085,2011-02-25 17:45:00,5647.0,<5
92900,Agricultural Simulator 2011: Extended Edition,2.99,1298484420.0,2,False,92,91,183,Mixed,0.5027322404371585,2011-02-23 18:07:00,5648.0,<5
63710,BIT.TRIP RUNNER,9.99,1298923800.0,7,False,3384,566,3950,Very Positive,0.8567088607594937,2011-02-28 20:10:00,5643.0,5-10
80200,Fate of the World,9.99,1298930160.0,6,False,351,97,448,Mostly Positive,0.7834821428571429,2011-02-28 21:56:00,5643.0,5-10
92800,SpaceChem,9.99,1299093600.0,9,False,4680,398,5078,Very Positive,0.9216226860968886,2011-03-02 19:20:00,5641.0,5-10
71250,Sonic Adventure DX,7.99,1299261600.0,3,False,17077,1552,18629,Very Positive,0.9166890332277632,2011-03-04 18:00:00,5639.0,5-10
99700,NightSky,9.99,1299007140.0,2,False,916,119,1035,Very Positive,0.885024154589372,2011-03-01 19:19:00,5642.0,5-10
48220,Might & Magic: Heroes VI,9.99,1318525200.0,104,False,4440,4808,9248,Mixed,0.4801038062283737,2011-10-13 17:00:00,5417.0,5-10
18400,Crazy Machines 2,9.99,1213999200.0,2,False,124,136,260,Mixed,0.47692307692307695,2008-06-20 22:00:00,6626.0,5-10
55040,Atom Zombie Smasher,9.99,1300130580.0,8,False,1886,216,2102,Very Positive,0.8972407231208372,2011-03-14 19:23:00,5629.0,5-10
93200,Revenge of the Titans,14.99,1300302000.0,7,False,1023,229,1252,Very Positive,0.8170926517571885,2011-03-16 19:00:00,5627.0,10-20
91900,Post Apocalyptic Mayhem,9.99,1300394280.0,4,False,1275,246,1521,Very Positive,0.8382642998027613,2011-03-17 20:38:00,5626.0,5-10
15210,Silent Hunter® III,9.99,1213340400.0,3,False,2305,313,2618,Very Positive,0.8804430863254392,2008-06-13 07:00:00,6634.0,5-10
70000,Dino D-Day,9.99,1302316620.0,8,False,12730,2387,15117,Very Positive,0.8420982999272343,2011-04-09 02:37:00,5604.0,5-10
32510,LEGO® Star Wars™ III - The Clone Wars™,19.99,1300820340.0,5,False,8788,483,9271,Very Positive,0.947902060187682,2011-03-22 18:59:00,5621.0,10-20
65600,Gothic 3: Forsaken Gods Enhanced Edition,9.99,1300816560.0,1,False,659,709,1368,Mixed,0.4817251461988304,2011-03-22 17:56:00,5621.0,5-10
91600,Sanctum,9.99,1302890400.0,26,False,2993,360,3353,Very Positive,0.8926334625708321,2011-04-15 18:00:00,5597.0,5-10
63960,Theatre of War 3: Korea,6.99,1300986000.0,2,False,95,113,208,Mixed,0.4567307692307692,2011-03-24 17:00:00,5620.0,5-10
63000,HOARD,3.99,1301959980.0,9,False,852,200,1052,Very Positive,0.8098859315589354,2011-04-04 23:33:00,5608.0,<5
55110,Red Faction®: Armageddon™,19.99,1307419200.0,17,False,3635,1371,5006,Mostly Positive,0.7261286456252497,2011-06-07 04:00:00,5545.0,10-20
15500,The Wonderful End of the World,9.99,1216278000.0,3,False,548,147,695,Mostly Positive,0.7884892086330936,2008-07-17 07:00:00,6600.0,5-10
39160,Dungeon Siege III,14.99,1308628800.0,29,False,1700,1260,2960,Mixed,0.5743243243243243,2011-06-21 04:00:00,5531.0,10-20
39200,Dungeon Siege II,6.99,1124175600.0,13,False,2224,669,2893,Mostly Positive,0.7687521603871413,2005-08-16 07:00:00,7666.0,5-10
91200,Anomaly: Warzone Earth,9.99,1302284700.0,6,False,4074,612,4686,Very Positive,0.8693982074263764,2011-04-08 17:45:00,5605.0,5-10
39190,Dungeon Siege,6.99,1302019920.0,13,False,3479,765,4244,Very Positive,0.8197455230914232,2011-04-05 16:12:00,5608.0,5-10
73170,Darkest Hour: A Hearts of Iron Game,9.99,1302271200.0,1,False,1881,212,2093,Very Positive,0.8987099856665074,2011-04-08 14:00:00,5605.0,5-10
92700,Shadow Harvest: Phantom Ops,9.99,1302035040.0,2,False,38,97,135,Mostly Negative,0.2814814814814815,2011-04-05 20:24:00,5607.0,5-10
41740,Cargo! The Quest for Gravity,9.99,1303407120.0,3,False,364,87,451,Very Positive,0.8070953436807096,2011-04-21 17:32:00,5592.0,5-10
58570,The Next BIG Thing,4.99,1303405920.0,4,False,599,121,720,Very Positive,0.8319444444444445,2011-04-21 17:12:00,5592.0,<5
57680,The First Templar - Steam Special Edition,9.99,1305219600.0,4,False,742,294,1036,Mostly Positive,0.7162162162162162,2011-05-12 17:00:00,5571.0,5-10
58560,Runaway: A Twist of Fate,4.99,1303405200.0,1,False,407,49,456,Very Positive,0.8925438596491229,2011-04-21 17:00:00,5592.0,<5
48720,Mount & Blade: With Fire & Sword,9.99,1304425920.0,24,False,12308,1700,14008,Very Positive,0.8786407766990292,2011-05-03 12:32:00,5580.0,5-10
92000,Hydrophobia: Prophecy,4.99,1304964000.0,7,False,1444,948,2392,Mixed,0.6036789297658863,2011-05-09 18:00:00,5573.0,<5
94600,Hector: Episode 1,14.99,,1,False,110,47,157,Mostly Positive,0.7006369426751592,,,10-20
95300,Capsized,9.99,1304097360.0,5,False,837,265,1102,Mostly Positive,0.7595281306715064,2011-04-29 17:16:00,5584.0,5-10
35480,Dwarfs!?,9.99,1304531100.0,3,False,839,243,1082,Mostly Positive,0.7754158964879853,2011-05-04 17:45:00,5579.0,5-10
57900,Duke Nukem Forever,19.99,1308024000.0,25,False,8032,3557,11589,Mixed,0.6930710156182587,2011-06-14 04:00:00,5538.0,10-20
105600,Terraria,9.99,1305568020.0,539,False,1502988,40436,1543424,Overwhelmingly Positive,0.9738011071487809,2011-05-16 17:47:00,5566.0,5-10
96200,Steel Storm: Burning Retribution,14.99,1305146640.0,2,False,223,149,372,Mixed,0.5994623655913979,2011-05-11 20:44:00,5571.0,10-20
96000,The Tiny Bang Story,4.99,1303497300.0,1,False,5792,850,6642,Very Positive,0.8720264980427582,2011-04-22 18:35:00,5590.0,<5
99400,Garshasp: The Monster Slayer,4.99,1304969400.0,2,False,187,206,393,Mixed,0.4758269720101781,2011-05-09 19:30:00,5573.0,<5
105100,Lume,5.99,1304982900.0,1,False,238,271,509,Mixed,0.4675834970530452,2011-05-09 23:15:00,5573.0,5-10
12330,Darkstar One,8.99,1202947200.0,1,False,520,102,622,Very Positive,0.8360128617363344,2008-02-14 00:00:00,6754.0,5-10
45760,Ultra Street Fighter® IV,29.99,0.0,49,False,15336,1608,16944,Very Positive,0.9050991501416431,1970-01-01 00:00:00,20677.0,20-30
104600,Portal 2 - The Final Hours,1.99,1305668040.0,1,False,647,201,848,Mostly Positive,0.7629716981132075,2011-05-17 21:34:00,5565.0,<5
46500,Syberia,12.99,1305833340.0,2,False,6001,802,6803,Very Positive,0.8821108334558283,2011-05-19 19:29:00,5563.0,10-20
3540,Peggle™ Nights,4.99,1224093600.0,2,False,3249,113,3362,Overwhelmingly Positive,0.9663890541344438,2008-10-15 18:00:00,6509.0,<5
12520,18 Wheels of Steel: American Long Haul,9.99,1201633200.0,1,False,386,137,523,Mostly Positive,0.7380497131931166,2008-01-29 19:00:00,6769.0,5-10
46510,Syberia II,12.99,1305831360.0,2,False,2627,434,3061,Very Positive,0.8582162691930741,2011-05-19 18:56:00,5563.0,10-20
98200,Frozen Synapse,24.99,1306436280.0,20,False,2166,452,2618,Very Positive,0.8273491214667685,2011-05-26 18:58:00,5556.0,20-30
55150,"Warhammer 40,000: Space Marine - Anniversary Edition",39.99,1315281600.0,63,False,30533,2775,33308,Very Positive,0.9166866818782274,2011-09-06 04:00:00,5454.0,30-40
19800,Brothers in Arms: Earned in Blood™,9.99,1223622000.0,1,False,996,152,1148,Very Positive,0.867595818815331,2008-10-10 07:00:00,6515.0,5-10
15190,Brothers in Arms: Road to Hill 30™,9.99,1210662000.0,1,False,1892,267,2159,Very Positive,0.8763316350162113,2008-05-13 07:00:00,6665.0,5-10
13540,Tom Clancy's Rainbow Six® Vegas,9.99,1207785600.0,3,False,1391,351,1742,Mostly Positive,0.7985074626865671,2008-04-10 00:00:00,6698.0,5-10
21800,Tom Clancy's EndWar™,9.99,1235587200.0,1,False,866,203,1069,Very Positive,0.8101028999064547,2009-02-25 18:40:00,6376.0,5-10
15300,Tom Clancy's Ghost Recon®,9.99,1216105200.0,2,False,1529,138,1667,Very Positive,0.9172165566886623,2008-07-15 07:00:00,6602.0,5-10
19830,Tom Clancy's Rainbow Six® 3 Gold,9.99,1222374600.0,1,False,1896,178,2074,Very Positive,0.914175506268081,2008-09-25 20:30:00,6529.0,5-10
1510,Uplink,11.99,1156316400.0,1,False,2206,227,2433,Very Positive,0.9066995478832717,2006-08-23 07:00:00,7294.0,10-20
46480,Still Life,7.99,1306954320.0,1,False,905,199,1104,Very Positive,0.8197463768115942,2011-06-01 18:52:00,5550.0,5-10
94200,Jamestown,9.99,1307552460.0,5,False,2224,141,2365,Very Positive,0.9403805496828752,2011-06-08 17:01:00,5544.0,5-10
73190,Pride of Nations,19.99,1307480820.0,1,False,68,69,137,Mixed,0.49635036496350365,2011-06-07 21:07:00,5544.0,10-20
24670,Trainz™ Simulator 12,29.99,,1,False,1518,521,2039,Mostly Positive,0.7444825895046592,,,20-30
50000,Nimbus,9.99,1288039380.0,1,False,237,15,252,Very Positive,0.9404761904761905,2010-10-25 20:43:00,5769.0,5-10
3620,Zuma's Revenge!,4.99,1253039700.0,1,False,3315,183,3498,Very Positive,0.9476843910806175,2009-09-15 18:35:00,6174.0,<5
19680,Alice: Madness Returns,9.99,1308330000.0,20,False,27616,2824,30440,Very Positive,0.907227332457293,2011-06-17 17:00:00,5535.0,5-10
21100,F.E.A.R. 3,19.99,1308639660.0,25,False,9646,3998,13644,Mostly Positive,0.7069774259747874,2011-06-21 07:01:00,5531.0,10-20
99900,Spiral Knights,39.99,1308069000.0,66,True,20266,3912,24178,Very Positive,0.8382000165439656,2011-06-14 16:30:00,5538.0,30-40
97000,Solar 2,9.99,1308330000.0,8,False,2023,202,2225,Very Positive,0.9092134831460674,2011-06-17 17:00:00,5535.0,5-10
99100,Dungeons and Dragons: Daggerdale,14.99,1308930900.0,5,False,152,346,498,Mostly Negative,0.30522088353413657,2011-06-24 15:55:00,5528.0,10-20
37400,"Time Gentlemen, Please! and Ben There, Dan That! Special Edition  Double Pack",4.99,1251231600.0,1,False,559,137,696,Very Positive,0.8031609195402298,2009-08-25 20:20:00,6195.0,<5
15170,Heroes of Might & Magic V,9.99,1210662000.0,2,False,3781,496,4277,Very Positive,0.884030862754267,2008-05-13 07:00:00,6665.0,5-10
2100,Dark Messiah of Might & Magic,9.99,1161759600.0,2,False,10687,1072,11759,Very Positive,0.9088357853558976,2006-10-25 07:00:00,7231.0,5-10
98800,Dungeons of Dredmor,7.99,1310576400.0,8,False,5093,335,5428,Very Positive,0.93828297715549,2011-07-13 17:00:00,5509.0,5-10
46540,Trapped Dead,4.99,1310763240.0,3,False,325,465,790,Mixed,0.41139240506329117,2011-07-15 20:54:00,5506.0,<5
107300,Breath of Death VII,2.99,1310576400.0,3,False,1224,238,1462,Very Positive,0.8372093023255814,2011-07-13 17:00:00,5509.0,<5
107310,Cthulhu Saves the World,2.99,1310576400.0,3,False,3191,283,3474,Very Positive,0.9185377086931491,2011-07-13 17:00:00,5509.0,<5
55230,Saints Row: The Third,9.99,1321333200.0,125,False,66574,3051,69625,Overwhelmingly Positive,0.9561795332136446,2011-11-15 05:00:00,5384.0,5-10
95900,Air Conflicts: Secret Wars,5.99,1317402000.0,4,False,325,140,465,Mixed,0.6989247311827957,2011-09-30 17:00:00,5430.0,5-10
102200,Runespell: Overture,9.99,1311182220.0,1,False,288,100,388,Mostly Positive,0.7422680412371134,2011-07-20 17:17:00,5502.0,5-10
47400,Stronghold 3 Gold,29.99,1337967540.0,43,False,1603,3246,4849,Mostly Negative,0.3305836254897917,2012-05-25 17:39:00,5192.0,20-30
57690,Tropico 4,14.99,1314896400.0,84,False,11669,1052,12721,Very Positive,0.9173020988915965,2011-09-01 17:00:00,5459.0,10-20
91700,E.Y.E: Divine Cybermancy,9.99,1311956700.0,11,False,6776,1247,8023,Very Positive,0.8445718559142465,2011-07-29 16:25:00,5493.0,5-10
2600,Vampire: The Masquerade - Bloodlines,19.99,1174546800.0,9,False,14451,854,15305,Very Positive,0.9442012414243711,2007-03-22 07:00:00,7083.0,10-20
33460,From Dust,14.99,1313600400.0,17,False,2000,980,2980,Mixed,0.6711409395973155,2011-08-17 17:00:00,5474.0,10-20
70420,Chantelise - A Tale of Two Sisters,9.99,1311953400.0,2,False,573,184,757,Mostly Positive,0.7569352708058125,2011-07-29 15:30:00,5493.0,5-10
27940,Dead Horde,3.99,1311790680.0,2,False,225,428,653,Mostly Negative,0.3445635528330781,2011-07-27 18:18:00,5494.0,<5
17710,Nuclear Dawn,9.99,1317058020.0,13,False,1955,536,2491,Mostly Positive,0.7848253713368125,2011-09-26 17:27:00,5434.0,5-10
99300,Renegade Ops,15.0,1319666400.0,5,False,2457,421,2878,Very Positive,0.8537178596247395,2011-10-26 22:00:00,5403.0,10-20
109200,Legend of Fae,9.99,1311703800.0,1,False,94,30,124,Mostly Positive,0.7580645161290323,2011-07-26 18:10:00,5495.0,5-10
40980,Stronghold Legends: Steam Edition,14.99,1473958800.0,1,False,2378,338,2716,Very Positive,0.8755522827687776,2016-09-15 17:00:00,3618.0,10-20
40960,Stronghold 2: Steam Edition,14.99,1507219200.0,1,False,5100,642,5742,Very Positive,0.8881922675026124,2017-10-05 16:00:00,3233.0,10-20
7210,"Runaway, A Road Adventure",4.99,1173906600.0,1,False,606,180,786,Mostly Positive,0.7709923664122137,2007-03-14 21:10:00,7090.0,<5
35450,Red Orchestra 2: Heroes of Stalingrad with Rising Storm,19.99,1315951200.0,59,False,35274,2821,38095,Very Positive,0.9259482871767949,2011-09-13 22:00:00,5446.0,10-20
72850,The Elder Scrolls V: Skyrim,19.99,1320969600.0,302,False,301169,16545,317714,Very Positive,0.9479248632417835,2011-11-11 00:00:00,5388.0,10-20
48000,LIMBO,12.49,1312304220.0,36,False,56954,4802,61756,Very Positive,0.9222423732107001,2011-08-02 16:57:00,5489.0,10-20
9200,RAGE,9.99,1317700800.0,43,False,14214,4045,18259,Mostly Positive,0.7784654143162276,2011-10-04 04:00:00,5426.0,5-10
2210,Quake 4,14.99,1312479840.0,4,False,3432,484,3916,Very Positive,0.8764044943820225,2011-08-04 17:44:00,5487.0,10-20
49330,Pirates of Black Cove,9.99,1312303260.0,2,False,113,59,172,Mixed,0.6569767441860465,2011-08-02 16:41:00,5489.0,5-10
49320,Woody Two-Legs: Attack of the Zombie Pirates,4.99,1288714800.0,1,False,33,29,62,Mixed,0.532258064516129,2010-11-02 16:20:00,5762.0,<5
107100,Bastion,14.99,1313514000.0,50,False,36349,1803,38152,Overwhelmingly Positive,0.9527416649192703,2011-08-16 17:00:00,5475.0,10-20
107200,Space Pirates and Zombies,9.99,1313427660.0,14,False,2866,296,3162,Very Positive,0.9063883617963314,2011-08-15 17:01:00,5476.0,5-10
98100,Trauma,2.99,1312822800.0,1,False,475,215,690,Mixed,0.6884057971014492,2011-08-08 17:00:00,5483.0,<5
38740,EDGE,6.99,1313078760.0,2,False,2075,181,2256,Very Positive,0.9197695035460993,2011-08-11 16:06:00,5480.0,5-10
112100,Avadon: The Black Fortress,9.99,1313598720.0,3,False,502,115,617,Very Positive,0.813614262560778,2011-08-17 16:32:00,5474.0,5-10
18070,The Baconing,14.99,1314813180.0,5,False,205,57,262,Mostly Positive,0.7824427480916031,2011-08-31 17:53:00,5459.0,10-20
111800,Blocks That Matter,4.99,1313794680.0,2,False,613,172,785,Mostly Positive,0.780891719745223,2011-08-19 22:58:00,5471.0,<5
70120,Hacker Evolution Duality,2.99,1313427600.0,3,False,186,363,549,Mostly Negative,0.33879781420765026,2011-08-15 17:00:00,5476.0,<5
41070,Serious Sam 3: BFE,29.99,1321986000.0,46,False,25247,3381,28628,Very Positive,0.8818988402962135,2011-11-22 18:20:00,5376.0,20-30
63940,Men of War: Vietnam,7.99,1315526160.0,8,False,849,481,1330,Mixed,0.6383458646616541,2011-09-08 23:56:00,5451.0,5-10
46560,Robin Hood: The Legend of Sherwood,7.99,1314381360.0,1,False,1114,546,1660,Mixed,0.6710843373493975,2011-08-26 17:56:00,5464.0,5-10
97130,Kohan II: Kings of War,9.99,1314223620.0,1,False,274,18,292,Very Positive,0.9383561643835616,2011-08-24 22:07:00,5466.0,5-10
98400,Hard Reset Extended Edition,14.99,1342114440.0,8,False,4019,911,4930,Very Positive,0.8152129817444219,2012-07-12 17:34:00,5144.0,10-20
16720,Velvet Assassin,5.99,1241229900.0,2,False,1586,971,2557,Mixed,0.6202581149784904,2009-05-02 02:05:00,6311.0,5-10
102810,Gatling Gears,9.99,1314721320.0,1,False,159,30,189,Very Positive,0.8412698412698413,2011-08-30 16:22:00,5461.0,5-10
111600,Serious Sam Double D XXL,9.99,1314723600.0,2,False,728,157,885,Very Positive,0.8225988700564971,2011-08-30 17:00:00,5461.0,5-10
109700,Achron,19.99,1314637200.0,1,False,73,40,113,Mixed,0.6460176991150443,2011-08-29 17:00:00,5462.0,10-20
33520,Tropico Reloaded,6.99,1248649200.0,1,False,866,121,987,Very Positive,0.8774062816616008,2009-07-26 23:00:00,6225.0,5-10
22230,Rock of Ages,9.99,1315416600.0,7,False,3733,323,4056,Very Positive,0.9203648915187377,2011-09-07 17:30:00,5453.0,5-10
46520,Wasteland Angel,4.99,1314892200.0,1,False,187,133,320,Mixed,0.584375,2011-09-01 15:50:00,5459.0,<5
70600,Worms Ultimate Mayhem,16.99,1317229200.0,11,False,5523,711,6234,Very Positive,0.8859480269489894,2011-09-28 17:00:00,5432.0,10-20
43190,The Haunted: Hells Reach,8.99,1319515200.0,5,False,655,116,771,Very Positive,0.8495460440985733,2011-10-25 04:00:00,5405.0,5-10
12500,PuzzleQuest: Challenge of the Warlords,9.99,1201593600.0,1,False,978,150,1128,Very Positive,0.8670212765957447,2008-01-29 08:00:00,6770.0,5-10
73210,Sengoku,9.99,1316104080.0,3,False,291,185,476,Mixed,0.6113445378151261,2011-09-15 16:28:00,5445.0,5-10
58550,A Game of Thrones - Genesis,9.99,1317230640.0,13,False,250,467,717,Mostly Negative,0.3486750348675035,2011-09-28 17:24:00,5432.0,5-10
200550,Dungeons - The Dark Lord,9.99,1317142860.0,6,False,127,192,319,Mostly Negative,0.3981191222570533,2011-09-27 17:01:00,5433.0,5-10
98600,Demolition Inc.,5.99,1316451600.0,5,False,230,65,295,Mostly Positive,0.7796610169491526,2011-09-19 17:00:00,5441.0,5-10
24240,PAYDAY™ The Heist,9.99,1319129100.0,66,False,38218,2730,40948,Very Positive,0.9333300771710462,2011-10-20 16:45:00,5410.0,5-10
111400,Bunch of Heroes,4.99,1316628480.0,4,False,212,222,434,Mixed,0.48847926267281105,2011-09-21 18:08:00,5438.0,<5
2610,GUN™,19.99,1160784000.0,1,False,2067,190,2257,Very Positive,0.9158174568010634,2006-10-14 00:00:00,7242.0,10-20
113200,The Binding of Isaac,4.99,1317237600.0,53,False,59351,3365,62716,Very Positive,0.9463454301932521,2011-09-28 19:20:00,5431.0,<5
9420,Supreme Commander: Forged Alliance,12.99,1317257520.0,4,False,13842,468,14310,Overwhelmingly Positive,0.9672955974842767,2011-09-29 00:52:00,5431.0,10-20
9350,Supreme Commander,12.99,1317257580.0,3,False,2791,346,3137,Very Positive,0.889703538412496,2011-09-29 00:53:00,5431.0,10-20
200670,Disciples III - Resurrection,9.99,1318372860.0,3,False,102,237,339,Mostly Negative,0.3008849557522124,2011-10-11 22:41:00,5418.0,5-10
65800,Dungeon Defenders,14.99,1319005680.0,90,False,17650,1311,18961,Very Positive,0.9308580771056378,2011-10-19 06:28:00,5411.0,10-20
102600,Orcs Must Die!,9.99,1318350600.0,32,False,8148,352,8500,Overwhelmingly Positive,0.9585882352941176,2011-10-11 16:30:00,5419.0,5-10
45770,Dead Rising 2: Off the Record,19.99,1318350540.0,9,False,3268,991,4259,Mostly Positive,0.7673162714252172,2011-10-11 16:29:00,5419.0,10-20
115100,Costume Quest,9.99,1318640400.0,6,False,3842,252,4094,Very Positive,0.9384465070835368,2011-10-15 01:00:00,5415.0,5-10
201870,Assassin's Creed® Revelations,19.99,1322589600.0,54,False,17384,3260,20644,Very Positive,0.8420848672737842,2011-11-29 18:00:00,5369.0,10-20
65730,Take On Helicopters,19.99,1319725980.0,11,False,429,338,767,Mixed,0.559322033898305,2011-10-27 14:33:00,5403.0,10-20
200260,Batman: Arkham City - Game of the Year Edition,19.99,1347037200.0,76,False,74614,2962,77576,Overwhelmingly Positive,0.9618180880684748,2012-09-07 17:00:00,5087.0,10-20
42990,Sword of the Stars II: Enhanced Edition,19.99,1354311840.0,11,False,421,537,958,Mixed,0.4394572025052192,2012-11-30 21:44:00,5002.0,10-20
110800,L.A. Noire,19.99,1320772620.0,53,False,31550,5196,36746,Very Positive,0.8585968540793556,2011-11-08 17:17:00,5391.0,10-20
71340,Sonic Generations Collection,51.79,1320364800.0,23,False,23845,1643,25488,Very Positive,0.9355382925298179,2011-11-04 00:00:00,5395.0,50+
200910,Before the Echo,4.99,1319132940.0,2,False,1252,203,1455,Very Positive,0.8604810996563574,2011-10-20 17:49:00,5409.0,<5
70620,Worms Crazy Golf,9.99,1319029380.0,2,False,617,158,775,Mostly Positive,0.7961290322580645,2011-10-19 13:03:00,5411.0,5-10
35720,Trine 2: Complete Story,19.99,1370538000.0,45,False,20984,1047,22031,Overwhelmingly Positive,0.952476056465889,2013-06-06 17:00:00,4815.0,10-20
201490,Airline Tycoon 2,9.99,1319486880.0,8,False,103,471,574,Overwhelmingly Negative,0.1794425087108014,2011-10-24 20:08:00,5405.0,5-10
22120,Penumbra: Black Plague Gold Edition,9.99,1232750460.0,1,False,2778,182,2960,Very Positive,0.9385135135135135,2009-01-23 22:41:00,6409.0,5-10
11190,Sherlock Holmes versus Jack the Ripper,9.99,1261590180.0,1,False,1108,257,1365,Very Positive,0.8117216117216117,2009-12-23 17:43:00,6076.0,5-10
42680,Call of Duty®: Modern Warfare® 3 (2011),39.99,1320764400.0,76,False,35287,4354,39641,Very Positive,0.8901642239095886,2011-11-08 15:00:00,5391.0,30-40
31100,Wallace & Gromit’s Grand Adventures,14.99,1237820400.0,1,False,373,51,424,Very Positive,0.8797169811320755,2009-03-23 15:00:00,6351.0,10-20
110400,inMomentum,9.99,1320088680.0,1,False,138,50,188,Mostly Positive,0.7340425531914894,2011-10-31 19:18:00,5398.0,5-10
201010,Geneforge 5: Overthrow,19.99,0.0,1,False,114,9,123,Very Positive,0.926829268292683,1970-01-01 00:00:00,20677.0,10-20
200990,Geneforge 3,19.99,0.0,1,False,50,8,58,Very Positive,0.8620689655172413,1970-01-01 00:00:00,20677.0,10-20
200960,Geneforge 1,19.99,0.0,1,False,365,31,396,Very Positive,0.9217171717171717,1970-01-01 00:00:00,20677.0,10-20
200980,Geneforge 2,19.99,0.0,1,False,74,12,86,Very Positive,0.8604651162790697,1970-01-01 00:00:00,20677.0,10-20
45450,Fortix 2,1.99,1304710860.0,1,False,537,54,591,Very Positive,0.9086294416243654,2011-05-06 19:41:00,5576.0,<5
63900,Fantasy Wars,4.99,1281119040.0,1,False,270,43,313,Very Positive,0.8626198083067093,2010-08-06 18:24:00,5849.0,<5
48240,Anno 2070™,19.99,1321556100.0,88,False,7666,5028,12694,Mixed,0.6039073578068379,2011-11-17 18:55:00,5381.0,10-20
201290,Sins of a Solar Empire: Trinity®,9.99,1321465680.0,29,False,630,184,814,Mostly Positive,0.773955773955774,2011-11-16 17:48:00,5382.0,5-10
24420,Aquaria,9.99,1229381160.0,1,False,1350,180,1530,Very Positive,0.8823529411764706,2008-12-15 22:46:00,6448.0,5-10
46570,Grotesque Tactics 2 – Dungeons and Donuts,9.99,1321899000.0,1,False,141,121,262,Mixed,0.5381679389312977,2011-11-21 18:10:00,5377.0,5-10
202860,Real Warfare 2: Northern Crusades,4.99,1321629300.0,1,False,64,71,135,Mixed,0.4740740740740741,2011-11-18 15:15:00,5381.0,<5
200900,Cave Story+,14.99,1322002020.0,8,False,7690,594,8284,Very Positive,0.9282955094157412,2011-11-22 22:47:00,5376.0,10-20
24460,King Arthur: Fallen Champions,4.99,1316190420.0,2,False,22,35,57,Mostly Negative,0.38596491228070173,2011-09-16 16:27:00,5444.0,<5
202200,Galactic Civilizations® II: Ultimate Edition,9.99,1322844180.0,11,False,1317,394,1711,Mostly Positive,0.7697253068381064,2011-12-02 16:43:00,5367.0,5-10
91100,SkyDrift,9.99,1321896480.0,4,False,1046,141,1187,Very Positive,0.8812131423757371,2011-11-21 17:28:00,5378.0,5-10
57400,Batman: Arkham City,19.99,1321380000.0,12,False,2113,38,2151,Overwhelmingly Positive,0.9823337982333799,2011-11-15 18:00:00,5383.0,10-20
201510,FlatOut 3: Chaos & Destruction,9.99,1323798780.0,4,False,799,3530,4329,Overwhelmingly Negative,0.18456918456918456,2011-12-13 17:53:00,5355.0,5-10
202710,Demigod,9.99,1323889500.0,4,False,987,323,1310,Mostly Positive,0.7534351145038168,2011-12-14 19:05:00,5354.0,5-10
23530,Earth Defense Force: Insect Armageddon,9.99,1323888480.0,5,False,1005,144,1149,Very Positive,0.8746736292428199,2011-12-14 18:48:00,5354.0,5-10
204030,Fable - The Lost Chapters,9.99,1324314420.0,10,False,7621,643,8264,Very Positive,0.9221926427879962,2011-12-19 17:07:00,5350.0,5-10
239430,Q.U.B.E: Director's Cut,9.99,1400664360.0,8,False,1575,341,1916,Very Positive,0.8220250521920668,2014-05-21 09:26:00,4466.0,5-10
24480,King Arthur II: The Role-Playing Wargame,9.99,1327710540.0,10,False,287,225,512,Mixed,0.560546875,2012-01-28 00:29:00,5310.0,5-10
67370,The Darkness II,29.99,1328825340.0,20,False,19244,1766,21010,Very Positive,0.9159447881960971,2012-02-09 22:09:00,5297.0,20-30
204120,LEGO® Harry Potter: Years 5-7,19.99,1325805960.0,5,False,2973,362,3335,Very Positive,0.8914542728635683,2012-01-05 23:26:00,5332.0,10-20
57740,Jagged Alliance - Back in Action,19.99,1328724000.0,16,False,1286,482,1768,Mostly Positive,0.7273755656108597,2012-02-08 18:00:00,5298.0,10-20
71000,Evochron Mercenary,14.99,1326756120.0,9,False,333,102,435,Mostly Positive,0.7655172413793103,2012-01-16 23:22:00,5321.0,10-20
80360,Blackwell Deception,9.99,1326477600.0,1,False,621,26,647,Overwhelmingly Positive,0.9598145285935085,2012-01-13 18:00:00,5324.0,5-10
65300,Dustforce DX,9.99,1326824820.0,4,False,2099,291,2390,Very Positive,0.8782426778242678,2012-01-17 18:27:00,5320.0,5-10
18120,Unstoppable Gorg,9.99,1326996180.0,3,False,244,63,307,Mostly Positive,0.7947882736156352,2012-01-19 18:03:00,5318.0,5-10
202530,Sonic the Hedgehog 4 - Episode I,9.99,1326996000.0,2,False,1534,2313,3847,Mostly Negative,0.3987522744996101,2012-01-19 18:00:00,5318.0,5-10
2990,FlatOut 2,9.99,1166744700.0,1,False,21125,892,22017,Overwhelmingly Positive,0.9594858518417586,2006-12-21 23:45:00,7173.0,5-10
6220,FlatOut,7.49,1170455040.0,1,False,6036,585,6621,Very Positive,0.9116447666515632,2007-02-02 22:24:00,7130.0,5-10
200410,SOL: Exodus,7.99,1327521300.0,2,False,55,53,108,Mixed,0.5092592592592593,2012-01-25 19:55:00,5312.0,5-10
35320,Insane 2,14.99,1327429380.0,1,False,542,108,650,Very Positive,0.8338461538461538,2012-01-24 18:23:00,5313.0,10-20
204390,Pineapple Smash Crew ,9.99,1328205600.0,1,False,99,24,123,Very Positive,0.8048780487804879,2012-02-02 18:00:00,5304.0,5-10
105800,PixelJunk™ Eden,9.99,1328208720.0,1,False,629,164,793,Mostly Positive,0.7931904161412359,2012-02-02 18:52:00,5304.0,5-10
203210,Titan Attacks!,9.99,1328292000.0,1,False,882,96,978,Very Positive,0.901840490797546,2012-02-03 18:00:00,5303.0,5-10
204340,Serious Sam II,9.99,1328032080.0,2,False,12712,1430,14142,Very Positive,0.8988827605713477,2012-01-31 17:48:00,5306.0,5-10
58610,Wargame: European Escalation,9.99,1329964740.0,32,False,2650,751,3401,Mostly Positive,0.7791825933548956,2012-02-23 02:39:00,5284.0,5-10
203770,Crusader Kings II,38.65,1329242400.0,339,True,66839,6994,73833,Very Positive,0.9052727100348082,2012-02-14 18:00:00,5292.0,30-40
204940,Crusader Kings Complete,9.99,1329242340.0,2,False,149,94,243,Mixed,0.6131687242798354,2012-02-14 17:59:00,5292.0,5-10
102840,Shank 2,9.99,1328635680.0,3,False,2979,637,3616,Very Positive,0.8238384955752213,2012-02-07 17:28:00,5300.0,5-10
108710,Alan Wake,14.99,1329414600.0,31,False,52980,5923,58903,Very Positive,0.8994448500076396,2012-02-16 17:50:00,5290.0,10-20
203810,Dear Esther,9.99,0.0,9,False,4641,1478,6119,Mostly Positive,0.7584572642588658,1970-01-01 00:00:00,20677.0,5-10
10220,Postal III,5.99,1329500580.0,4,False,2907,3302,6209,Mixed,0.4681913351586407,2012-02-17 17:43:00,5290.0,5-10
108110,Starpoint Gemini,13.99,1329423840.0,3,False,51,104,155,Mostly Negative,0.32903225806451614,2012-02-16 20:24:00,5290.0,10-20
201570,Really Big Sky,4.99,1330106400.0,1,False,1419,471,1890,Mostly Positive,0.7507936507936508,2012-02-24 18:00:00,5282.0,<5
207490,Rayman® Origins,19.99,1333040460.0,12,False,5812,360,6172,Very Positive,0.9416720674011666,2012-03-29 17:01:00,5249.0,10-20
108500,Vessel,4.99,1330627140.0,3,False,734,99,833,Very Positive,0.8811524609843937,2012-03-01 18:39:00,5276.0,<5
206690,iBomber Defense Pacific,5.99,1330627140.0,1,False,489,103,592,Very Positive,0.8260135135135135,2012-03-01 18:39:00,5276.0,5-10
205870,Auditorium,6.99,1330451640.0,1,False,255,49,304,Very Positive,0.8388157894736842,2012-02-28 17:54:00,5278.0,5-10
206760,Painkiller: Recurring Evil,9.99,1330536600.0,1,False,200,272,472,Mixed,0.423728813559322,2012-02-29 17:30:00,5278.0,5-10
104000,iBomber Defense,5.99,1306429200.0,1,False,182,66,248,Mostly Positive,0.7338709677419355,2011-05-26 17:00:00,5557.0,5-10
115110,Stacking,9.99,1331063760.0,4,False,1644,200,1844,Very Positive,0.8915401301518439,2012-03-06 19:56:00,5271.0,5-10
207790,Jane's Advanced Strike Fighters,9.99,1331253840.0,2,False,146,258,404,Mostly Negative,0.3613861386138614,2012-03-09 00:44:00,5269.0,5-10
3920,Sid Meier's Pirates!,9.99,1121065200.0,3,False,7102,419,7521,Very Positive,0.9442893232282941,2005-07-11 07:00:00,7702.0,5-10
207320,Ys: The Oath in Felghana,14.99,1332174900.0,8,False,1995,133,2128,Very Positive,0.9375,2012-03-19 16:35:00,5259.0,10-20
207420,Wizorb,2.99,1331756220.0,1,False,708,300,1008,Mostly Positive,0.7023809523809523,2012-03-14 20:17:00,5263.0,<5
208110,Myst V: End of Ages,9.99,1331917560.0,1,False,177,101,278,Mixed,0.6366906474820144,2012-03-16 17:06:00,5262.0,5-10
207250,Cubemen,3.99,1331917080.0,3,False,362,148,510,Mostly Positive,0.7098039215686275,2012-03-16 16:58:00,5262.0,<5
205840,Yesterday,4.99,1332435600.0,4,False,854,171,1025,Very Positive,0.833170731707317,2012-03-22 17:00:00,5256.0,<5
40390,Risen 2: Dark Waters,9.99,1335499080.0,23,False,5384,1379,6763,Mostly Positive,0.7960964069200059,2012-04-27 03:58:00,5220.0,5-10
38420,Fallout Tactics: Brotherhood of Steel,9.99,1250665200.0,8,False,2304,621,2925,Mostly Positive,0.7876923076923077,2009-08-19 07:00:00,6202.0,5-10
38410,Fallout 2: A Post Nuclear Role Playing Game,9.99,1250665200.0,9,False,16314,1061,17375,Very Positive,0.9389352517985612,2009-08-19 07:00:00,6202.0,5-10
38400,Fallout: A Post Nuclear Role Playing Game,9.99,1446400800.0,9,False,23599,1442,25041,Very Positive,0.9424144403178787,2015-11-01 18:00:00,3936.0,5-10
41900,The Bard's Tale ARPG: Remastered and Resnarkled,19.99,1260559680.0,2,False,1087,360,1447,Mostly Positive,0.751209398756047,2009-12-11 19:28:00,6087.0,10-20
203750,Binary Domain,14.99,1335510000.0,5,False,7086,1177,8263,Very Positive,0.857557787728428,2012-04-27 07:00:00,5220.0,10-20
96800,Nexuiz,9.99,1336669200.0,3,False,181,156,337,Mixed,0.5370919881305638,2012-05-10 17:00:00,5207.0,5-10
102850,Warp,9.99,1332372060.0,3,False,284,142,426,Mixed,0.6666666666666666,2012-03-21 23:21:00,5256.0,5-10
10100,King's Quest™ Collection,19.99,1248369960.0,1,False,343,50,393,Very Positive,0.8727735368956743,2009-07-23 17:26:00,6229.0,10-20
202310,Ridge Racer™ Unbounded,9.99,1333062000.0,4,False,1188,728,1916,Mixed,0.6200417536534447,2012-03-29 23:00:00,5248.0,5-10
204560,Confrontation,9.99,1333576800.0,6,False,97,267,364,Mostly Negative,0.2664835164835165,2012-04-04 22:00:00,5242.0,5-10
202690,Hegemony Gold: Wars of Ancient Greece,14.99,1333125000.0,2,False,211,12,223,Very Positive,0.9461883408071748,2012-03-30 16:30:00,5248.0,10-20
204880,Sins of a Solar Empire®: Rebellion,19.99,1339520340.0,64,False,15205,1116,16321,Very Positive,0.931621836897249,2012-06-12 16:59:00,5174.0,10-20
207430,"Hack, Slash, Loot",5.99,1333660560.0,3,False,392,362,754,Mixed,0.519893899204244,2012-04-05 21:16:00,5241.0,5-10
204860,Men of War: Condemned Heroes,7.99,1334250360.0,4,False,563,221,784,Mostly Positive,0.7181122448979592,2012-04-12 17:06:00,5235.0,5-10
207170,Legend of Grimrock,14.99,1334161680.0,13,False,6268,438,6706,Very Positive,0.9346853563972561,2012-04-11 16:28:00,5236.0,10-20
204100,Max Payne 3,19.99,1338518400.0,52,False,55440,8295,63735,Very Positive,0.8698517298187809,2012-06-01 02:40:00,5185.0,10-20
204060,Superbrothers: Sword & Sworcery EP,7.99,1334595600.0,4,False,2052,599,2651,Mostly Positive,0.7740475292342512,2012-04-16 17:00:00,5231.0,5-10
208400,Avernum: Escape From the Pit,9.99,1334161320.0,3,False,1200,111,1311,Very Positive,0.9153318077803204,2012-04-11 16:22:00,5236.0,5-10
205730,Insanely Twisted Shadow Planet,14.99,1334682000.0,3,False,790,117,907,Very Positive,0.8710033076074972,2012-04-17 17:00:00,5230.0,10-20
65610,ArcaniA: Fall of Setarrif,14.99,1319492940.0,1,False,377,522,899,Mixed,0.41935483870967744,2011-10-24 21:49:00,5405.0,10-20
208600,Lunar Flight,14.99,1334077200.0,1,False,555,126,681,Very Positive,0.8149779735682819,2012-04-10 17:00:00,5237.0,10-20
202370,Scary Girl,6.99,1333986120.0,1,False,66,31,97,Mixed,0.6804123711340206,2012-04-09 15:42:00,5238.0,5-10
207610,The Walking Dead,14.99,1335286800.0,79,False,77997,2148,80145,Overwhelmingly Positive,0.9731985775781397,2012-04-24 17:00:00,5223.0,10-20
208670,Blades of Time,9.99,1334971140.0,3,False,2123,578,2701,Mostly Positive,0.7860051832654572,2012-04-21 01:19:00,5226.0,5-10
209120,Street Fighter X Tekken,12.99,1336751220.0,10,False,1343,1088,2431,Mixed,0.5524475524475524,2012-05-11 15:47:00,5206.0,10-20
205610,Port Royale 3,29.99,1336150740.0,18,False,1165,419,1584,Mostly Positive,0.735479797979798,2012-05-04 16:59:00,5213.0,20-30
200710,Torchlight II,19.99,1348160400.0,91,False,42105,3365,45470,Very Positive,0.9259951616450407,2012-09-20 17:00:00,5074.0,10-20
98300,Toy Soldiers,9.99,1335562680.0,8,False,1327,167,1494,Very Positive,0.8882195448460509,2012-04-27 21:38:00,5219.0,5-10
209830,Lone Survivor: The Director's Cut,9.99,1335223560.0,3,False,1108,196,1304,Very Positive,0.8496932515337423,2012-04-23 23:26:00,5223.0,5-10
115320,Prototype 2,39.99,1343138280.0,24,False,12144,3683,15827,Mostly Positive,0.767296392241107,2012-07-24 13:58:00,5132.0,30-40
209330,A Valley Without Wind,14.99,1335297480.0,1,False,313,206,519,Mixed,0.603082851637765,2012-04-24 19:58:00,5222.0,10-20
228320,A Valley Without Wind 2,14.99,1361206800.0,1,False,104,123,227,Mixed,0.4581497797356828,2013-02-18 17:00:00,4923.0,10-20
203630,Warlock - Master of the Arcane,24.99,1336496400.0,11,False,2271,365,2636,Very Positive,0.8615326251896813,2012-05-08 17:00:00,5209.0,20-30
80310,Gemini Rue,9.99,1319645640.0,1,False,1653,228,1881,Very Positive,0.8787878787878788,2011-10-26 16:14:00,5404.0,5-10
208730,Game of Thrones,14.99,1339088400.0,17,False,1717,649,2366,Mostly Positive,0.7256973795435334,2012-06-07 17:00:00,5179.0,10-20
209370,Analogue: A Hate Story,9.99,1335547500.0,2,False,2138,159,2297,Very Positive,0.9307792773182412,2012-04-27 17:25:00,5220.0,5-10
237950,UFO: Afterlight,6.99,1389016726.0,1,False,352,185,537,Mixed,0.6554934823091247,2014-01-06 13:58:46,4601.0,5-10
208140,ENDLESS Space™ - Definitive Edition,9.99,1341421200.0,57,False,7729,1863,9592,Very Positive,0.8057756463719766,2012-07-04 17:00:00,5152.0,5-10
104900,ORION: Prelude,0.99,1366124760.0,9,False,21367,6954,28321,Mostly Positive,0.7544578228169909,2013-04-16 15:06:00,4866.0,<5
202970,Call of Duty®: Black Ops II,39.99,1352719080.0,134,False,42442,6804,49246,Very Positive,0.8618364943345652,2012-11-12 11:18:00,5021.0,30-40
202750,Alan Wake's American Nightmare,8.99,1337706000.0,10,False,7929,2742,10671,Mostly Positive,0.7430418892324993,2012-05-22 17:00:00,5195.0,5-10
207690,Botanicula,14.99,1336411800.0,1,False,6364,313,6677,Overwhelmingly Positive,0.9531226598771904,2012-05-07 17:30:00,5210.0,10-20
94300,The Dream Machine: Chapter 1 & 2,3.99,1336759740.0,2,False,1950,292,2242,Very Positive,0.8697591436217663,2012-05-11 18:09:00,5205.0,<5
212630,Tom Clancy's Ghost Recon: Future Soldier™,19.99,1340730360.0,22,False,4288,1786,6074,Mostly Positive,0.7059598287783997,2012-06-26 17:06:00,5160.0,10-20
205530,Gratuitous Tank Battles,9.99,1337272680.0,2,False,54,49,103,Mixed,0.5242718446601942,2012-05-17 16:38:00,5200.0,5-10
203650,Sonic the Hedgehog 4 - Episode II,9.99,1337065200.0,1,False,1713,593,2306,Mostly Positive,0.7428447528187337,2012-05-15 07:00:00,5202.0,5-10
13630,Tom Clancy's Ghost Recon® Island Thunder™,4.99,1216105200.0,1,False,163,23,186,Very Positive,0.8763440860215054,2008-07-15 07:00:00,6602.0,<5
13620,Tom Clancy's Ghost Recon® Desert Siege™,4.99,1216105200.0,1,False,164,16,180,Very Positive,0.9111111111111111,2008-07-15 07:00:00,6602.0,<5
91330,Iron Front: Digital War Edition,14.99,1337965200.0,7,False,513,355,868,Mixed,0.5910138248847926,2012-05-25 17:00:00,5192.0,10-20
211740,Thief II: The Metal Age,6.99,1337707800.0,2,False,2002,123,2125,Very Positive,0.9421176470588235,2012-05-22 17:30:00,5195.0,5-10
211600,Thief Gold (1999),6.99,1337707860.0,2,False,3839,319,4158,Very Positive,0.9232804232804233,2012-05-22 17:31:00,5195.0,5-10
207080,Indie Game: The Movie,9.99,1339520400.0,3,False,1742,150,1892,Very Positive,0.9207188160676533,2012-06-12 17:00:00,5174.0,5-10
108800,Crysis 2 - Maximum Edition,29.99,1300813560.0,19,False,11824,2032,13856,Very Positive,0.8533487297921478,2011-03-22 17:06:00,5622.0,20-30
200010,Quantum Conundrum,8.99,1340298000.0,8,False,1822,327,2149,Very Positive,0.8478362028850628,2012-06-21 17:00:00,5165.0,5-10
207350,Ys Origin,19.99,1338485400.0,9,False,3380,253,3633,Very Positive,0.9303605835397742,2012-05-31 17:30:00,5186.0,10-20
42170,Krater,14.99,1339522020.0,8,False,518,418,936,Mixed,0.5534188034188035,2012-06-12 17:27:00,5174.0,10-20
203140,Hitman: Absolution™,19.99,1353387600.0,49,False,58949,4307,63256,Very Positive,0.9319115973188314,2012-11-20 05:00:00,5013.0,10-20
211340,Magical Diary: Horse Hall,14.99,1338481860.0,1,False,919,100,1019,Very Positive,0.9018645731108931,2012-05-31 16:31:00,5186.0,10-20
10110,Space Quest™ Collection,19.99,1248370080.0,1,False,354,62,416,Very Positive,0.8509615384615384,2009-07-23 17:28:00,6229.0,10-20
210950,Rune Classic,9.99,1339605180.0,1,False,836,97,933,Very Positive,0.8960342979635584,2012-06-13 16:33:00,5173.0,5-10
209790,Splice,9.99,1339619820.0,1,False,515,74,589,Very Positive,0.8743633276740238,2012-06-13 20:37:00,5172.0,5-10
213330,LEGO® Batman™ 2: DC Super Heroes,19.99,1340383560.0,8,False,8998,492,9490,Very Positive,0.9481559536354057,2012-06-22 16:46:00,5164.0,10-20
65530,SpellForce 2: Faith in Destiny,14.99,1340126220.0,2,False,235,152,387,Mixed,0.6072351421188631,2012-06-19 17:17:00,5167.0,10-20
205910,Tiny and Big: Grandpa's Leftovers,11.99,1340124900.0,1,False,3804,349,4153,Very Positive,0.915964363111004,2012-06-19 16:55:00,5167.0,10-20
203830,The Dark Eye: Chains of Satinav,19.99,1340384400.0,2,False,2213,335,2548,Very Positive,0.8685243328100472,2012-06-22 17:00:00,5164.0,10-20
214170,Divine Divinity,5.99,1341507600.0,2,False,3525,491,4016,Very Positive,0.8777390438247012,2012-07-05 17:00:00,5151.0,5-10
16730,Legendary,5.99,1228165200.0,1,False,1530,1193,2723,Mixed,0.5618802791039295,2008-12-01 21:00:00,6462.0,5-10
201790,Orcs Must Die! 2,14.99,1343664540.0,47,False,18095,1511,19606,Very Positive,0.9229317555850249,2012-07-30 16:09:00,5126.0,10-20
49520,Borderlands 2,19.99,1347940800.0,359,False,279177,32686,311863,Very Positive,0.8951911576557655,2012-09-18 04:00:00,5076.0,10-20
211580,Wanderlust: Rebirth,4.99,1343408100.0,2,False,267,241,508,Mixed,0.5255905511811023,2012-07-27 16:55:00,5129.0,<5
212030,Kung Fu Strike - The Warrior's Rise,9.99,1343149200.0,2,False,896,251,1147,Mostly Positive,0.7811682650392328,2012-07-24 17:00:00,5132.0,5-10
212050,Resonance,14.99,1343230860.0,1,False,512,66,578,Very Positive,0.8858131487889274,2012-07-25 15:41:00,5131.0,10-20
212410,Inversion™,9.99,1343343480.0,1,False,437,265,702,Mixed,0.6225071225071225,2012-07-26 22:58:00,5129.0,5-10
204300,Awesomenauts,19.99,1343840400.0,22,False,22710,4156,26866,Very Positive,0.8453063351447927,2012-08-01 17:00:00,5124.0,10-20
205100,Dishonored,9.99,1349755200.0,99,False,85602,2081,87683,Overwhelmingly Positive,0.9762667791932301,2012-10-09 04:00:00,5055.0,5-10
215160,The Book of Unwritten Tales,19.99,1343754660.0,4,False,1972,186,2158,Very Positive,0.9138090824837812,2012-07-31 17:11:00,5125.0,10-20
108700,Death Rally,9.99,1344012960.0,3,False,638,265,903,Mostly Positive,0.7065337763012182,2012-08-03 16:56:00,5122.0,5-10
1700,Arx Fatalis,4.99,1175583600.0,4,False,2290,318,2608,Very Positive,0.8780674846625767,2007-04-03 07:00:00,7071.0,<5
207750,Symphony,4.99,1344272400.0,4,False,1252,240,1492,Very Positive,0.839142091152815,2012-08-06 17:00:00,5119.0,<5
730,Counter-Strike 2,14.99,1345568400.0,723,True,8407143,1370193,9777336,Very Positive,0.8598602932332489,2012-08-21 17:00:00,5104.0,10-20
214340,Deponia,9.99,1344294300.0,7,False,12233,1903,14136,Very Positive,0.8653791737408036,2012-08-06 23:05:00,5118.0,5-10
115120,Iron Brigade,14.99,1344879180.0,2,False,1060,174,1234,Very Positive,0.8589951377633711,2012-08-13 17:33:00,5112.0,10-20
211180,Unmechanical,9.99,1344443940.0,1,False,439,36,475,Very Positive,0.9242105263157895,2012-08-08 16:39:00,5117.0,5-10
214360,Tower Wars,7.99,1344964980.0,6,False,1264,490,1754,Mostly Positive,0.7206385404789054,2012-08-14 17:23:00,5111.0,5-10
206250,Cladun X2,9.99,1344964800.0,1,False,108,60,168,Mixed,0.6428571428571429,2012-08-14 17:20:00,5111.0,5-10
211070,Check vs Mate,24.99,1345133760.0,1,False,1109,413,1522,Mostly Positive,0.728646517739816,2012-08-16 16:16:00,5109.0,20-30
208580,STAR WARS™ Knights of the Old Republic™ II - The Sith Lords™,9.99,1345741020.0,23,False,24276,1666,25942,Very Positive,0.9357798165137615,2012-08-23 16:57:00,5102.0,5-10
212010,Galaxy on Fire 2™ Full HD,7.99,1345568400.0,4,False,1721,527,2248,Mostly Positive,0.7655693950177936,2012-08-21 17:00:00,5104.0,5-10
205810,Jagged Alliance: Crossfire,14.99,1345827600.0,2,False,206,128,334,Mixed,0.6167664670658682,2012-08-24 17:00:00,5101.0,10-20
217290,Din's Curse,9.99,1345654800.0,1,False,218,35,253,Very Positive,0.8616600790513834,2012-08-22 17:00:00,5103.0,5-10
214700,Thirty Flights of Loving,4.99,1345507860.0,1,False,1216,684,1900,Mixed,0.64,2012-08-21 00:11:00,5104.0,<5
214790,The Basement Collection,3.99,1346431500.0,2,False,1440,215,1655,Very Positive,0.8700906344410876,2012-08-31 16:45:00,5094.0,<5
215670,Home,4.99,1346432400.0,2,False,1190,584,1774,Mixed,0.6708004509582863,2012-08-31 17:00:00,5094.0,<5
211260,They Bleed Pixels,9.99,1346265240.0,3,False,2118,429,2547,Very Positive,0.8315665488810365,2012-08-29 18:34:00,5095.0,5-10
65740,Carrier Command: Gaea Mission,32.99,1348851600.0,9,False,568,614,1182,Mixed,0.4805414551607445,2012-09-28 17:00:00,5066.0,30-40
200510,XCOM: Enemy Unknown,14.99,1349755080.0,150,False,54521,3973,58494,Very Positive,0.9320785037781653,2012-10-09 03:58:00,5055.0,10-20
4920,Natural Selection 2,4.99,1351641600.0,36,False,11370,1984,13354,Very Positive,0.851430283061255,2012-10-31 00:00:00,5033.0,<5
206440,To the Moon,9.99,1347053880.0,6,False,82898,3327,86225,Overwhelmingly Positive,0.9614149028703972,2012-09-07 21:38:00,5086.0,5-10
7860,NecroVision,4.99,1242842400.0,1,False,1311,623,1934,Mixed,0.6778697001034126,2009-05-20 18:00:00,6292.0,<5
72000,Closure,9.99,1347036900.0,1,False,848,146,994,Very Positive,0.8531187122736419,2012-09-07 16:55:00,5087.0,5-10
212680,FTL: Faster Than Light,9.99,1347642000.0,51,False,74644,3839,78483,Overwhelmingly Positive,0.9510849483327599,2012-09-14 17:00:00,5080.0,5-10
200170,Worms Revolution,24.99,1349888400.0,20,False,7935,1155,9090,Very Positive,0.8729372937293729,2012-10-10 17:00:00,5054.0,20-30
214970,Intrusion 2,9.99,1347379860.0,1,False,2066,233,2299,Very Positive,0.898651587646803,2012-09-11 16:11:00,5083.0,5-10
208460,Tryst,14.99,1347642000.0,1,False,16,47,63,Mostly Negative,0.25396825396825395,2012-09-14 17:00:00,5080.0,10-20
215470,Primal Carnage,4.99,1351530000.0,10,False,4427,1366,5793,Mostly Positive,0.7641981702054204,2012-10-29 17:00:00,5035.0,<5
216210,Secret Files 3,9.99,1347576420.0,1,False,144,60,204,Mostly Positive,0.7058823529411765,2012-09-13 22:47:00,5080.0,5-10
231430,Company of Heroes 2,19.99,1372179600.0,195,False,89312,23682,112994,Mostly Positive,0.7904136502823159,2013-06-25 17:00:00,4796.0,10-20
205650,The Testament of Sherlock Holmes,19.99,1348596000.0,7,False,3151,775,3926,Very Positive,0.8025980641874682,2012-09-25 18:00:00,5068.0,10-20
217690,Anna - Extended Edition,9.99,1365808440.0,1,False,977,642,1619,Mixed,0.6034589252625078,2013-04-12 23:14:00,4869.0,5-10
214910,Air Conflicts: Pacific Carriers,9.99,1348246800.0,1,False,304,255,559,Mixed,0.5438282647584973,2012-09-21 17:00:00,5073.0,5-10
214870,Painkiller Hell & Damnation,19.99,1351702800.0,8,False,3387,956,4343,Mostly Positive,0.7798756619848032,2012-10-31 17:00:00,5033.0,10-20
217790,Dogfight 1942,9.99,1348250160.0,2,False,924,246,1170,Mostly Positive,0.7897435897435897,2012-09-21 17:56:00,5072.0,5-10
7510,X-Blades,12.99,1241121600.0,1,False,1980,1240,3220,Mixed,0.6149068322981367,2009-04-30 20:00:00,6312.0,10-20
204360,Castle Crashers®,14.99,1348678800.0,39,False,134696,5354,140050,Overwhelmingly Positive,0.9617707961442342,2012-09-26 17:00:00,5068.0,10-20
209670,Cortex Command,19.99,1348852260.0,2,False,4321,1713,6034,Mostly Positive,0.7161087172688101,2012-09-28 17:11:00,5066.0,10-20
214830,Half Minute Hero: Super Mega Neo Climax Ultimate Boy,9.99,1348764240.0,6,False,1278,205,1483,Very Positive,0.8617666891436278,2012-09-27 16:44:00,5067.0,5-10
220860,McPixel,4.99,1348603200.0,1,False,3324,618,3942,Very Positive,0.8432267884322678,2012-09-25 20:00:00,5068.0,<5
211160,Viking: Battle for Asgard,14.99,1350489600.0,5,False,1212,1186,2398,Mixed,0.5054211843202668,2012-10-17 16:00:00,5047.0,10-20
216910,Of Orcs And Men,14.99,1349970720.0,10,False,1624,564,2188,Mostly Positive,0.7422303473491774,2012-10-11 15:52:00,5053.0,10-20
220260,Farming Simulator 2013 Titanium Edition,14.99,1381362720.0,32,False,4962,402,5364,Very Positive,0.9250559284116331,2013-10-09 23:52:00,4689.0,10-20
205230,Hell Yeah! Wrath of the Dead Rabbit,14.99,1349272800.0,2,False,3175,547,3722,Very Positive,0.853036002149382,2012-10-03 14:00:00,5061.0,10-20
204630,Retro City Rampage™ DX,14.99,1415728800.0,4,False,2134,292,2426,Very Positive,0.8796372629843363,2014-11-11 18:00:00,4291.0,10-20
216890,Blood Bowl: Chaos Edition (Classic),14.99,1349974500.0,12,False,1460,344,1804,Very Positive,0.8093126385809313,2012-10-11 16:55:00,5053.0,10-20
209730,R.A.W. Realms of Ancient War,4.99,1349969880.0,1,False,429,409,838,Mixed,0.5119331742243437,2012-10-11 15:38:00,5053.0,<5
218040,Democracy 2,19.99,1349968080.0,2,False,61,51,112,Mixed,0.5446428571428571,2012-10-11 15:08:00,5053.0,10-20
219640,Chivalry: Medieval Warfare,24.99,1350405000.0,96,False,53721,11345,65066,Very Positive,0.8256385823625242,2012-10-16 16:30:00,5048.0,20-30
208200,DOOM 3,9.99,1350360000.0,12,False,10699,1714,12413,Very Positive,0.8619189559332957,2012-10-16 04:00:00,5048.0,5-10
214560,Mark of the Ninja,4.99,,18,False,15400,474,15874,Overwhelmingly Positive,0.9701398513292175,,,<5
218090,Unity of Command: Stalingrad Campaign,9.99,1350489120.0,2,False,794,224,1018,Mostly Positive,0.7799607072691552,2012-10-17 15:52:00,5047.0,5-10
209080,Guns of Icarus Online,4.99,1351530180.0,25,False,13181,1490,14671,Very Positive,0.8984390975393634,2012-10-29 17:03:00,5035.0,<5
203350,King's Bounty: Warriors of the North,9.99,1351206000.0,4,False,1623,417,2040,Mostly Positive,0.7955882352941176,2012-10-25 23:00:00,5038.0,5-10
200370,A Game of Dwarves,9.99,1351011600.0,4,False,352,203,555,Mixed,0.6342342342342342,2012-10-23 17:00:00,5041.0,5-10
220820,Zombie Driver HD,9.99,1350493200.0,1,False,3393,665,4058,Very Positive,0.8361261705273534,2012-10-17 17:00:00,5047.0,5-10
8870,BioShock Infinite,29.99,1364269980.0,122,False,135777,9487,145264,Very Positive,0.9346913206300254,2013-03-26 03:53:00,4887.0,20-30
219910,Edna & Harvey: Harvey's New Eyes,19.99,1350409860.0,1,False,3042,397,3439,Very Positive,0.8845594649607444,2012-10-16 17:51:00,5047.0,10-20
211400,Deadlight,14.99,1351184400.0,12,False,10037,2731,12768,Mostly Positive,0.7861058897243107,2012-10-25 17:00:00,5039.0,10-20
219150,Hotline Miami,9.99,1351012140.0,25,False,123138,4006,127144,Overwhelmingly Positive,0.9684924180456805,2012-10-23 17:09:00,5041.0,5-10
218640,Lucius,9.99,1351270800.0,2,False,8825,2060,10885,Very Positive,0.8107487367937529,2012-10-26 17:00:00,5038.0,5-10
223220,Giana Sisters: Twisted Dreams,14.99,1350946800.0,3,False,1490,430,1920,Mostly Positive,0.7760416666666666,2012-10-22 23:00:00,5041.0,10-20
223470,POSTAL 2,9.99,1351877280.0,14,False,132432,4157,136589,Overwhelmingly Positive,0.9695656312001698,2012-11-02 17:28:00,5031.0,5-10
216130,Gemini Wars,9.99,1351878960.0,2,False,52,113,165,Mostly Negative,0.3151515151515151,2012-11-02 17:56:00,5030.0,5-10
218410,Defender's Quest: Valley of the Forgotten (DX edition),14.99,1351619940.0,4,False,3333,175,3508,Overwhelmingly Positive,0.9501140250855188,2012-10-30 17:59:00,5033.0,10-20
221020,Towns,4.99,1352313780.0,7,False,765,2072,2837,Mostly Negative,0.2696510398308072,2012-11-07 18:43:00,5025.0,<5
220240,Far Cry 3,19.99,1354644000.0,104,False,116439,16017,132456,Very Positive,0.879076825511868,2012-12-04 18:00:00,4998.0,10-20
220740,Chaos on Deponia,19.99,1352224800.0,5,False,2817,296,3113,Very Positive,0.904914873112753,2012-11-06 18:00:00,5026.0,10-20
219740,Don't Starve,9.99,1366736400.0,119,False,109384,3912,113296,Overwhelmingly Positive,0.9654709786753284,2013-04-23 17:00:00,4859.0,5-10
222140,Puddle,7.99,1352484900.0,2,False,374,135,509,Mostly Positive,0.7347740667976425,2012-11-09 18:15:00,5023.0,5-10
203160,Tomb Raider Game of the Year,19.99,1362459600.0,67,False,257998,10676,268674,Overwhelmingly Positive,0.9602641118976901,2013-03-05 05:00:00,4908.0,10-20
223730,Fly'N,9.99,1352484000.0,1,False,445,69,514,Very Positive,0.8657587548638133,2012-11-09 18:00:00,5023.0,5-10
207040,Sine Mora,9.99,1352484000.0,3,False,768,174,942,Very Positive,0.8152866242038217,2012-11-09 18:00:00,5023.0,5-10
218680,Scribblenauts Unlimited,19.99,1353398040.0,28,False,11617,747,12364,Very Positive,0.939582659333549,2012-11-20 07:54:00,5013.0,10-20
221260,Little Inferno,14.99,1353348000.0,8,False,13035,699,13734,Very Positive,0.9491044124071647,2012-11-19 18:00:00,5013.0,10-20
213610,Sonic Adventure 2,9.99,1353349740.0,4,False,25276,3039,28315,Very Positive,0.8926717287656719,2012-11-19 18:29:00,5013.0,5-10
214510,LEGO® The Lord of the Rings™,19.99,1354043760.0,16,False,14431,1581,16012,Very Positive,0.901261553834624,2012-11-27 19:16:00,5005.0,10-20
223430,Miner Wars 2081,4.99,1354119540.0,2,False,139,252,391,Mostly Negative,0.3554987212276215,2012-11-28 16:19:00,5005.0,<5
223510,Miasmata,14.99,1354127760.0,3,False,950,284,1234,Mostly Positive,0.7698541329011345,2012-11-28 18:36:00,5004.0,10-20
209190,Stealth Bastard Deluxe,12.99,1354130460.0,2,False,1088,135,1223,Very Positive,0.8896156991005724,2012-11-28 19:21:00,5004.0,10-20
221640,Super Hexagon,2.99,1354039080.0,1,False,24295,783,25078,Overwhelmingly Positive,0.9687774144668634,2012-11-27 17:58:00,5005.0,<5
32440,LEGO® Star Wars™ - The Complete Saga,19.99,1258068960.0,8,False,24588,837,25425,Overwhelmingly Positive,0.9670796460176991,2009-11-12 23:36:00,6116.0,10-20
209950,Triple Town,9.99,1354816800.0,1,False,754,70,824,Very Positive,0.9150485436893204,2012-12-06 18:00:00,4996.0,5-10
227000,Primordia,9.99,1354730400.0,1,False,3309,118,3427,Overwhelmingly Positive,0.9655675517945725,2012-12-05 18:00:00,4997.0,5-10
222980,Dead Pixels,2.99,1354903200.0,1,False,2113,311,2424,Very Positive,0.8716996699669967,2012-12-07 18:00:00,4995.0,<5
211970,Test Drive: Ferrari Racing Legends,19.99,1355162640.0,1,False,209,129,338,Mixed,0.6183431952662722,2012-12-10 18:04:00,4992.0,10-20
227200,Waking Mars,9.99,1355422680.0,1,False,1064,136,1200,Very Positive,0.8866666666666667,2012-12-13 18:18:00,4989.0,5-10
221810,The Cave,14.99,1358982180.0,8,False,2544,375,2919,Very Positive,0.8715313463514902,2013-01-23 23:03:00,4948.0,10-20
220440,DmC: Devil May Cry,29.99,1359090000.0,27,False,30585,2230,32815,Very Positive,0.9320432728934939,2013-01-25 05:00:00,4947.0,20-30
49540,Aliens: Colonial Marines Collection,29.99,1335855600.0,12,False,7503,4607,12110,Mixed,0.619570602807597,2012-05-01 07:00:00,5216.0,20-30
215710, Fieldrunners 2,9.99,1357840140.0,2,False,458,76,534,Very Positive,0.8576779026217228,2013-01-10 17:49:00,4961.0,5-10
225640,Sacred 2 Gold,19.99,,4,False,2826,883,3709,Mostly Positive,0.7619304394715557,,,10-20
212480,Sonic & All-Stars Racing Transformed Collection,19.99,1359651600.0,13,False,16656,1186,17842,Very Positive,0.9335276314314539,2013-01-31 17:00:00,4941.0,10-20
219200,Droid Assault,9.99,1357753680.0,1,False,307,65,372,Very Positive,0.8252688172043011,2013-01-09 17:48:00,4962.0,5-10
211280,Primal Fears,4.99,1357653900.0,1,False,179,129,308,Mixed,0.5811688311688312,2013-01-08 14:05:00,4964.0,<5
227300,Euro Truck Simulator 2,19.99,1350061200.0,632,False,911651,23888,935539,Overwhelmingly Positive,0.9744660564658448,2012-10-12 17:00:00,5052.0,10-20
228280,Baldur's Gate: Enhanced Edition,19.99,1358364780.0,15,False,16543,1360,17903,Very Positive,0.9240350779199017,2013-01-16 19:33:00,4955.0,10-20
208520,Omerta - City of Gangsters,24.99,1359655200.0,16,False,1604,790,2394,Mixed,0.6700083542188805,2013-01-31 18:00:00,4940.0,20-30
227580,"10,000,000",4.99,1358266620.0,1,False,2132,232,2364,Very Positive,0.9018612521150592,2013-01-15 16:17:00,4957.0,<5
209540,Strike Suit Zero,6.99,1358964000.0,9,False,1289,381,1670,Mostly Positive,0.7718562874251497,2013-01-23 18:00:00,4948.0,5-10
368730,No Time To Explain Remastered,14.99,1437122085.0,2,False,2012,540,2552,Mostly Positive,0.7884012539184952,2015-07-17 08:34:45,4044.0,10-20
219890,Antichamber,19.99,1359655200.0,16,False,16873,861,17734,Overwhelmingly Positive,0.9514491936393369,2013-01-31 18:00:00,4940.0,10-20
219680,Proteus,9.99,1359567120.0,3,False,2127,667,2794,Mostly Positive,0.7612741589119542,2013-01-30 17:32:00,4942.0,5-10
231140,Cities XL Platinum,9.99,1360183560.0,11,False,956,677,1633,Mixed,0.5854255970606246,2013-02-06 20:46:00,4934.0,5-10
202130,Impire,19.99,1360866480.0,4,False,209,244,453,Mixed,0.4613686534216336,2013-02-14 18:28:00,4926.0,10-20
225260,Brutal Legend,14.99,1361901420.0,10,False,18957,1379,20336,Very Positive,0.9321892210857592,2013-02-26 17:57:00,4914.0,10-20
221040,Resident Evil 6,19.99,1363884600.0,32,False,54435,16034,70469,Mostly Positive,0.7724673260582667,2013-03-21 16:50:00,4892.0,10-20
227100,Sniper Elite: Nazi Zombie Army,14.99,1362071640.0,12,False,4151,550,4701,Very Positive,0.8830036162518613,2013-02-28 17:14:00,4913.0,10-20
34870,Sniper: Ghost Warrior 2,9.99,1363060800.0,13,False,14208,4525,18733,Mostly Positive,0.758447659211018,2013-03-12 04:00:00,4901.0,5-10
227760,March of the Eagles,19.99,1361210400.0,2,False,264,127,391,Mixed,0.6751918158567775,2013-02-18 18:00:00,4922.0,10-20
223810,Ys I & II Chronicles+,14.99,1360864800.0,3,False,2715,331,3046,Very Positive,0.8913328956007879,2013-02-14 18:00:00,4926.0,10-20
231200,Kentucky Route Zero: PC Edition,24.99,1361551140.0,6,False,3559,880,4439,Very Positive,0.801757152511827,2013-02-22 16:39:00,4919.0,20-30
218060,BIT.TRIP Presents... Runner2: Future Legend of Rhythm Alien,14.99,1361902320.0,5,False,2818,257,3075,Very Positive,0.9164227642276422,2013-02-26 18:12:00,4914.0,10-20
204240,The Bridge,9.99,1361556000.0,1,False,3787,568,4355,Very Positive,0.8695752009184845,2013-02-22 18:00:00,4918.0,5-10
228760,TrackMania² Canyon,19.99,1361973180.0,4,False,1515,347,1862,Very Positive,0.813641245972073,2013-02-27 13:53:00,4914.0,10-20
220160,Trials Evolution: Gold Edition,19.99,1363885200.0,14,False,1823,608,2431,Mostly Positive,0.7498971616618676,2013-03-21 17:00:00,4892.0,10-20
232910,TrackMania² Stadium,9.99,1371734460.0,5,False,5921,750,6671,Very Positive,0.8875730774996252,2013-06-20 13:21:00,4801.0,5-10
229870,ShootMania Storm,19.99,1365581040.0,3,False,733,123,856,Very Positive,0.8563084112149533,2013-04-10 08:04:00,4872.0,10-20
229970,Armada 2526 Gold Edition,19.99,1362096000.0,1,False,73,36,109,Mixed,0.6697247706422018,2013-03-01 00:00:00,4912.0,10-20
107410,Arma 3,29.99,1378969200.0,426,False,266358,28235,294593,Very Positive,0.9041559032292009,2013-09-12 07:00:00,4717.0,20-30
221380,Age of Empires II (Retired),19.99,1365548880.0,334,False,98467,4281,102748,Overwhelmingly Positive,0.9583349554249231,2013-04-09 23:08:00,4872.0,10-20
220660,StarDrive,29.99,1366998780.0,15,False,665,823,1488,Mixed,0.4469086021505376,2013-04-26 17:53:00,4855.0,20-30
233700,Sword of the Stars: The Pit,9.99,,4,False,1294,260,1554,Very Positive,0.8326898326898327,,,5-10
220200,Kerbal Space Program,39.99,1430154000.0,202,False,139093,6446,145539,Overwhelmingly Positive,0.9557094661911928,2015-04-27 17:00:00,4125.0,30-40
233860,Kenshi,29.99,1544108400.0,40,False,110309,5109,115418,Overwhelmingly Positive,0.9557348073957268,2018-12-06 15:00:00,2806.0,20-30
233450,Prison Architect,29.99,1444142880.0,96,False,65745,7920,73665,Very Positive,0.8924862553451436,2015-10-06 14:48:00,3963.0,20-30
233740,Organ Trail: Director's Cut,4.99,1363712400.0,1,False,2771,375,3146,Very Positive,0.8808010171646535,2013-03-19 17:00:00,4894.0,<5
227160,Kinetic Void,9.99,1416595941.0,7,False,269,1288,1557,Overwhelmingly Negative,0.17276814386640976,2014-11-21 18:52:21,4281.0,5-10
230050,DLC Quest,2.99,1363626000.0,2,False,5493,735,6228,Very Positive,0.8819845857418112,2013-03-18 17:00:00,4895.0,<5
228260,Fallen Enchantress: Legendary Heroes,39.99,1369241820.0,12,False,1881,648,2529,Mostly Positive,0.7437722419928826,2013-05-22 16:57:00,4830.0,30-40
226740,Monster Loves You!,9.99,1363626000.0,3,False,937,258,1195,Mostly Positive,0.7841004184100419,2013-03-18 17:00:00,4895.0,5-10
224500,Gnomoria,14.99,1456250400.0,2,False,2661,878,3539,Mostly Positive,0.75190731845154,2016-02-23 18:00:00,3822.0,10-20
234900,Anodyne,14.99,1363989420.0,1,False,1357,242,1599,Very Positive,0.8486554096310194,2013-03-22 21:57:00,4890.0,10-20
232950,Bridge Project,19.99,1364490000.0,1,False,369,412,781,Mixed,0.47247119078104993,2013-03-28 17:00:00,4885.0,10-20
225420,Cities in Motion 2,19.99,1364922000.0,7,False,1449,1049,2498,Mixed,0.5800640512409928,2013-04-02 17:00:00,4880.0,10-20
233470,Evoland,9.99,1365093900.0,5,False,4930,1039,5969,Very Positive,0.8259339922935165,2013-04-04 16:45:00,4878.0,5-10
230650,Lords of Football,14.99,1365180600.0,2,False,182,171,353,Mixed,0.5155807365439093,2013-04-05 16:50:00,4877.0,10-20
232050,Eador. Masters of the Broken World,19.99,1366390800.0,4,False,1915,894,2809,Mixed,0.6817372730509078,2013-04-19 17:00:00,4863.0,10-20
233270,Far Cry 3 - Blood Dragon,14.99,1367427600.0,21,False,17190,2468,19658,Very Positive,0.8744531488452538,2013-05-01 17:00:00,4851.0,10-20
222480,Resident Evil Revelations,19.99,1369108800.0,15,False,14883,3433,18316,Very Positive,0.8125682463419961,2013-05-21 04:00:00,4831.0,10-20
228440,Cubemen 2,7.99,1365445560.0,1,False,156,73,229,Mixed,0.6812227074235808,2013-04-08 18:26:00,4873.0,5-10
233720,Surgeon Simulator,9.99,1366390200.0,20,False,13828,3052,16880,Very Positive,0.8191943127962086,2013-04-19 16:50:00,4863.0,5-10
113020,Monaco: What's Yours Is Mine,14.99,1366815600.0,14,False,7719,802,8521,Very Positive,0.9058795915972304,2013-04-24 15:00:00,4858.0,10-20
207930,Sacred Citadel,9.99,1366149600.0,1,False,817,377,1194,Mixed,0.6842546063651591,2013-04-16 22:00:00,4865.0,5-10
224760,FEZ,9.99,1367425860.0,10,False,15023,1189,16212,Very Positive,0.9266592647421663,2013-05-01 16:31:00,4851.0,5-10
227080,Papo & Yo,14.99,1366304400.0,2,False,2684,188,2872,Very Positive,0.9345403899721448,2013-04-18 17:00:00,4864.0,10-20
230700,La-Mulana,14.99,1366045200.0,3,False,2090,536,2626,Mostly Positive,0.7958872810357959,2013-04-15 17:00:00,4867.0,10-20
222750,Wargame: Airland Battle,19.99,1369846800.0,25,False,3881,569,4450,Very Positive,0.8721348314606742,2013-05-29 17:00:00,4823.0,10-20
232750,Mars: War Logs,4.99,1366966920.0,6,False,2281,747,3028,Mostly Positive,0.7533025099075297,2013-04-26 09:02:00,4856.0,<5
228300,Remember Me,29.99,1370318760.0,20,False,14128,2862,16990,Very Positive,0.8315479693937611,2013-06-04 04:06:00,4817.0,20-30
222880,Insurgency,14.99,1390421940.0,40,False,114325,10356,124681,Very Positive,0.9169400309590073,2014-01-22 20:19:00,4584.0,10-20
235360,Prime World: Defenders,9.99,1370464140.0,3,False,794,259,1053,Mostly Positive,0.7540360873694207,2013-06-05 20:29:00,4815.0,5-10
234650,Shadowrun Returns,14.99,1374771600.0,30,False,12080,1595,13675,Very Positive,0.883363802559415,2013-07-25 17:00:00,4766.0,10-20
234160,Strike Suit Infinity,6.99,1367345640.0,1,False,511,111,622,Very Positive,0.8215434083601286,2013-04-30 18:14:00,4851.0,5-10
215690,Zeno Clash 2,14.99,1367340300.0,2,False,1127,308,1435,Mostly Positive,0.7853658536585366,2013-04-30 16:45:00,4852.0,10-20
234190,Receiver,4.99,1367253900.0,1,False,3332,852,4184,Mostly Positive,0.7963671128107075,2013-04-29 16:45:00,4853.0,<5
214950,Total War: ROME II - Emperor Edition,59.99,1378105200.0,204,False,76899,10952,87851,Very Positive,0.8753343729724192,2013-09-02 07:00:00,4727.0,50+
210770,Sanctum 2,14.99,1368637200.0,14,False,12938,1450,14388,Very Positive,0.8992215735335002,2013-05-15 17:00:00,4837.0,10-20
204450,Call of Juarez: Gunslinger,14.99,1369242000.0,16,False,41841,2215,44056,Very Positive,0.9497230797167242,2013-05-22 17:00:00,4830.0,10-20
442120,Pinball FX Classic,19.97,1506422280.0,3,True,4750,669,5419,Very Positive,0.8765454880974349,2017-09-26 10:38:00,3242.0,10-20
235250,Super Sanctum TD,4.99,1368117660.0,1,False,1364,214,1578,Very Positive,0.8643852978453739,2013-05-09 16:41:00,4843.0,<5
222730,Reus,9.99,1368723000.0,7,False,4677,1307,5984,Mostly Positive,0.7815842245989305,2013-05-16 16:50:00,4836.0,5-10
230190,War for the Overworld,29.99,1427993940.0,13,False,6961,1140,8101,Very Positive,0.8592766325145044,2015-04-02 16:59:00,4150.0,20-30
236730,Anomaly 2,14.99,1368637200.0,1,False,847,222,1069,Mostly Positive,0.7923292797006548,2013-05-15 17:00:00,4837.0,10-20
227380,Dragon's Lair,9.99,1368808980.0,1,False,551,167,718,Mostly Positive,0.7674094707520891,2013-05-17 16:43:00,4835.0,5-10
215530,The Incredible Adventures of Van Helsing,14.99,1369237560.0,15,False,8470,1759,10229,Very Positive,0.8280379313715905,2013-05-22 15:46:00,4830.0,10-20
236090,Dust: An Elysian Tail,14.99,1369410480.0,13,False,18123,923,19046,Overwhelmingly Positive,0.9515383807623649,2013-05-24 15:48:00,4828.0,10-20
218620,PAYDAY 2,9.99,1376392500.0,331,False,602095,71784,673879,Very Positive,0.893476425292968,2013-08-13 11:15:00,4747.0,5-10
238890,Skyward Collapse,4.99,1369329660.0,1,False,152,177,329,Mixed,0.46200607902735563,2013-05-23 17:21:00,4829.0,<5
231160,The Swapper,14.99,1369932300.0,5,False,7122,447,7569,Very Positive,0.940943321442727,2013-05-30 16:45:00,4822.0,10-20
206190,Gunpoint,9.99,1370278800.0,6,False,12988,331,13319,Overwhelmingly Positive,0.9751482844057362,2013-06-03 17:00:00,4818.0,5-10
237430,Expeditions: Conquistador,19.99,1369932180.0,3,False,1275,340,1615,Mostly Positive,0.7894736842105263,2013-05-30 16:43:00,4822.0,10-20
209160,Call of Duty®: Ghosts,39.99,1395765900.0,51,False,20949,11034,31983,Mixed,0.6550042209924022,2014-03-25 16:45:00,4523.0,30-40
223830,Xenonauts,24.99,1402950060.0,6,False,4393,669,5062,Very Positive,0.8678387988937178,2014-06-16 20:21:00,4439.0,20-30
230820,The Night of the Rabbit,24.99,1369771080.0,2,False,3067,360,3427,Very Positive,0.8949518529325942,2013-05-28 19:58:00,4823.0,20-30
206420,Saints Row IV: Re-Elected,19.99,1376971200.0,68,False,67991,9572,77563,Very Positive,0.8765906424454959,2013-08-20 04:00:00,4740.0,10-20
236850,Europa Universalis IV,49.99,1376398800.0,334,False,120184,16905,137089,Very Positive,0.8766859485443763,2013-08-13 13:00:00,4747.0,40-50
238930,7 Grand Steps: What Ancients Begat,19.99,1370622240.0,1,False,414,356,770,Mixed,0.5376623376623376,2013-06-07 16:24:00,4814.0,10-20
236790,Agricultural Simulator 2013 - Steam Edition,4.99,1370598600.0,1,False,153,513,666,Mostly Negative,0.22972972972972974,2013-06-07 09:50:00,4814.0,<5
233980,UnEpic,12.99,1406273338.0,3,False,7465,705,8170,Very Positive,0.9137086903304773,2014-07-25 07:28:58,4401.0,10-20
229480,Dungeons & Dragons: Chronicles of Mystara,14.99,1371574800.0,3,False,1631,382,2013,Very Positive,0.8102334823646299,2013-06-18 17:00:00,4803.0,10-20
231740,Knights of Pen and Paper +1 Edition,9.99,1371542400.0,5,False,2679,576,3255,Very Positive,0.8230414746543778,2013-06-18 08:00:00,4803.0,5-10
240600,MotoGP™13,9.99,1371769200.0,1,False,859,233,1092,Mostly Positive,0.7866300366300366,2013-06-20 23:00:00,4800.0,5-10
241600,Rogue Legacy,14.99,1372350600.0,25,False,17350,1429,18779,Very Positive,0.9239043612545929,2013-06-27 16:30:00,4794.0,10-20
403200,Legends of Dawn Reborn,29.99,1445363000.0,1,False,25,58,83,Mostly Negative,0.30120481927710846,2015-10-20 17:43:20,3949.0,20-30
243950,Divinity: Dragon Commander,39.99,1375772460.0,11,False,1874,657,2531,Mostly Positive,0.7404188067957329,2013-08-06 07:01:00,4754.0,30-40
238240,Edge of Space,14.99,1442509200.0,3,False,904,1822,2726,Mostly Negative,0.33162142333088773,2015-09-17 17:00:00,3982.0,10-20
236370,Interstellar Marines,9.99,1372780800.0,7,False,4200,3673,7873,Mixed,0.5334688174774546,2013-07-02 16:00:00,4789.0,5-10
243360,TrackMania² Valley,19.99,1372942800.0,2,False,509,122,631,Very Positive,0.8066561014263075,2013-07-04 13:00:00,4787.0,10-20
225360,DARK,9.99,1372889160.0,3,False,748,648,1396,Mixed,0.5358166189111748,2013-07-03 22:06:00,4787.0,5-10
217140,Rise of the Triad,14.99,1375292460.0,5,False,1673,870,2543,Mixed,0.657884388517499,2013-07-31 17:41:00,4760.0,10-20
239800,Bleed,4.99,1372869900.0,1,False,1777,137,1914,Very Positive,0.9284221525600836,2013-07-03 16:45:00,4788.0,<5
204530,Infested Planet,14.99,1394138820.0,3,False,2842,195,3037,Very Positive,0.9357918999012184,2014-03-06 20:47:00,4541.0,10-20
236130,Horizon,29.99,1391711460.0,2,False,282,193,475,Mixed,0.5936842105263158,2014-02-06 18:31:00,4569.0,20-30
238050,The Apogee Throwback Pack,9.99,1372693320.0,1,False,322,33,355,Very Positive,0.9070422535211268,2013-07-01 15:42:00,4790.0,5-10
235600,Tom Clancy’s Splinter Cell Blacklist,19.99,1377018000.0,29,False,16978,4585,21563,Mostly Positive,0.7873672494550851,2013-08-20 17:00:00,4740.0,10-20
238870,Citadels,14.99,1374792540.0,3,False,75,417,492,Very Negative,0.1524390243902439,2013-07-25 22:49:00,4765.0,10-20
218820,Mercenary Kings: Reloaded Edition,19.99,1395769080.0,5,False,1720,725,2445,Mostly Positive,0.7034764826175869,2014-03-25 17:38:00,4523.0,10-20
242570,Space Hulk (Classic),19.99,1376586000.0,11,False,1488,598,2086,Mostly Positive,0.713326941514861,2013-08-15 17:00:00,4745.0,10-20
233370,The Raven - Legacy of a Master Thief,19.99,0.0,3,False,613,200,813,Mostly Positive,0.7539975399753998,1970-01-01 00:00:00,20677.0,10-20
226720,LOST PLANET® 3,24.99,1377576000.0,9,False,2452,1451,3903,Mixed,0.6282346912631309,2013-08-27 04:00:00,4733.0,20-30
65930,The Bureau: XCOM Declassified,19.99,1376971200.0,13,False,8465,3602,12067,Mostly Positive,0.7014999585646805,2013-08-20 04:00:00,4740.0,10-20
241410,CastleStorm,9.99,1375113480.0,5,False,1454,173,1627,Very Positive,0.8936693300553166,2013-07-29 15:58:00,4762.0,5-10
234390,Teleglitch: Die More Edition,12.99,1374670800.0,2,False,2461,440,2901,Very Positive,0.8483281627025163,2013-07-24 13:00:00,4767.0,10-20
245170,Skullgirls 2nd Encore,24.99,1377167400.0,12,False,28384,3883,32267,Very Positive,0.8796603340874578,2013-08-22 10:30:00,4738.0,20-30
244030,Take On Mars,9.99,1486655344.0,2,False,1107,924,2031,Mixed,0.5450516986706057,2017-02-09 15:49:04,3471.0,5-10
234080,Castlevania: Lords of Shadow – Ultimate Edition,29.99,1377622800.0,13,False,8352,1975,10327,Very Positive,0.8087537522997966,2013-08-27 17:00:00,4733.0,20-30
230860,Cannon Brawl,14.99,1411138860.0,1,False,730,67,797,Very Positive,0.9159347553324969,2014-09-19 15:01:00,4345.0,10-20
242550,Rayman® Legends,29.99,1378224000.0,12,False,11024,1244,12268,Very Positive,0.8985979784806,2013-09-03 16:00:00,4726.0,20-30
237550,Realms of Arkania: Blade of Destiny,9.99,1375156980.0,1,False,252,206,458,Mixed,0.5502183406113537,2013-07-30 04:03:00,4761.0,5-10
239350,Spelunky,14.99,1375975980.0,10,False,15327,1306,16633,Very Positive,0.9214813924126736,2013-08-08 15:33:00,4752.0,10-20
239030,"Papers, Please",9.99,1375981200.0,29,False,77802,2158,79960,Overwhelmingly Positive,0.9730115057528764,2013-08-08 17:00:00,4752.0,5-10
209000,Batman™: Arkham Origins,19.99,1382673300.0,35,False,58434,6606,65040,Very Positive,0.8984317343173431,2013-10-25 03:55:00,4674.0,10-20
214770,Guacamelee! Gold Edition,14.99,1375981200.0,3,False,5590,411,6001,Very Positive,0.931511414764206,2013-08-08 17:00:00,4752.0,10-20
225160,Shadow Warrior Classic Redux,9.99,1373294460.0,2,False,3249,380,3629,Very Positive,0.8952879581151832,2013-07-08 14:41:00,4783.0,5-10
237630,DuckTales: Remastered,14.99,1376412720.0,7,False,6944,963,7907,Very Positive,0.8782091817377008,2013-08-13 16:52:00,4747.0,10-20
239070,Hammerwatch,9.99,1376326800.0,7,False,5808,700,6508,Very Positive,0.892440073755378,2013-08-12 17:00:00,4748.0,5-10
206370,Tales From Space: Mutant Blobs Attack,9.99,1345050180.0,1,False,995,87,1082,Very Positive,0.9195933456561922,2012-08-15 17:03:00,5110.0,5-10
241620,Inquisitor,9.99,1375894800.0,1,False,477,219,696,Mixed,0.6853448275862069,2013-08-07 17:00:00,4753.0,5-10
232430,Gone Home,14.99,1376588640.0,9,False,14206,4211,18417,Mostly Positive,0.7713525547048922,2013-08-15 17:44:00,4745.0,10-20
239200,Amnesia: A Machine for Pigs,19.99,1378796400.0,12,False,8415,3663,12078,Mixed,0.6967213114754098,2013-09-10 07:00:00,4719.0,10-20
238750,Might & Magic X - Legacy,29.99,1390464000.0,13,False,2268,1150,3418,Mixed,0.6635459332943242,2014-01-23 08:00:00,4584.0,20-30
2870,X Rebirth,29.99,1384516740.0,14,False,3199,4117,7316,Mixed,0.4372607982504101,2013-11-15 11:59:00,4653.0,20-30
233840,Worms Clan Wars,24.99,1376560800.0,5,False,2501,688,3189,Mostly Positive,0.78425838820947,2013-08-15 10:00:00,4745.0,20-30
229580,Dream,8.99,1438358214.0,2,False,556,438,994,Mixed,0.5593561368209256,2015-07-31 15:56:54,4030.0,5-10
242880,"Sir, You Are Being Hunted",19.99,1399044540.0,8,False,3019,883,3902,Mostly Positive,0.773705791901589,2014-05-02 15:29:00,4485.0,10-20
238320,Outlast,14.99,1378311120.0,30,False,133116,4910,138026,Overwhelmingly Positive,0.964426992015997,2013-09-04 16:12:00,4725.0,10-20
244730,Divekick,4.99,1377017280.0,2,False,1538,295,1833,Very Positive,0.8390616475722859,2013-08-20 16:48:00,4740.0,<5
239820,Game Dev Tycoon,9.99,1377787500.0,26,False,42874,2165,45039,Overwhelmingly Positive,0.9519305490796864,2013-08-29 14:45:00,4731.0,5-10
237740,Angry Video Game Nerd Adventures,4.99,1379696340.0,5,False,2797,366,3163,Very Positive,0.8842870692380651,2013-09-20 16:59:00,4709.0,<5
243200,The Dark Eye: Memoria,19.99,1377813600.0,2,False,2234,269,2503,Very Positive,0.89252896524171,2013-08-29 22:00:00,4730.0,10-20
244070,Sid Meier’s Ace Patrol,4.99,1377622560.0,1,False,568,259,827,Mixed,0.686819830713422,2013-08-27 16:56:00,4733.0,<5
225080,Brothers - A Tale of Two Sons,14.99,1378227480.0,8,False,38947,2318,41265,Very Positive,0.9438264873379377,2013-09-03 16:58:00,4726.0,10-20
233130,Shadow Warrior,29.99,1380214260.0,20,False,24544,2158,26702,Very Positive,0.9191820837390458,2013-09-26 16:51:00,4703.0,20-30
249360,Zafehouse: Diaries,1.99,1378486800.0,1,False,302,140,442,Mixed,0.6832579185520362,2013-09-06 17:00:00,4723.0,<5
227600,Castle of Illusion,14.99,1378314000.0,2,False,4003,415,4418,Very Positive,0.9060660932548664,2013-09-04 17:00:00,4725.0,10-20
236150,Starpoint Gemini 2,34.99,1411747620.0,13,False,2863,1253,4116,Mixed,0.6955782312925171,2014-09-26 16:07:00,4338.0,30-40
248610,Door Kickers,19.99,1413824940.0,4,False,9470,583,10053,Very Positive,0.9420073609867701,2014-10-20 17:09:00,4314.0,10-20
222640,Aarklash: Legacy,15.99,1379005980.0,1,False,621,229,850,Mostly Positive,0.7305882352941176,2013-09-12 17:13:00,4717.0,10-20
238280,Legend of Dungeon,9.99,1379086380.0,1,False,1195,444,1639,Mostly Positive,0.7291031116534472,2013-09-13 15:33:00,4716.0,5-10
247240,Volgarr the Viking,9.99,1379091600.0,2,False,1988,463,2451,Very Positive,0.8110975112199102,2013-09-13 17:00:00,4716.0,5-10
225320,Tomb Raider III (1998),6.99,1354125720.0,1,False,1291,244,1535,Very Positive,0.8410423452768729,2012-11-28 18:02:00,5004.0,5-10
224960,Tomb Raider I (1996),6.99,1354125600.0,1,False,3958,673,4631,Very Positive,0.8546750161952062,2012-11-28 18:00:00,5004.0,5-10
225300,Tomb Raider II (1997),6.99,1354125660.0,1,False,2041,315,2356,Very Positive,0.8662988115449916,2012-11-28 18:01:00,5004.0,5-10
225020,Tomb Raider VI: The Angel of Darkness (2003),6.99,1354130400.0,1,False,997,642,1639,Mixed,0.6082977425259305,2012-11-28 19:20:00,5004.0,5-10
224980,Tomb Raider IV: The Last Revelation (1999),6.99,1354125780.0,1,False,1229,214,1443,Very Positive,0.8516978516978517,2012-11-28 18:03:00,5004.0,5-10
225000,Tomb Raider V: Chronicles (2000),6.99,1354125840.0,1,False,640,243,883,Mostly Positive,0.72480181200453,2012-11-28 18:04:00,5004.0,5-10
237890,Agarest: Generations of War,20.98,1391535180.0,7,False,1329,536,1865,Mostly Positive,0.7126005361930295,2014-02-04 17:33:00,4572.0,20-30
236510,Takedown: Red Sabre,4.99,1392075120.0,2,False,2377,3335,5712,Mixed,0.4161414565826331,2014-02-10 23:32:00,4565.0,<5
227860,Castle Story,9.99,1503004836.0,8,False,6909,3708,10617,Mixed,0.6507487990957898,2017-08-17 21:20:36,3281.0,5-10
226960,Ironclad Tactics,14.99,1379523720.0,1,False,430,194,624,Mixed,0.6891025641025641,2013-09-18 17:02:00,4711.0,10-20
249870,Scribblenauts Unmasked: A DC Comics Adventure,19.99,1380041880.0,7,False,1993,483,2476,Very Positive,0.8049273021001615,2013-09-24 16:58:00,4705.0,10-20
242860,Verdun,19.99,1430218080.0,14,False,32460,5204,37664,Very Positive,0.8618309260832625,2015-04-28 10:48:00,4124.0,10-20
246980,InFlux,9.99,1379530440.0,1,False,159,69,228,Mixed,0.6973684210526315,2013-09-18 18:54:00,4710.0,5-10
242780,Cognition: An Erica Reed Thriller,14.99,1379574000.0,1,False,674,144,818,Very Positive,0.823960880195599,2013-09-19 07:00:00,4710.0,10-20
227020,Rise of Venice,24.99,1380301380.0,3,False,317,199,516,Mixed,0.6143410852713178,2013-09-27 17:03:00,4702.0,20-30
239160,Thief,19.99,1393545600.0,28,False,17878,6089,23967,Mostly Positive,0.7459423373805649,2014-02-28 00:00:00,4548.0,10-20
217920,Alien Rage - Unlimited,19.99,1380055440.0,1,False,2421,1154,3575,Mixed,0.6772027972027972,2013-09-24 20:44:00,4704.0,10-20
255520,Viscera Cleanup Detail: Shadow Warrior,29.99,1381488900.0,4,False,3736,904,4640,Very Positive,0.8051724137931034,2013-10-11 10:55:00,4688.0,20-30
236450,PAC-MAN™ Championship Edition DX+,9.99,1380060420.0,3,False,7842,370,8212,Overwhelmingly Positive,0.9549439844130541,2013-09-24 22:07:00,4704.0,5-10
250520,UnderRail,14.99,1450447337.0,3,False,6196,1002,7198,Very Positive,0.8607946651847735,2015-12-18 14:02:17,3890.0,10-20
235800,Audiosurf 2,14.99,1432653318.0,4,False,5013,1032,6045,Very Positive,0.8292803970223325,2015-05-26 15:15:18,4096.0,10-20
242050,Assassin’s Creed® IV Black Flag™,39.99,0.0,93,False,69239,9143,78382,Very Positive,0.8833533209155163,1970-01-01 00:00:00,20677.0,30-40
250320,The Wolf Among Us,14.99,1381510620.0,28,False,39130,845,39975,Overwhelmingly Positive,0.9788617886178862,2013-10-11 16:57:00,4688.0,10-20
207140,SpeedRunners,14.99,1461084489.0,11,False,34901,2228,37129,Very Positive,0.9399929973874869,2016-04-19 16:48:09,3767.0,10-20
245730,Flashback,9.99,1380646800.0,1,False,323,228,551,Mixed,0.5862068965517241,2013-10-01 17:00:00,4698.0,5-10
224860,Arma Tactics,8.99,1380636000.0,1,False,320,675,995,Mostly Negative,0.32160804020100503,2013-10-01 14:00:00,4698.0,5-10
249330,Unholy Heights,3.99,1380908160.0,1,False,1467,176,1643,Very Positive,0.8928788800973828,2013-10-04 17:36:00,4695.0,<5
241910,Goodbye Deponia,19.99,1382047312.0,3,False,2289,286,2575,Very Positive,0.8889320388349514,2013-10-17 22:01:52,4681.0,10-20
254960,Silent Storm Gold Edition,9.99,1380727980.0,1,False,946,124,1070,Very Positive,0.8841121495327103,2013-10-02 15:33:00,4697.0,5-10
246760,Legends of Eisenwald,19.99,1435857876.0,3,False,1387,442,1829,Mostly Positive,0.758337889557135,2015-07-02 17:24:36,4059.0,10-20
248450,Salvation Prophecy,19.99,1381171430.0,1,False,151,76,227,Mixed,0.6651982378854625,2013-10-07 18:43:50,4691.0,10-20
245470,Democracy 3,24.99,1381770086.0,18,False,5380,1874,7254,Mostly Positive,0.7416597739178384,2013-10-14 17:01:26,4685.0,20-30
243800,Gas Guzzlers Extreme,24.99,1381248467.0,2,False,3553,566,4119,Very Positive,0.8625880067977665,2013-10-08 16:07:47,4691.0,20-30
247020,"Cook, Serve, Delicious!",12.99,1381252103.0,1,False,5386,325,5711,Very Positive,0.9430922780598844,2013-10-08 17:08:23,4691.0,10-20
248710,Iesabel,4.99,1381514340.0,1,False,237,523,760,Mostly Negative,0.3118421052631579,2013-10-11 17:59:00,4687.0,<5
242680,Nuclear Throne,11.99,1449342000.0,3,False,18941,784,19725,Overwhelmingly Positive,0.9602534854245881,2015-12-05 19:00:00,3902.0,10-20
221910,The Stanley Parable,14.99,1382024640.0,31,False,42270,3453,45723,Very Positive,0.9244800209959977,2013-10-17 15:44:00,4682.0,10-20
246090,Spacebase DF-9,9.99,1414434300.0,6,False,778,3557,4335,Overwhelmingly Negative,0.17946943483275662,2014-10-27 18:25:00,4306.0,5-10
250400,How to Survive,14.99,1409295900.0,12,False,14132,2962,17094,Very Positive,0.8267228267228267,2014-08-29 07:05:00,4366.0,10-20
221680,Rocksmith® 2014 Edition REMASTERED LEARN & PLAY,9.99,1734627600.0,75,False,22217,3042,25259,Very Positive,0.8795676788471436,2024-12-19 17:00:00,601.0,5-10
224460,Contrast,9.99,1384538340.0,4,False,5162,523,5685,Very Positive,0.9080035180299032,2013-11-15 17:59:00,4652.0,5-10
214730,Space Rangers HD: A War Apart,14.99,1382039160.0,1,False,6848,401,7249,Very Positive,0.9446820251069113,2013-10-17 19:46:00,4681.0,10-20
250460,Bridge Constructor,9.99,1381942680.0,1,False,1336,419,1755,Mostly Positive,0.7612535612535613,2013-10-16 16:58:00,4683.0,5-10
247000,Talisman: Digital Classic Edition,6.99,1393351200.0,6,False,7828,2172,10000,Mostly Positive,0.7828,2014-02-25 18:00:00,4550.0,5-10
251410,Dark Matter,9.99,1382027040.0,1,False,119,145,264,Mixed,0.45075757575757575,2013-10-17 16:24:00,4682.0,5-10
254440,Pool Nation,6.99,1382115600.0,1,False,2558,307,2865,Very Positive,0.8928446771378709,2013-10-18 17:00:00,4681.0,5-10
247660,Deadly Premonition: The Director's Cut,24.99,1383065640.0,3,False,3127,1623,4750,Mixed,0.6583157894736842,2013-10-29 16:54:00,4670.0,20-30
234670,NARUTO SHIPPUDEN: Ultimate Ninja STORM 3 Full Burst HD,19.99,1382652060.0,12,False,12914,1479,14393,Very Positive,0.8972417147224345,2013-10-24 22:01:00,4674.0,10-20
244850,Space Engineers,19.99,1551376786.0,125,False,119267,14979,134246,Very Positive,0.8884212564992625,2019-02-28 17:59:46,2721.0,10-20
249990,FORCED: Slightly Better Edition,14.99,1382633760.0,9,False,2073,722,2795,Mostly Positive,0.7416815742397138,2013-10-24 16:56:00,4675.0,10-20
238010,Deus Ex: Human Revolution - Director's Cut,19.99,1382727600.0,20,False,27397,2398,29795,Very Positive,0.9195166974324551,2013-10-25 19:00:00,4673.0,10-20
249130,LEGO® Marvel™ Super Heroes,19.99,1382458980.0,15,False,29370,1344,30714,Overwhelmingly Positive,0.9562414534088689,2013-10-22 16:23:00,4677.0,10-20
238430,Contagion,9.99,1382720400.0,13,False,11441,4287,15728,Mostly Positive,0.7274287894201424,2013-10-25 17:00:00,4674.0,5-10
245280,ENSLAVED™: Odyssey to the West™ Premium Edition,19.99,1382652000.0,3,False,7079,1144,8223,Very Positive,0.8608780250516843,2013-10-24 22:00:00,4674.0,10-20
215630,Demonicon,9.99,1382652000.0,2,False,686,332,1018,Mixed,0.6738703339882122,2013-10-24 22:00:00,4674.0,5-10
256330,WRC 4 FIA World Rally Championship,9.99,1382687011.0,1,False,1835,548,2383,Mostly Positive,0.7700377675199328,2013-10-25 07:43:31,4674.0,5-10
40970,Stronghold Crusader HD (2012),9.99,1382363040.0,2,False,20491,522,21013,Overwhelmingly Positive,0.9751582353780993,2013-10-21 13:44:00,4678.0,5-10
252630,Eldritch,14.99,1382372350.0,1,False,1948,272,2220,Very Positive,0.8774774774774775,2013-10-21 16:19:10,4678.0,10-20
261030,The Walking Dead: Season Two,14.99,1387302960.0,34,False,32747,1158,33905,Overwhelmingly Positive,0.9658457454652706,2013-12-17 17:56:00,4620.0,10-20
246580,The Typing of The Dead: Overkill,19.99,1383065580.0,5,False,3595,500,4095,Very Positive,0.8778998778998779,2013-10-29 16:53:00,4670.0,10-20
247910,Sniper Elite: Nazi Zombie Army 2,14.99,1383238560.0,4,False,3554,631,4185,Very Positive,0.8492234169653524,2013-10-31 16:56:00,4668.0,10-20
252330,Slender: The Arrival,19.99,1382978958.0,1,False,8222,1105,9327,Very Positive,0.881526750294843,2013-10-28 16:49:18,4671.0,10-20
252030,Valdis Story: Abyssal City,14.99,1383152580.0,2,False,2276,436,2712,Very Positive,0.8392330383480826,2013-10-30 17:03:00,4669.0,10-20
242700,Injustice: Gods Among Us Ultimate Edition,19.99,1384279200.0,13,False,17350,2751,20101,Very Positive,0.8631411372568529,2013-11-12 18:00:00,4655.0,10-20
244210,Assetto Corsa,19.99,1418978948.0,87,False,160445,12366,172811,Very Positive,0.9284420551932459,2014-12-19 08:49:08,4254.0,10-20
219990,Grim Dawn,24.99,1456423234.0,94,False,101643,7034,108677,Very Positive,0.9352760933776236,2016-02-25 18:00:34,3820.0,20-30
249650,Blackguards,9.99,1390406640.0,9,False,2431,1476,3907,Mixed,0.6222165344253904,2014-01-22 16:04:00,4585.0,5-10
108600,Project Zomboid,24.99,1383930960.0,171,False,440285,28724,469009,Very Positive,0.9387559726998842,2013-11-08 17:16:00,4660.0,20-30
248820,Risk of Rain (2013),9.99,1383930480.0,16,False,27756,2072,29828,Very Positive,0.9305350677216039,2013-11-08 17:08:00,4660.0,5-10
237470,Battle Worlds: Kronos,19.99,1383584265.0,2,False,222,105,327,Mixed,0.6788990825688074,2013-11-04 16:57:45,4664.0,10-20
226620,Desktop Dungeons,14.99,1681837200.0,5,False,1972,384,2356,Very Positive,0.8370118845500849,2023-04-18 17:00:00,1212.0,10-20
251990,Long Live The Queen,9.99,1383933683.0,3,False,6784,369,7153,Very Positive,0.9484132531804838,2013-11-08 18:01:23,4659.0,5-10
248290,Reach for the Sun,4.99,1383852832.0,1,False,241,102,343,Mostly Positive,0.7026239067055393,2013-11-07 19:33:52,4660.0,<5
257350,Baldur's Gate II: Enhanced Edition,19.99,1384559820.0,8,False,10018,836,10854,Very Positive,0.9229777040722315,2013-11-15 23:57:00,4652.0,10-20
231330,Deadfall Adventures,19.99,1384505880.0,1,False,1936,703,2639,Mostly Positive,0.7336112163698371,2013-11-15 08:58:00,4653.0,10-20
247870,Redshirt,9.99,1384336367.0,1,False,169,232,401,Mixed,0.42144638403990026,2013-11-13 09:52:47,4655.0,5-10
258220,Blood Knights,9.99,1384363380.0,1,False,681,381,1062,Mixed,0.6412429378531074,2013-11-13 17:23:00,4655.0,5-10
248390,Craft The World,18.99,1416856466.0,5,False,15050,1978,17028,Very Positive,0.8838383838383839,2014-11-24 19:14:26,4278.0,10-20
217200,Worms Armageddon,14.99,1363704780.0,1,False,10252,616,10868,Very Positive,0.9433198380566802,2013-03-19 14:53:00,4894.0,10-20
211820,Starbound,14.99,1469205183.0,83,False,110874,12355,123229,Very Positive,0.8997395093687363,2016-07-22 16:33:03,3673.0,10-20
39150,FINAL FANTASY VIII,11.99,1386264720.0,9,False,8370,1116,9486,Very Positive,0.8823529411764706,2013-12-05 17:32:00,4633.0,10-20
262940,Broken Sword 5 - the Serpent's Curse,24.99,1386178140.0,3,False,2508,314,2822,Very Positive,0.888731396172927,2013-12-04 17:29:00,4634.0,20-30
252250,Maia,24.99,1542997983.0,1,False,464,599,1063,Mixed,0.43650047036688616,2018-11-23 18:33:03,2818.0,20-30
252410,SteamWorld Dig,9.99,1386263782.0,1,False,10258,705,10963,Very Positive,0.935692784821673,2013-12-05 17:16:22,4633.0,5-10
257050,Darkout,9.99,1386151451.0,1,False,422,460,882,Mixed,0.47845804988662133,2013-12-04 10:04:11,4634.0,5-10
259060,Dominions 4: Thrones of Ascension,34.99,1386271337.0,1,False,1315,135,1450,Very Positive,0.906896551724138,2013-12-05 19:22:17,4632.0,30-40
221100,DayZ,49.99,1544724000.0,326,False,363410,103685,467095,Mostly Positive,0.7780216016013873,2018-12-13 18:00:00,2798.0,40-50
252490,Rust,39.99,1518112367.0,651,False,1205548,183348,1388896,Very Positive,0.8679901158906066,2018-02-08 17:52:47,3106.0,30-40
251570,7 Days to Die,44.99,1721925239.0,215,False,347209,50712,397921,Very Positive,0.8725576182207021,2024-07-25 16:33:59,748.0,40-50
240760,Wasteland 2: Director's Cut,29.99,1411109683.0,28,False,6683,1415,8098,Very Positive,0.8252654976537417,2014-09-19 06:54:43,4345.0,20-30
249050,Dungeon of the ENDLESS™,11.99,1414429200.0,13,False,11969,2067,14036,Very Positive,0.8527358221715589,2014-10-27 17:00:00,4307.0,10-20
252530,OMSI 2: Steam Edition,29.99,1386781399.0,4,False,12646,2129,14775,Very Positive,0.8559052453468697,2013-12-11 17:03:19,4627.0,20-30
235620,Small World,9.99,1386781385.0,2,False,1030,486,1516,Mixed,0.679419525065963,2013-12-11 17:03:05,4627.0,5-10
253030,Race The Sun,9.99,1386641400.0,2,False,5930,423,6353,Very Positive,0.933417283173304,2013-12-10 02:10:00,4628.0,5-10
245150,The Novelist,4.99,1386695940.0,1,False,773,265,1038,Mostly Positive,0.7447013487475915,2013-12-10 17:19:00,4628.0,<5
235460,METAL GEAR RISING: REVENGEANCE,29.99,1389290340.0,19,False,85111,3518,88629,Overwhelmingly Positive,0.9603064459714089,2014-01-09 17:59:00,4597.0,20-30
25000,Overgrowth,19.99,1508175640.0,2,False,7364,1699,9063,Very Positive,0.8125344808562286,2017-10-16 17:40:40,3222.0,10-20
237990,The Banner Saga,24.99,1389722801.0,18,False,14172,1758,15930,Very Positive,0.8896421845574388,2014-01-14 18:06:41,4592.0,20-30
246420,Kingdom Rush  - Tower Defense,9.99,1389031980.0,1,False,16486,463,16949,Overwhelmingly Positive,0.9726827541447873,2014-01-06 18:13:00,4600.0,5-10
94400,Nidhogg,9.99,1389634920.0,9,False,7107,784,7891,Very Positive,0.9006463059181345,2014-01-13 17:42:00,4594.0,5-10
244450,Men of War: Assault Squad 2,29.99,1400180400.0,21,False,42466,4094,46560,Very Positive,0.9120704467353952,2014-05-15 19:00:00,4471.0,20-30
260210,Assassin’s Creed® Liberation HD,19.99,1389809100.0,7,False,1774,1497,3271,Mixed,0.54234179150107,2014-01-15 18:05:00,4591.0,10-20
264730,Deadly 30,4.99,1389202332.0,1,False,1442,433,1875,Mostly Positive,0.7690666666666667,2014-01-08 17:32:12,4599.0,<5
228380,Wreckfest,29.99,1528995513.0,35,False,36307,4962,41269,Very Positive,0.8797644721219318,2018-06-14 16:58:33,2981.0,20-30
230230,Divinity: Original Sin (Classic),39.99,1404148740.0,56,False,10904,990,11894,Very Positive,0.9167647553388263,2014-06-30 17:19:00,4426.0,30-40
232790,Broken Age,14.28,1390931820.0,14,False,6863,1343,8206,Very Positive,0.836339263953205,2014-01-28 17:57:00,4578.0,10-20
257970,Loren The Amazon Princess,19.99,1389799440.0,1,False,504,109,613,Very Positive,0.8221859706362153,2014-01-15 15:24:00,4592.0,10-20
245050,SpellForce 2 - Demons of the Past,19.99,1389889289.0,1,False,181,186,367,Mixed,0.49318801089918257,2014-01-16 16:21:29,4591.0,10-20
263760,Turbo Dismount™,9.99,1400688236.0,1,False,5542,371,5913,Very Positive,0.9372568915947911,2014-05-21 16:03:56,4466.0,5-10
254700,Resident Evil 4 (2005),19.99,1393563420.0,10,False,91793,5702,97495,Very Positive,0.9415149494845889,2014-02-28 04:57:00,4548.0,10-20
270850,Car Mechanic Simulator 2014,6.99,1390585620.0,5,False,4277,873,5150,Very Positive,0.8304854368932039,2014-01-24 17:47:00,4582.0,5-10
224480,Octodad: Dadliest Catch,14.99,1391105053.0,8,False,10049,629,10678,Very Positive,0.9410938377973403,2014-01-30 18:04:13,4576.0,10-20
213670,South Park™: The Stick of Truth™,29.99,1393908840.0,57,False,71448,1785,73233,Overwhelmingly Positive,0.9756257424931384,2014-03-04 04:54:00,4544.0,20-30
249570,The Castle Doctrine,3.99,1391017532.0,1,False,185,194,379,Mixed,0.48812664907651715,2014-01-29 17:45:32,4577.0,<5
300550,Shadowrun: Dragonfall - Director's Cut,14.99,1411052400.0,10,False,5857,701,6558,Very Positive,0.8931076547727966,2014-09-18 15:00:00,4346.0,10-20
262790,Our Darker Purpose,14.99,1391015587.0,1,False,606,137,743,Very Positive,0.8156123822341858,2014-01-29 17:13:07,4578.0,10-20
250260,Jazzpunk: Director's Cut,14.99,1391792482.0,4,False,7727,520,8247,Very Positive,0.9369467685218867,2014-02-07 17:01:22,4569.0,10-20
250180,METAL SLUG 3,7.99,1392400800.0,6,False,8143,926,9069,Very Positive,0.8978939243577021,2014-02-14 18:00:00,4561.0,5-10
244430,realMyst: Masterpiece Edition,17.99,1391610480.0,1,False,1419,174,1593,Very Positive,0.8907721280602636,2014-02-05 14:28:00,4571.0,10-20
259720,Fading Hearts,12.99,1391648451.0,1,False,123,68,191,Mixed,0.643979057591623,2014-02-06 01:00:51,4570.0,10-20
252350,Double Dragon: Neon,9.99,1391709993.0,1,False,1974,595,2569,Mostly Positive,0.7683923705722071,2014-02-06 18:06:33,4569.0,5-10
267530,The LEGO® Movie - Videogame,19.99,1391789340.0,4,False,5223,778,6001,Very Positive,0.8703549408431928,2014-02-07 16:09:00,4569.0,10-20
239250,Castlevania: Lords of Shadow 2,39.99,1393351080.0,7,False,5484,988,6472,Very Positive,0.8473423980222496,2014-02-25 17:58:00,4550.0,30-40
239840,Dead State: Reanimated,19.99,1417708833.0,2,False,1872,688,2560,Mostly Positive,0.73125,2014-12-04 16:00:33,4269.0,10-20
263300,BlazBlue: Calamity Trigger,9.99,1392319633.0,2,False,2770,461,3231,Very Positive,0.8573197152584339,2014-02-13 19:27:13,4562.0,5-10
10270,Disciples III: Reincarnation,9.99,1392372000.0,1,False,1342,514,1856,Mostly Positive,0.7230603448275862,2014-02-14 10:00:00,4562.0,5-10
235210,STRIDER™ / ストライダー飛竜®,14.99,1392829140.0,3,False,3416,821,4237,Very Positive,0.8062308236960113,2014-02-19 16:59:00,4557.0,10-20
227060,Hegemony Rome: The Rise of Caesar,14.99,1400168820.0,1,False,272,177,449,Mixed,0.6057906458797327,2014-05-15 15:47:00,4472.0,10-20
242920,Banished,19.99,1392746064.0,37,False,39119,4141,43260,Very Positive,0.9042764678687009,2014-02-18 17:54:24,4557.0,10-20
39210,FINAL FANTASY XIV Online,19.99,1392717300.0,608,False,73842,11500,85342,Very Positive,0.8652480607438306,2014-02-18 09:55:00,4558.0,10-20
246620,Plague Inc: Evolved,14.99,1455815042.0,62,False,61482,3777,65259,Very Positive,0.9421229255734841,2016-02-18 17:04:02,3828.0,10-20
253750,Ikaruga,9.99,1392746190.0,1,False,2234,124,2358,Very Positive,0.9474130619168787,2014-02-18 17:56:30,4557.0,5-10
209060,Drunken Robot Pornography,14.99,1392831120.0,1,False,550,108,658,Very Positive,0.8358662613981763,2014-02-19 17:32:00,4557.0,10-20
226840,Age of Wonders III,29.99,1396281600.0,35,False,10260,2543,12803,Very Positive,0.8013746778098884,2014-03-31 16:00:00,4517.0,20-30
270210,Melody's Escape,9.99,1463770947.0,1,False,4465,338,4803,Very Positive,0.9296273162606704,2016-05-20 19:02:27,3735.0,5-10
266210,One Way Heroics,3.49,1393609561.0,1,False,3889,248,4137,Very Positive,0.9400531786318589,2014-02-28 17:46:01,4547.0,<5
269030,The Yawhg,9.99,1393517477.0,1,False,1207,251,1458,Very Positive,0.8278463648834019,2014-02-27 16:11:17,4549.0,5-10
277590,Assassin's Creed Freedom Cry,14.99,1393351020.0,2,False,2386,689,3075,Mostly Positive,0.7759349593495934,2014-02-25 17:57:00,4550.0,10-20
254590,Theme Park Studio,29.99,1480696887.0,1,False,188,278,466,Mixed,0.4034334763948498,2016-12-02 16:41:27,3540.0,20-30
236430,DARK SOULS™ II,39.99,1398409200.0,58,False,41150,5538,46688,Very Positive,0.881382796435915,2014-04-25 07:00:00,4492.0,30-40
264200,One Finger Death Punch,4.99,1393864517.0,1,False,15988,344,16332,Overwhelmingly Positive,0.9789370560862111,2014-03-03 16:35:17,4545.0,<5
251060,Wargame: Red Dragon,29.99,1397754000.0,29,False,17451,2263,19714,Very Positive,0.8852084812823374,2014-04-17 17:00:00,4500.0,20-30
264140,Pixel Piracy,14.99,1406823224.0,6,False,4769,2588,7357,Mixed,0.6482261791491097,2014-07-31 16:13:44,4395.0,10-20
251470,TowerFall Ascension,14.99,1394569260.0,3,False,3428,181,3609,Very Positive,0.9498476032141867,2014-03-11 20:21:00,4536.0,10-20
268400,Panzer Corps Gold,29.99,1394640000.0,2,False,2509,222,2731,Very Positive,0.918711094837056,2014-03-12 16:00:00,4536.0,20-30
205990,Warlock 2: The Exiled,19.99,1397148240.0,7,False,911,389,1300,Mostly Positive,0.7007692307692308,2014-04-10 16:44:00,4507.0,10-20
233150,LUFTRAUSERS,9.99,1395160980.0,2,False,4097,424,4521,Very Positive,0.9062154390621544,2014-03-18 16:43:00,4530.0,5-10
261760,Lichdom: Battlemage,9.99,1409072590.0,7,False,1688,1316,3004,Mixed,0.5619174434087882,2014-08-26 17:03:10,4369.0,5-10
274980,Influent Language Learning Game,19.99,1395328260.0,1,False,1239,455,1694,Mostly Positive,0.731404958677686,2014-03-20 15:11:00,4528.0,10-20
258180,Deus Ex: The Fall,9.99,1395066780.0,1,False,1720,2928,4648,Mostly Negative,0.37005163511187605,2014-03-17 14:33:00,4531.0,5-10
266130,Breach & Clear,9.99,1395444623.0,1,False,2005,425,2430,Very Positive,0.8251028806584362,2014-03-21 23:30:23,4526.0,5-10
226860,Galactic Civilizations III,29.99,1431622800.0,24,False,7961,2427,10388,Mostly Positive,0.76636503658067,2015-05-14 17:00:00,4108.0,20-30
280220,Creeper World 3: Arc Eternal,14.99,1395943704.0,1,False,4643,175,4818,Overwhelmingly Positive,0.9636778746367788,2014-03-27 18:08:24,4520.0,10-20
256370,MXGP - The Official Motocross Videogame,9.99,1396016280.0,1,False,1321,316,1637,Very Positive,0.8069639584605987,2014-03-28 14:18:00,4520.0,5-10
245490,Trials Fusion™,19.99,1398358535.0,11,False,1676,810,2486,Mixed,0.674175382139984,2014-04-24 16:55:35,4493.0,10-20
505170,Carmageddon: Max Damage,16.99,1477588440.0,4,False,2770,762,3532,Mostly Positive,0.7842582106455266,2016-10-27 17:14:00,3576.0,10-20
282530,Castlevania: Lords of Shadow – Mirror of Fate HD,14.99,1395943620.0,1,False,2254,429,2683,Very Positive,0.8401043607901603,2014-03-27 18:07:00,4520.0,10-20
265930,Goat Simulator,9.99,1396370178.0,51,False,63830,6369,70199,Very Positive,0.9092722118548697,2014-04-01 16:36:18,4516.0,5-10
243470,Watch_Dogs™,19.99,1401112800.0,40,False,41290,10683,51973,Mostly Positive,0.7944509649240952,2014-05-26 14:00:00,4461.0,10-20
266840,Age of Mythology: Extended Edition,29.99,1399568400.0,30,False,33764,2446,36210,Very Positive,0.9324495995581331,2014-05-08 17:00:00,4479.0,20-30
277430,Halo: Spartan Assault,2.99,1396630649.0,3,False,3833,1077,4910,Mostly Positive,0.7806517311608961,2014-04-04 16:57:29,4513.0,<5
265120,Meridian: New World,6.99,1411748323.0,1,False,252,278,530,Mixed,0.47547169811320755,2014-09-26 16:18:43,4338.0,5-10
260130,Agarest: Generations of War Zero,19.99,1397750700.0,3,False,290,101,391,Mostly Positive,0.7416879795396419,2014-04-17 16:05:00,4500.0,10-20
246900,Viscera Cleanup Detail,12.99,1445625837.0,2,False,21851,1847,23698,Very Positive,0.9220609334121023,2015-10-23 18:43:57,3945.0,10-20
274190,Broforce,14.99,1444918119.0,23,False,59031,1878,60909,Overwhelmingly Positive,0.9691671181598779,2015-10-15 14:08:39,3954.0,10-20
269110,Super Motherload,14.99,1396644660.0,1,False,723,225,948,Mostly Positive,0.7626582278481012,2014-04-04 20:51:00,4512.0,10-20
285160,LEGO® The Hobbit™,19.99,1396980480.0,6,False,8551,2054,10605,Very Positive,0.8063177746346063,2014-04-08 18:08:00,4508.0,10-20
288370,Strike Suit Zero: Director's Cut,9.99,1396977439.0,1,False,322,69,391,Very Positive,0.8235294117647058,2014-04-08 17:17:19,4509.0,5-10
250560,Fight The Dragon,9.99,1417714397.0,3,False,1056,283,1339,Mostly Positive,0.7886482449589246,2014-12-04 17:33:17,4269.0,5-10
201810,Wolfenstein: The New Order,19.99,1400558400.0,34,False,56731,5121,61852,Very Positive,0.9172055875315269,2014-05-20 04:00:00,4467.0,10-20
245620,Tropico 5,19.99,1400858400.0,37,False,11324,3075,14399,Mostly Positive,0.7864435030210432,2014-05-23 15:20:00,4464.0,10-20
273070,The Last Federation,19.99,1397855916.0,2,False,378,126,504,Mostly Positive,0.75,2014-04-18 21:18:36,4498.0,10-20
286160,Tabletop Simulator,19.99,1433534260.0,92,False,71011,3005,74016,Overwhelmingly Positive,0.9594006701253783,2015-06-05 19:57:40,4085.0,10-20
272470,The Incredible Adventures of Van Helsing II,14.99,1402680600.0,8,False,1814,817,2631,Mixed,0.6894716837704294,2014-06-13 17:30:00,4443.0,10-20
289130,ENDLESS Legend™,29.99,1411055820.0,72,False,15905,3149,19054,Very Positive,0.8347328644903957,2014-09-18 15:57:00,4346.0,20-30
256290,Child of Light,14.99,1398841020.0,16,False,12310,1163,13473,Very Positive,0.9136792102723966,2014-04-30 06:57:00,4487.0,10-20
243220,FRACT OSC,14.99,1398185510.0,1,False,528,86,614,Very Positive,0.8599348534201955,2014-04-22 16:51:50,4495.0,10-20
230840,Daylight,4.99,1398790800.0,2,False,797,782,1579,Mixed,0.5047498416719443,2014-04-29 17:00:00,4488.0,<5
243930,Bound By Flame,6.99,1399568220.0,7,False,2746,1282,4028,Mixed,0.6817279046673287,2014-05-08 16:57:00,4479.0,5-10
413710,Blood and Gold: Caribbean!,19.99,1449771180.0,2,False,768,510,1278,Mixed,0.6009389671361502,2015-12-10 18:13:00,3897.0,10-20
10130,TimeShift™,19.99,1248370020.0,1,False,1142,287,1429,Mostly Positive,0.7991602519244226,2009-07-23 17:27:00,6229.0,10-20
237930,Transistor,19.99,1400602140.0,20,False,29326,1893,31219,Very Positive,0.9393638489381466,2014-05-20 16:09:00,4467.0,10-20
246070,Hack 'n' Slash,13.37,1410284700.0,2,False,487,442,929,Mixed,0.5242195909580194,2014-09-09 17:45:00,4355.0,10-20
244410,Supreme Ruler 1936,9.99,1399643346.0,1,False,227,81,308,Mostly Positive,0.737012987012987,2014-05-09 13:49:06,4478.0,5-10
225280,Full Mojo Rampage,12.99,1399564841.0,1,False,1053,199,1252,Very Positive,0.8410543130990416,2014-05-08 16:00:41,4479.0,10-20
278080,DYNASTY WARRIORS 8: Xtreme Legends Complete Edition,49.99,1399996320.0,13,False,11822,2257,14079,Very Positive,0.8396903189146957,2014-05-13 15:52:00,4474.0,40-50
238460,BattleBlock Theater®,14.99,1400173260.0,16,False,70750,2060,72810,Overwhelmingly Positive,0.9717071830792473,2014-05-15 17:01:00,4472.0,10-20
269790,DreadOut,14.99,1400169660.0,1,False,4379,1327,5706,Mostly Positive,0.7674377847879426,2014-05-15 16:01:00,4472.0,10-20
256010,Jagged Alliance Flashback,19.99,1413899005.0,1,False,364,412,776,Mixed,0.4690721649484536,2014-10-21 13:43:25,4313.0,10-20
261470,Distant Worlds: Universe,29.99,1400886573.0,6,False,1393,462,1855,Mostly Positive,0.7509433962264151,2014-05-23 23:09:33,4463.0,20-30
261110,Killer is Dead - Nightmare Edition,19.99,1400851800.0,3,False,6494,2227,8721,Mostly Positive,0.7446393762183235,2014-05-23 13:30:00,4464.0,10-20
274310,Always Sometimes Monsters,9.99,1400692380.0,1,False,1827,617,2444,Mostly Positive,0.747545008183306,2014-05-21 17:13:00,4466.0,5-10
286690,Metro 2033 Redux,19.99,1409026080.0,25,False,128913,10813,139726,Very Positive,0.9226128279632996,2014-08-26 04:08:00,4369.0,10-20
287390,Metro: Last Light Redux,19.99,1409025600.0,23,False,73791,7071,80862,Very Positive,0.9125547228611709,2014-08-26 04:00:00,4369.0,10-20
242760,The Forest,19.99,1525107509.0,449,False,649378,30371,679749,Overwhelmingly Positive,0.9553202726300444,2018-04-30 16:58:29,3026.0,10-20
238090,Sniper Elite 3,29.99,1403855880.0,34,False,23239,5080,28319,Very Positive,0.8206151347152089,2014-06-27 07:58:00,4429.0,20-30
250620,Among the Sleep - Enhanced Edition,16.99,1401382320.0,3,False,7360,919,8279,Very Positive,0.8889962555864235,2014-05-29 16:52:00,4458.0,10-20
287450,Rise of Nations: Extended Edition,19.99,1402614900.0,9,False,14977,842,15819,Very Positive,0.9467728680700424,2014-06-12 23:15:00,4443.0,10-20
239120,Final Fantasy III (3D Remake),15.99,1401202860.0,2,False,2918,647,3565,Very Positive,0.8185133239831697,2014-05-27 15:01:00,4460.0,10-20
233290,Murdered: Soul Suspect,19.99,1401778800.0,6,False,14893,2456,17349,Very Positive,0.8584356447057467,2014-06-03 07:00:00,4453.0,10-20
278360,A Story About My Uncle,14.99,1401295920.0,1,False,26741,2480,29221,Very Positive,0.915129530132439,2014-05-28 16:52:00,4459.0,10-20
287580,Pandora: First Contact,29.99,1401473460.0,3,False,404,240,644,Mixed,0.6273291925465838,2014-05-30 18:11:00,4456.0,20-30
292030,The Witcher 3: Wild Hunt,39.99,1431937260.0,399,False,852140,28527,880667,Overwhelmingly Positive,0.9676075065830785,2015-05-18 08:21:00,4104.0,30-40
261530,Lifeless Planet Premier Edition,9.99,1402043460.0,1,False,2783,843,3626,Mostly Positive,0.7675124103695532,2014-06-06 08:31:00,4450.0,5-10
297750,Close Combat - Gateway to Caen,39.99,1402095279.0,1,False,345,148,493,Mixed,0.6997971602434077,2014-06-06 22:54:39,4449.0,30-40
256190,Enemy Front,19.99,1402426800.0,1,False,3809,1894,5703,Mixed,0.667894090829388,2014-06-10 19:00:00,4445.0,10-20
275670,Space Run,4.99,1402679340.0,4,False,1827,313,2140,Very Positive,0.8537383177570094,2014-06-13 17:09:00,4443.0,<5
268750,Magicite,9.99,1402339832.0,5,False,6467,1120,7587,Very Positive,0.85237906946092,2014-06-09 18:50:32,4446.0,5-10
262830,Crimsonland,13.99,1402503408.0,1,False,2891,235,3126,Very Positive,0.9248240563019834,2014-06-11 16:16:48,4445.0,10-20
209650,Call of Duty®: Advanced Warfare - Gold Edition,39.99,1415001600.0,39,False,16641,8868,25509,Mixed,0.6523579912971892,2014-11-03 08:00:00,4300.0,30-40
265550,Dead Rising 3 Apocalypse Edition,29.99,1409949600.0,21,False,15803,4713,20516,Mostly Positive,0.7702768570871515,2014-09-05 20:40:00,4358.0,20-30
260230,Valiant Hearts: The Great War™ / Soldats Inconnus : Mémoires de la Grande Guerre™,14.99,1403715600.0,9,False,26255,1208,27463,Overwhelmingly Positive,0.9560135454975786,2014-06-25 17:00:00,4431.0,10-20
250760,Shovel Knight: Treasure Trove,42.72,1403806080.0,11,False,16117,758,16875,Overwhelmingly Positive,0.9550814814814815,2014-06-26 18:08:00,4429.0,40-50
304650,SUNLESS SEA,18.99,1423243558.0,11,False,7917,1619,9536,Very Positive,0.8302223154362416,2015-02-06 17:25:58,4205.0,10-20
247950,Sacred 3,14.99,1407241800.0,6,False,1207,3254,4461,Mostly Negative,0.2705671374131361,2014-08-05 12:30:00,4390.0,10-20
255260,Pro Cycling Manager 2014,9.99,1403194500.0,4,False,181,96,277,Mixed,0.6534296028880866,2014-06-19 16:15:00,4437.0,5-10
373420,Divinity: Original Sin - Enhanced Edition,39.99,1445954700.0,37,False,29219,3506,32725,Very Positive,0.892864782276547,2015-10-27 14:05:00,3942.0,30-40
265590,The Red Solstice,9.99,1436462400.0,2,False,1806,752,2558,Mostly Positive,0.706020328381548,2015-07-09 17:20:00,4052.0,5-10
214490,Alien: Isolation,39.99,1412607600.0,36,False,61800,4559,66359,Very Positive,0.931297939993068,2014-10-06 15:00:00,4328.0,30-40
253510,WARMACHINE: Tactics,19.99,1416527580.0,3,True,517,647,1164,Mixed,0.44415807560137455,2014-11-20 23:53:00,4282.0,10-20
313740,Sakura Spirit,9.99,1404941887.0,3,False,5369,1475,6844,Mostly Positive,0.7844827586206896,2014-07-09 21:38:07,4416.0,5-10
249230,Risen 3 - Titan Lords,14.99,1407858540.0,11,False,4798,1654,6452,Mostly Positive,0.7436453812771233,2014-08-12 15:49:00,4383.0,10-20
306130,The Elder Scrolls® Online,19.99,1495486800.0,597,False,130436,30792,161228,Very Positive,0.8090158037065522,2017-05-22 21:00:00,3368.0,10-20
221540,DG2: Defense Grid 2,9.99,1411485000.0,3,False,2973,463,3436,Very Positive,0.8652502910360885,2014-09-23 15:10:00,4341.0,5-10
255070,Abyss Odyssey,14.99,1405439880.0,2,False,1589,947,2536,Mixed,0.626577287066246,2014-07-15 15:58:00,4411.0,10-20
299340,Habitat,14.99,1453822473.0,1,False,103,156,259,Mostly Negative,0.39768339768339767,2016-01-26 15:34:33,3851.0,10-20
269210,Hero Siege,7.99,1391013512.0,5,False,31499,15407,46906,Mixed,0.6715345584786594,2014-01-29 16:38:32,4578.0,5-10
274290,Gods Will Be Watching,9.99,1406221213.0,2,False,2070,872,2942,Mostly Positive,0.7036029911624745,2014-07-24 17:00:13,4402.0,5-10
274520,Darkwood,19.99,1502992909.0,5,False,23503,1266,24769,Very Positive,0.9488877225564213,2017-08-17 18:01:49,3281.0,10-20
274250,OlliOlli,12.99,1406044839.0,1,False,678,188,866,Mostly Positive,0.7829099307159353,2014-07-22 16:00:39,4404.0,10-20
232890,Stronghold Crusader 2,39.99,1411419917.0,13,False,13062,4975,18037,Mostly Positive,0.7241780783944115,2014-09-22 21:05:17,4341.0,30-40
251150,The Legend of Heroes: Trails in the Sky,19.99,1406650800.0,4,False,9732,622,10354,Very Positive,0.9399265984160711,2014-07-29 16:20:00,4397.0,10-20
247080,Crypt of the NecroDancer,14.99,1429806217.0,17,False,25265,1189,26454,Overwhelmingly Positive,0.9550540560973766,2015-04-23 16:23:37,4129.0,10-20
289650,Assassin's Creed® Unity,29.99,1415692800.0,47,False,66282,18917,85199,Mostly Positive,0.7779668775455111,2014-11-11 08:00:00,4292.0,20-30
298110,Far Cry® 4,29.99,1416286740.0,77,False,61606,11208,72814,Very Positive,0.8460735572829401,2014-11-18 04:59:00,4285.0,20-30
296470,Mount Your Friends,4.99,1406662902.0,2,False,7313,358,7671,Overwhelmingly Positive,0.9533307261113284,2014-07-29 19:41:42,4396.0,<5
290770,The Fall,9.99,1401469723.0,1,False,3255,454,3709,Very Positive,0.8775950390940954,2014-05-30 17:08:43,4457.0,5-10
291930,Industry Empire,9.99,1406704605.0,1,False,83,161,244,Mostly Negative,0.3401639344262295,2014-07-30 07:16:45,4396.0,5-10
272510,NARUTO SHIPPUDEN: Ultimate Ninja STORM Revolution,29.99,1410818400.0,15,False,7577,1404,8981,Very Positive,0.8436699699365326,2014-09-15 22:00:00,4348.0,20-30
313160,Farming Simulator 15,12.99,1414654680.0,72,False,14654,1189,15843,Very Positive,0.9249510824970019,2014-10-30 07:38:00,4304.0,10-20
293780,Crawl,14.99,1491897631.0,1,False,6909,392,7301,Very Positive,0.9463087248322147,2017-04-11 08:00:31,3410.0,10-20
298480,Victory At Sea,7.99,1407525274.0,1,False,434,144,578,Mostly Positive,0.7508650519031141,2014-08-08 19:14:34,4386.0,5-10
288470,Fable Anniversary,34.99,1410537600.0,19,False,14140,2306,16446,Very Positive,0.8597835339900279,2014-09-12 16:00:00,4352.0,30-40
258970,Gauntlet™ Slayer Edition,19.99,1411491180.0,18,False,8435,1841,10276,Very Positive,0.8208446866485014,2014-09-23 16:53:00,4341.0,10-20
265300,Lords Of The Fallen™ 2014,29.99,1414515480.0,9,False,12233,8535,20768,Mixed,0.5890312018489985,2014-10-28 16:58:00,4306.0,20-30
307960,IL-2 Sturmovik: Battle of Stalingrad,49.99,1413995085.0,4,False,7822,2064,9886,Mostly Positive,0.7912199069391058,2014-10-22 16:24:45,4312.0,40-50
261640,Borderlands: The Pre-Sequel,39.99,1413258660.0,88,False,34068,9091,43159,Mostly Positive,0.7893602724808267,2014-10-14 03:51:00,4320.0,30-40
65980,Sid Meier's Civilization®: Beyond Earth™,39.99,1414083600.0,70,False,14004,9115,23119,Mixed,0.6057355421947316,2014-10-23 17:00:00,4311.0,30-40
243970,"Invisible, Inc.",19.99,1431449340.0,6,False,5261,504,5765,Very Positive,0.9125758889852559,2015-05-12 16:49:00,4110.0,10-20
319510,Five Nights at Freddy's,4.99,1408471623.0,13,False,55292,3651,58943,Very Positive,0.9380588025719763,2014-08-19 18:07:03,4375.0,<5
298630,The Escapists,17.99,1423850400.0,40,False,14607,1584,16191,Very Positive,0.9021678710394664,2015-02-13 18:00:00,4197.0,10-20
294440,Shadowgate,14.99,1408640280.0,2,False,617,92,709,Very Positive,0.8702397743300423,2014-08-21 16:58:00,4374.0,10-20
289520,King's Bounty: Dark Side,12.99,1408485120.0,1,False,1416,504,1920,Mostly Positive,0.7375,2014-08-19 21:52:00,4375.0,10-20
285900,Gang Beasts,19.99,1513098600.0,52,False,57307,9678,66985,Very Positive,0.8555198925132492,2017-12-12 17:10:00,3165.0,10-20
261180,Lethal League,13.99,1409158800.0,5,False,5711,353,6064,Very Positive,0.9417875989445911,2014-08-27 17:00:00,4368.0,10-20
262750,GoD Factory: Wingmen,9.99,1409335200.0,1,False,201,96,297,Mixed,0.6767676767676768,2014-08-29 18:00:00,4365.0,5-10
268050,The Evil Within,19.99,1413234000.0,20,False,28430,4938,33368,Very Positive,0.8520139055382402,2014-10-13 21:00:00,4320.0,10-20
250700,Super Time Force Ultra,14.99,1408989038.0,1,False,865,103,968,Very Positive,0.893595041322314,2014-08-25 17:50:38,4369.0,10-20
241930,Middle-earth™: Shadow of Mordor™,19.99,1412096400.0,66,False,89471,7240,96711,Very Positive,0.9251377816380764,2014-09-30 17:00:00,4334.0,10-20
250900,The Binding of Isaac: Rebirth,14.99,1415124000.0,149,False,428048,13570,441618,Overwhelmingly Positive,0.9692720858298348,2014-11-04 18:00:00,4298.0,10-20
304730,Train Fever,19.99,1409817600.0,5,False,2272,1254,3526,Mixed,0.6443562110039706,2014-09-04 08:00:00,4360.0,10-20
302510,Ryse: Son of Rome,9.99,1412928638.0,20,False,39054,5799,44853,Very Positive,0.8707109892314895,2014-10-10 08:10:38,4324.0,5-10
310080,Hatoful Boyfriend,9.99,1409842800.0,1,False,7123,449,7572,Very Positive,0.940702588483888,2014-09-04 15:00:00,4360.0,5-10
265970,Worlds of Magic,11.99,1426792275.0,1,False,296,291,587,Mixed,0.504258943781942,2015-03-19 19:11:15,4163.0,10-20
242640,Styx: Master of Shadows,19.99,1412696100.0,14,False,9709,1956,11665,Very Positive,0.8323189027003858,2014-10-07 15:35:00,4327.0,10-20
246940,Lords of the Black Sun,24.99,1410541678.0,1,False,79,316,395,Mostly Negative,0.2,2014-09-12 17:07:58,4352.0,20-30
6510,Lost Planet™: Extreme Condition,14.99,1182895200.0,2,False,1813,417,2230,Very Positive,0.8130044843049328,2007-06-26 22:00:00,6986.0,10-20
290080,Life is Feudal: Your Own,19.99,1447781700.0,24,False,7940,4117,12057,Mixed,0.6585386082773492,2015-11-17 17:35:00,3921.0,10-20
292120,FINAL FANTASY® XIII,15.99,1412873580.0,13,False,14856,4942,19798,Mostly Positive,0.7503788261440549,2014-10-09 16:53:00,4325.0,10-20
312750,Final Fantasy IV (3D Remake),15.99,1410973200.0,2,False,2710,513,3223,Very Positive,0.84083152342538,2014-09-17 17:00:00,4347.0,10-20
305620,The Long Dark,19.99,1501599420.0,40,False,109546,13613,123159,Very Positive,0.8894680859701687,2017-08-01 14:57:00,3298.0,10-20
239140,Dying Light,24.99,1422345480.0,209,False,469606,23510,493116,Overwhelmingly Positive,0.9523235912036925,2015-01-27 07:58:00,4215.0,20-30
258520,The Vanishing of Ethan Carter,19.99,1411686180.0,10,False,7921,1052,8973,Very Positive,0.8827593892789479,2014-09-25 23:03:00,4338.0,10-20
267490,Batman™: Arkham Origins Blackgate - Deluxe Edition,19.99,1396374240.0,2,False,1325,1766,3091,Mixed,0.4286638628275639,2014-04-01 17:44:00,4516.0,10-20
300380,Road Redemption,19.99,1507126101.0,3,False,11147,2334,13481,Very Positive,0.8268674430680216,2017-10-04 14:08:21,3234.0,10-20
289930,TransOcean: The Shipping Company,19.99,1411509585.0,1,False,981,343,1324,Mostly Positive,0.7409365558912386,2014-09-23 21:59:45,4340.0,10-20
249190,Ancient Space,19.99,1411477408.0,1,False,162,206,368,Mixed,0.44021739130434784,2014-09-23 13:03:28,4341.0,10-20
253330,Neverending Nightmares,14.99,1411746857.0,1,False,2310,719,3029,Mostly Positive,0.7626279300099043,2014-09-26 15:54:17,4338.0,10-20
50,Half-Life: Opposing Force,4.99,941443200.0,1,False,27439,1340,28779,Overwhelmingly Positive,0.9534382709614649,1999-11-01 08:00:00,9781.0,<5
130,Half-Life: Blue Shift,4.99,991378800.0,1,False,19536,1556,21092,Very Positive,0.9262279537265314,2001-06-01 07:00:00,9203.0,<5
20,Team Fortress Classic,4.99,922953600.0,1,False,8064,1184,9248,Very Positive,0.8719723183391004,1999-04-01 08:00:00,9995.0,<5
241260,Sherlock Holmes: Crimes and Punishments,29.99,1412056800.0,3,False,7121,839,7960,Very Positive,0.8945979899497487,2014-09-30 06:00:00,4334.0,20-30
307690,Sleeping Dogs: Definitive Edition,19.99,1412773260.0,12,False,74172,4653,78825,Very Positive,0.9409705042816365,2014-10-08 13:01:00,4326.0,10-20
251730,Legend of Grimrock 2,23.99,1413388380.0,4,False,3683,381,4064,Very Positive,0.90625,2014-10-15 15:53:00,4319.0,20-30
301910,Saints Row: Gat out of Hell,14.99,1421769900.0,8,False,7354,2410,9764,Mostly Positive,0.7531749283080704,2015-01-20 16:05:00,4222.0,10-20
237850,Dreamfall Chapters,24.99,1500652800.0,5,False,3724,799,4523,Very Positive,0.8233473358390448,2017-07-21 16:00:00,3309.0,20-30
292910,Deponia: The Complete Journey,29.99,1404834720.0,4,False,5770,1061,6831,Very Positive,0.8446786707656273,2014-07-08 15:52:00,4418.0,20-30
306660,Ultimate General: Gettysburg,19.99,1413487522.0,2,False,2176,532,2708,Very Positive,0.8035450516986706,2014-10-16 19:25:22,4317.0,10-20
308420,Ziggurat,14.99,1414093920.0,2,False,3373,588,3961,Very Positive,0.851552638222671,2014-10-23 19:52:00,4310.0,10-20
318220,Enforcer: Police Crime Action,19.99,1414170140.0,1,False,1085,1210,2295,Mixed,0.47276688453159044,2014-10-24 17:02:20,4310.0,10-20
299740,Miscreated,29.99,1545156104.0,24,False,20832,10757,31589,Mixed,0.6594700686947988,2018-12-18 18:01:44,2793.0,20-30
321800,Icewind Dale: Enhanced Edition,19.99,1414681587.0,4,False,3296,366,3662,Very Positive,0.9000546149645002,2014-10-30 15:06:27,4304.0,10-20
294860,Valkyria Chronicles™,19.99,1415697540.0,14,False,11939,1333,13272,Very Positive,0.8995629897528632,2014-11-11 09:19:00,4292.0,10-20
274940,Depth,19.99,1415037660.0,19,False,28973,3967,32940,Very Positive,0.8795689131754706,2014-11-03 18:01:00,4299.0,10-20
313690,LEGO® Batman™ 3: Beyond Gotham,19.99,1415728800.0,5,False,9230,1218,10448,Very Positive,0.8834226646248086,2014-11-11 18:00:00,4291.0,10-20
327410,A Bird Story,3.99,1415383460.0,1,False,9174,1622,10796,Very Positive,0.8497591700629863,2014-11-07 18:04:20,4295.0,<5
305960,Dragon: The Game,17.99,1415398575.0,1,False,227,553,780,Mostly Negative,0.29102564102564105,2014-11-07 22:16:15,4295.0,10-20
282070,This War of Mine,19.99,1415988000.0,49,False,91481,5995,97476,Very Positive,0.9384976814805696,2014-11-14 18:00:00,4288.0,10-20
332800,Five Nights at Freddy's 2,7.99,1415677740.0,5,False,24367,1641,26008,Very Positive,0.9369040295293756,2014-11-11 03:49:00,4292.0,5-10
330830,Tales from the Borderlands,19.99,1613523600.0,13,False,18357,1106,19463,Very Positive,0.9431742280224015,2021-02-17 01:00:00,2002.0,10-20
291650,Pillars of Eternity,29.99,1427385600.0,59,False,23048,2998,26046,Very Positive,0.8848959533133687,2015-03-26 16:00:00,4157.0,20-30
292140,FINAL FANTASY® XIII-2,19.99,1418317080.0,7,False,3733,2646,6379,Mixed,0.5852014422323248,2014-12-11 16:58:00,4262.0,10-20
317620,Space Hulk: Ascension (Classic),19.99,1439389080.0,3,False,700,242,942,Mostly Positive,0.7430997876857749,2015-08-12 14:18:00,4018.0,10-20
246110,MASSIVE CHALICE,19.99,1433178585.0,4,False,1382,523,1905,Mostly Positive,0.7254593175853018,2015-06-01 17:09:45,4090.0,10-20
296570,Lords of Xulima,19.99,1415988593.0,1,False,1016,245,1261,Very Positive,0.8057097541633624,2014-11-14 18:09:53,4288.0,10-20
276810,Mordheim: City of the Damned,19.99,1447956343.0,15,False,5915,2493,8408,Mostly Positive,0.7034966698382493,2015-11-19 18:05:43,3918.0,10-20
289950,Construction Simulator 2015,14.99,1416351578.0,4,False,5630,1217,6847,Very Positive,0.8222579231780341,2014-11-18 22:59:38,4284.0,10-20
295790,Never Alone (Kisima Ingitchuna),14.99,1416323613.0,6,False,6988,1685,8673,Very Positive,0.805718897728583,2014-11-18 15:13:33,4285.0,10-20
312610,METAL SLUG X,7.99,1412269295.0,1,False,3457,484,3941,Very Positive,0.8771885308297387,2014-10-02 17:01:35,4332.0,5-10
325610,Total War: ATTILA,44.99,1424160120.0,82,False,30979,6607,37586,Very Positive,0.8242164635768637,2015-02-17 08:02:00,4194.0,40-50
312370,"Warhammer 40,000: Armageddon (Classic)",19.99,1416999240.0,1,False,881,191,1072,Very Positive,0.8218283582089553,2014-11-26 10:54:00,4277.0,10-20
327890,I Am Bread,12.99,1428596606.0,8,False,4618,1335,5953,Mostly Positive,0.7757433226944398,2015-04-09 16:23:26,4143.0,10-20
311730,DEAD OR ALIVE 5 Last Round: Core Fighters,39.99,1427731080.0,7,True,7306,3185,10491,Mixed,0.6964064436183395,2015-03-30 15:58:00,4153.0,30-40
289690,LARA CROFT AND THE TEMPLE OF OSIRIS™,19.99,1418080560.0,4,False,3027,1377,4404,Mixed,0.6873297002724795,2014-12-08 23:16:00,4264.0,10-20
244770,StarMade,14.99,1417697809.0,4,False,2027,964,2991,Mixed,0.6776997659645604,2014-12-04 12:56:49,4269.0,10-20
541660,Disney Infinity 2.0: Gold Edition,29.99,1481329186.0,1,False,437,43,480,Very Positive,0.9104166666666667,2016-12-10 00:19:46,3532.0,20-30
257510,The Talos Principle,29.99,1418317380.0,28,False,31430,1548,32978,Overwhelmingly Positive,0.9530596155012433,2014-12-11 17:03:00,4262.0,20-30
322330,Don't Starve Together,14.99,1461257940.0,266,False,513467,27396,540863,Very Positive,0.94934761667927,2016-04-21 16:59:00,3765.0,10-20
233610,Distance,24.99,1537272621.0,1,False,6997,573,7570,Very Positive,0.9243064729194188,2018-09-18 12:10:21,2885.0,20-30
294810,BlazBlue: Continuum Shift Extend,19.99,1418366760.0,2,False,1485,161,1646,Very Positive,0.9021871202916161,2014-12-12 06:46:00,4261.0,10-20
319050,Chaos Reborn,9.99,1445846289.0,1,False,855,286,1141,Mostly Positive,0.7493426818580193,2015-10-26 07:58:09,3943.0,5-10
268870,Satellite Reign,29.99,1440743054.0,3,False,3821,1529,5350,Mostly Positive,0.7142056074766355,2015-08-28 06:24:14,4002.0,20-30
311340,METAL GEAR SOLID V: GROUND ZEROES,19.99,1418925060.0,12,False,15351,2759,18110,Very Positive,0.8476532302595251,2014-12-18 17:51:00,4254.0,10-20
314160,Microsoft Flight Simulator X: Steam Edition,24.99,1418924465.0,37,False,22875,3542,26417,Very Positive,0.8659196729378809,2014-12-18 17:41:05,4255.0,20-30
333600,NEKOPARA Vol. 1,9.99,1419904841.0,2,False,26050,1354,27404,Overwhelmingly Positive,0.9505911545759743,2014-12-30 02:00:41,4243.0,5-10
332500,GRAV,19.99,1420740518.0,5,False,3237,3678,6915,Mixed,0.4681127982646421,2015-01-08 18:08:38,4233.0,10-20
304240,Resident Evil,19.99,1421729835.0,10,False,33203,2774,35977,Very Positive,0.9228951830336048,2015-01-20 04:57:15,4222.0,10-20
297000,Heroes® of Might & Magic® III - HD Edition,14.99,1422493560.0,5,False,19763,5042,24805,Mostly Positive,0.7967345293287643,2015-01-29 01:06:00,4213.0,10-20
326670,Warhammer Quest (Classic),29.99,1420653660.0,1,False,817,368,1185,Mixed,0.6894514767932489,2015-01-07 18:01:00,4234.0,20-30
313010,Cities XXL,9.99,1423155300.0,5,False,961,1401,2362,Mixed,0.4068585944115157,2015-02-05 16:55:00,4206.0,5-10
342380,Sakura Angels,9.99,1421435280.0,1,False,1797,354,2151,Very Positive,0.8354253835425384,2015-01-16 19:08:00,4225.0,5-10
313120,Stranded Deep,19.99,1660190966.0,21,False,35410,12323,47733,Mostly Positive,0.7418347893490876,2022-08-11 04:09:26,1462.0,10-20
290790,Grey Goo,29.99,1422025200.0,8,False,2935,1390,4325,Mixed,0.6786127167630058,2015-01-23 15:00:00,4219.0,20-30
244160,Homeworld Remastered Collection,34.99,1424887200.0,29,False,12431,1702,14133,Very Positive,0.8795726314299865,2015-02-25 18:00:00,4185.0,30-40
324810,TOXIKK™,14.99,1473537600.0,2,True,4572,1358,5930,Mostly Positive,0.7709949409780775,2016-09-10 20:00:00,3622.0,10-20
339800,HuniePop,9.99,1421691540.0,7,False,30264,1401,31665,Overwhelmingly Positive,0.9557555660824254,2015-01-19 18:19:00,4222.0,5-10
316790,Grim Fandango Remastered,14.99,1422334980.0,7,False,8033,835,8868,Very Positive,0.9058412268831755,2015-01-27 05:03:00,4215.0,10-20
323470,DRAGON BALL XENOVERSE,39.99,1424991600.0,43,False,19960,2233,22193,Very Positive,0.8993826882350291,2015-02-26 23:00:00,4184.0,30-40
314830,Blackguards 2,9.99,1421773140.0,1,False,875,432,1307,Mixed,0.6694720734506503,2015-01-20 16:59:00,4222.0,5-10
300570,Infinifactory,24.99,1435686360.0,3,False,2358,124,2482,Overwhelmingly Positive,0.9500402900886382,2015-06-30 17:46:00,4060.0,20-30
259660,Void Destroyer,3.99,1421765485.0,1,False,209,143,352,Mixed,0.59375,2015-01-20 14:51:25,4222.0,<5
329490,Phantom Breaker: Battle Grounds Classic,14.99,1422057714.0,2,False,2525,521,3046,Very Positive,0.8289560078791858,2015-01-24 00:01:54,4218.0,10-20
290340,Armello,24.99,1441123578.0,14,False,13126,2917,16043,Very Positive,0.8181761515925949,2015-09-01 16:06:18,3998.0,20-30
319630,Life is Strange - Episode 1,19.99,1422576000.0,64,True,168614,6578,175192,Overwhelmingly Positive,0.9624526234074615,2015-01-30 00:00:00,4212.0,10-20
282900,Hyperdimension Neptunia Re;Birth1,19.98,1422575700.0,9,False,11533,716,12249,Very Positive,0.9415462486733611,2015-01-29 23:55:00,4212.0,10-20
346010,Besiege,14.99,1582034148.0,35,False,50531,2581,53112,Overwhelmingly Positive,0.9514045790028619,2020-02-18 13:55:48,2367.0,10-20
287290,Resident Evil Revelations 2,19.99,1424841060.0,14,False,25024,6943,31967,Mostly Positive,0.7828072699971846,2015-02-25 05:11:00,4186.0,10-20
312840,Fahrenheit: Indigo Prophecy Remastered,9.99,1422508152.0,1,False,6858,1807,8665,Mostly Positive,0.7914598961338719,2015-01-29 05:09:12,4213.0,5-10
262060,Darkest Dungeon®,24.99,1453226400.0,87,False,147610,13406,161016,Very Positive,0.9167411934217717,2016-01-19 18:00:00,3857.0,20-30
307780,Mortal Kombat X,19.99,1428984000.0,37,False,52252,8313,60565,Very Positive,0.8627425080492034,2015-04-14 04:00:00,4138.0,10-20
310510,Deathtrap,19.99,1423074248.0,1,False,1902,365,2267,Very Positive,0.838994265549184,2015-02-04 18:24:08,4206.0,10-20
323320,Grow Home,7.99,1423061707.0,3,False,5153,459,5612,Very Positive,0.9182109764789737,2015-02-04 14:55:07,4207.0,5-10
208750,Apotheon,14.99,1422983301.0,1,False,3472,397,3869,Very Positive,0.8973895063323857,2015-02-03 17:08:21,4208.0,10-20
311560,Assassin’s Creed® Rogue,19.99,1425960000.0,19,False,19080,2995,22075,Very Positive,0.864326160815402,2015-03-10 04:00:00,4173.0,10-20
271240,Offworld Trading Company,29.99,1461855600.0,16,False,4392,1311,5703,Mostly Positive,0.7701209889531825,2016-04-28 15:00:00,3758.0,20-30
255710,Cities: Skylines,29.99,1426003200.0,464,False,270337,20717,291054,Very Positive,0.9288207686546139,2015-03-10 16:00:00,4173.0,20-30
296830,Lucius II,19.99,1423838984.0,1,False,1437,892,2329,Mixed,0.6170030055817948,2015-02-13 14:49:44,4198.0,10-20
331670,The Jackbox Party Pack,24.99,1417028122.0,3,False,1738,179,1917,Very Positive,0.9066249347939489,2014-11-26 18:55:22,4276.0,20-30
333950,Medieval Engineers,9.99,1424368740.0,5,False,3811,3511,7322,Mixed,0.5204862059546572,2015-02-19 17:59:00,4191.0,5-10
266510,Hand of Fate,19.99,1424183031.0,8,False,9519,1159,10678,Very Positive,0.891459074733096,2015-02-17 14:23:51,4194.0,10-20
312790,Agarest: Generations of War 2,19.99,1424366652.0,1,False,148,97,245,Mixed,0.6040816326530613,2015-02-19 17:24:12,4192.0,10-20
329130,Reassembly,14.99,1424385496.0,1,False,3848,242,4090,Very Positive,0.9408312958435208,2015-02-19 22:38:16,4191.0,10-20
237350,Frozen Cortex,24.99,1424368740.0,1,False,193,79,272,Mostly Positive,0.7095588235294118,2015-02-19 17:59:00,4191.0,20-30
270450,Robot Roller-Derby Disco Dodgeball,9.99,1424368376.0,1,False,3580,298,3878,Very Positive,0.9231562661165549,2015-02-19 17:52:56,4191.0,5-10
279940,The Book of Unwritten Tales 2,29.99,1424390347.0,2,False,921,87,1008,Very Positive,0.9136904761904762,2015-02-19 23:59:07,4191.0,20-30
314660,Oddworld: New 'n' Tasty,19.99,1424885460.0,4,False,3128,529,3657,Very Positive,0.8553459119496856,2015-02-25 17:31:00,4186.0,10-20
274170,Hotline Miami 2: Wrong Number,14.99,1426003260.0,15,False,74971,4691,79662,Very Positive,0.9411137054053376,2015-03-10 16:01:00,4173.0,10-20
322520,DYNASTY WARRIORS 8 Empires,49.99,1424998740.0,2,False,1106,560,1666,Mixed,0.6638655462184874,2015-02-27 00:59:00,4184.0,40-50
354140,Five Nights at Freddy's 3,7.99,1425344118.0,3,False,10181,1106,11287,Very Positive,0.9020111632851954,2015-03-03 00:55:18,4180.0,5-10
280790,Creativerse,24.99,1494261360.0,2,False,23831,6902,30733,Mostly Positive,0.7754205577066996,2017-05-08 16:36:00,3383.0,20-30
301640,Zombie Army Trilogy,44.99,1425635460.0,15,False,15971,2627,18598,Very Positive,0.8587482525002689,2015-03-06 09:51:00,4177.0,40-50
208650,Batman™: Arkham Knight,19.99,1435078800.0,51,False,142273,16413,158686,Very Positive,0.8965693255863781,2015-06-23 17:00:00,4068.0,10-20
307880,Savage Lands,3.99,1639672834.0,7,False,3643,3046,6689,Mixed,0.5446255045597249,2021-12-16 16:40:34,1700.0,<5
282210,Sid Meier's Starships,14.99,1426179600.0,4,False,1243,1228,2471,Mixed,0.5030352084176447,2015-03-12 17:00:00,4171.0,10-20
238370,Magicka 2,14.99,1432652400.0,12,False,11406,2423,13829,Very Positive,0.8247884879600839,2015-05-26 15:00:00,4096.0,10-20
264710,Subnautica,29.99,1516759200.0,193,False,367049,10995,378044,Overwhelmingly Positive,0.9709160838420925,2018-01-24 02:00:00,3122.0,20-30
344760,Reign Of Kings,9.99,1450226866.0,15,False,8480,6360,14840,Mixed,0.5714285714285714,2015-12-16 00:47:46,3892.0,5-10
275100,Shelter 2,24.99,1425909600.0,2,False,3676,638,4314,Very Positive,0.8521094112192861,2015-03-09 14:00:00,4174.0,20-30
293760,Automation - The Car Company Tycoon Game,29.99,1426176185.0,3,False,16710,1089,17799,Very Positive,0.9388167874599697,2015-03-12 16:03:05,4171.0,20-30
339200,Oceanhorn: Monster of Uncharted Seas,14.99,1426590549.0,1,False,1729,438,2167,Mostly Positive,0.7978772496538994,2015-03-17 11:09:09,4166.0,10-20
350080,Wolfenstein: The Old Blood,19.99,1430798460.0,12,False,21124,2278,23402,Very Positive,0.9026578924878216,2015-05-05 04:01:00,4117.0,10-20
327670,Ironcast,14.99,1427374638.0,1,False,695,272,967,Mostly Positive,0.718717683557394,2015-03-26 12:57:18,4157.0,10-20
345660,RIDE,19.99,1427475600.0,1,False,1981,498,2479,Mostly Positive,0.7991125453812021,2015-03-27 17:00:00,4156.0,10-20
301120,Eastside Hockey Manager,19.99,1448992680.0,1,False,1182,199,1381,Very Positive,0.8559015206372194,2015-12-01 17:58:00,3906.0,10-20
245370,Etherium,9.99,1427309640.0,1,False,347,605,952,Mostly Negative,0.3644957983193277,2015-03-25 18:54:00,4157.0,5-10
359320,Elite Dangerous,19.99,1427990400.0,162,False,82806,24309,107115,Mostly Positive,0.7730569948186529,2015-04-02 16:00:00,4150.0,10-20
335300,DARK SOULS™ II: Scholar of the First Sin,39.99,1427925660.0,58,False,109986,21113,131099,Very Positive,0.8389537677632933,2015-04-01 22:01:00,4150.0,30-40
270150,RUNNING WITH RIFLES,14.99,1427994154.0,6,False,14691,2030,16721,Very Positive,0.8785957777644877,2015-04-02 17:02:34,4150.0,10-20
346420,The Spatials,9.99,1427731250.0,1,False,227,102,329,Mixed,0.6899696048632219,2015-03-30 16:00:50,4153.0,5-10
324260,VoidExpanse,14.99,1427990751.0,1,False,546,222,768,Mostly Positive,0.7109375,2015-04-02 16:05:51,4150.0,10-20
252450,StarDrive 2,29.99,1428595882.0,4,False,1161,940,2101,Mixed,0.552594002855783,2015-04-09 16:11:22,4143.0,20-30
295590,Hero Generations,5.99,1428684660.0,1,False,122,101,223,Mixed,0.547085201793722,2015-04-10 16:51:00,4142.0,5-10
329430,State of Decay: YOSE,19.99,1430150400.0,4,False,10809,2310,13119,Very Positive,0.8239195060599132,2015-04-27 16:00:00,4125.0,10-20
297130,Titan Souls,14.99,1429029600.0,2,False,10860,2920,13780,Mostly Positive,0.7880986937590712,2015-04-14 16:40:00,4138.0,10-20
275200,Westerado: Double Barreled,14.99,1429203769.0,1,False,1746,163,1909,Very Positive,0.9146149816657936,2015-04-16 17:02:49,4136.0,10-20
344840,Gratuitous Space Battles 2,9.99,1429224944.0,1,False,123,187,310,Mostly Negative,0.3967741935483871,2015-04-16 22:55:44,4135.0,5-10
340730,Sunrider Academy,9.99,1429136275.0,1,False,944,196,1140,Very Positive,0.8280701754385965,2015-04-15 22:17:55,4136.0,5-10
232090,Killing Floor 2,29.99,1479478136.0,95,False,114074,15138,129212,Very Positive,0.8828436987276723,2016-11-18 14:08:56,3554.0,20-30
262280,Dungeons 2,19.99,1429890878.0,7,False,4325,949,5274,Very Positive,0.8200606750094804,2015-04-24 15:54:38,4128.0,10-20
319910,Trine 3: The Artifacts of Power,21.99,1440082200.0,4,False,5777,3416,9193,Mixed,0.6284129228761014,2015-08-20 14:50:00,4010.0,20-30
320300,Car Mechanic Simulator 2015,19.99,1429819020.0,18,False,13505,1114,14619,Very Positive,0.9237977973869622,2015-04-23 19:57:00,4128.0,10-20
354380,Assassin’s Creed® Chronicles: China,9.99,1429632000.0,1,False,2881,1008,3889,Mostly Positive,0.7408074055027,2015-04-21 16:00:00,4131.0,5-10
318230,Convoy,14.99,1429621200.0,1,False,1148,316,1464,Mostly Positive,0.7841530054644809,2015-04-21 13:00:00,4131.0,10-20
311210,Call of Duty®: Black Ops III,59.99,1446786000.0,305,False,197464,34558,232022,Very Positive,0.8510572273318909,2015-11-06 05:00:00,3932.0,50+
248860,NEO Scavenger,14.99,1418672623.0,1,False,4852,557,5409,Very Positive,0.8970234793862082,2014-12-15 19:43:43,4257.0,10-20
225540,Just Cause™ 3,19.99,1448928120.0,65,False,107686,19926,127612,Very Positive,0.8438548098924866,2015-12-01 00:02:00,3907.0,10-20
361670,STAR WARS™ - X-Wing Alliance™,9.99,1430237383.0,1,False,419,88,507,Very Positive,0.8264299802761341,2015-04-28 16:09:43,4124.0,5-10
321960,Might & Magic® Heroes® VII,29.99,1443531600.0,10,False,3919,3253,7172,Mixed,0.5464305633017289,2015-09-29 13:00:00,3970.0,20-30
251130,Chroma Squad,14.99,1430401740.0,1,False,4280,309,4589,Very Positive,0.9326650686424057,2015-04-30 13:49:00,4122.0,10-20
355250,STAR WARS™: TIE Fighter Special Edition,9.99,1430237070.0,1,False,519,120,639,Very Positive,0.812206572769953,2015-04-28 16:04:30,4124.0,5-10
361690,STAR WARS™ X-Wing vs TIE Fighter - Balance of Power Campaigns™,9.99,1430237564.0,1,False,234,72,306,Mostly Positive,0.7647058823529411,2015-04-28 16:12:44,4124.0,5-10
354430,STAR WARS™ - X-Wing Special Edition,9.99,1430237473.0,1,False,364,107,471,Mostly Positive,0.772823779193206,2015-04-28 16:11:13,4124.0,5-10
312540,Ys VI: The Ark of Napishtim,19.99,1430240321.0,1,False,1371,157,1528,Very Positive,0.8972513089005235,2015-04-28 16:58:41,4124.0,10-20
362890,Black Mesa,19.99,1583518328.0,17,False,136917,7269,144186,Very Positive,0.9495859514793392,2020-03-06 18:12:08,2349.0,10-20
235380,Blitzkrieg 3,9.99,1496422920.0,1,False,3949,3374,7323,Mixed,0.5392598661750648,2017-06-02 17:02:00,3358.0,5-10
303800,The Witcher Adventure Game,9.99,1417085880.0,1,False,1042,315,1357,Mostly Positive,0.7678703021370671,2014-11-27 10:58:00,4276.0,5-10
326410,Windward,9.99,1431438020.0,2,False,2890,739,3629,Mostly Positive,0.7963626343345274,2015-05-12 13:40:20,4110.0,5-10
332200,Axiom Verge,19.99,1431615570.0,2,False,5938,650,6588,Very Positive,0.9013357619914997,2015-05-14 14:59:30,4108.0,10-20
329050,Devil May Cry 4 Special Edition,24.99,1435074900.0,14,False,19282,2892,22174,Very Positive,0.8695769820510508,2015-06-23 15:55:00,4068.0,20-30
363970,Clicker Heroes,47.94,1431565500.0,8,True,55681,6457,62138,Very Positive,0.896086130869999,2015-05-14 01:05:00,4108.0,40-50
274270,NOT A HERO,19.99,1468000800.0,2,False,1784,265,2049,Very Positive,0.8706686188384578,2016-07-08 18:00:00,3686.0,10-20
346940,Shadowrun: Hong Kong - Extended Edition,19.99,1440089997.0,4,False,4183,644,4827,Very Positive,0.8665837994613632,2015-08-20 16:59:57,4010.0,10-20
359900,The Incredible Adventures of Van Helsing III,14.99,1432319684.0,1,False,892,487,1379,Mixed,0.6468455402465555,2015-05-22 18:34:44,4099.0,10-20
358130,Curious Expedition,14.99,1472829462.0,1,False,4097,397,4494,Very Positive,0.9116599910992434,2016-09-02 15:17:42,3631.0,10-20
332310,LEGO® Worlds,29.99,1488909960.0,18,False,12237,3395,15632,Mostly Positive,0.782817297850563,2017-03-07 18:06:00,3444.0,20-30
351710,Hyperdimension Neptunia Re;Birth2: Sisters Generation,19.98,1432909380.0,4,False,3076,270,3346,Very Positive,0.9193066347878064,2015-05-29 14:23:00,4093.0,10-20
341940,Hatred,5.99,1433178000.0,2,False,24881,4596,29477,Very Positive,0.8440818265088035,2015-06-01 17:00:00,4090.0,5-10
333980,AKIBA'S TRIP: Undead ＆ Undressed,19.99,1432659596.0,2,False,2901,516,3417,Very Positive,0.848990342405619,2015-05-26 16:59:56,4096.0,10-20
284160,BeamNG.drive,24.99,1432915575.0,85,False,401028,11234,412262,Overwhelmingly Positive,0.9727503383770515,2015-05-29 16:06:15,4093.0,20-30
348550,GUILTY GEAR XX ACCENT CORE PLUS R,14.99,1432688176.0,1,False,7410,292,7702,Overwhelmingly Positive,0.9620877694105427,2015-05-27 00:56:16,4095.0,10-20
257170,Rebuild 3: Gangs of Deadsville,14.99,1432929813.0,2,False,1757,285,2042,Very Positive,0.8604309500489716,2015-05-29 20:03:33,4092.0,10-20
368360,60 Seconds!,8.99,1432573200.0,2,False,9921,1761,11682,Very Positive,0.8492552645095018,2015-05-25 17:00:00,4097.0,5-10
350310,BLADESTORM: Nightmare,59.99,1432861140.0,1,False,344,161,505,Mixed,0.6811881188118812,2015-05-29 00:59:00,4093.0,50+
249950,Forge Quest,0.99,1432943310.0,1,False,436,111,547,Mostly Positive,0.7970749542961609,2015-05-29 23:48:30,4092.0,<5
345610,The Fruit of Grisaia,39.99,1432966305.0,1,False,1028,86,1114,Very Positive,0.9228007181328546,2015-05-30 06:11:45,4092.0,30-40
346110,ARK: Survival Evolved,14.99,1503856800.0,412,False,645653,129160,774813,Very Positive,0.8333017128003789,2017-08-27 18:00:00,3271.0,10-20
377160,Fallout 4,19.99,1447131600.0,305,False,347119,80356,427475,Very Positive,0.8120217556582257,2015-11-10 05:00:00,3928.0,10-20
312530,Duck Game,12.99,1433437184.0,8,False,37687,1336,39023,Overwhelmingly Positive,0.9657637803346745,2015-06-04 16:59:44,4087.0,10-20
253250,Stonehearth,19.99,1532551268.0,6,False,9831,3231,13062,Mostly Positive,0.7526412494258153,2018-07-25 20:41:08,2939.0,10-20
358090,D4: Dark Dreams Don’t Die -Season One-,14.99,1433545219.0,1,False,1589,386,1975,Very Positive,0.8045569620253165,2015-06-05 23:00:19,4085.0,10-20
314710,Mighty No. 9,19.99,1466528400.0,1,False,1734,1711,3445,Mixed,0.5033381712626995,2016-06-21 17:00:00,3704.0,10-20
352400,LEGO® Jurassic World,19.99,1434078000.0,6,False,10456,837,11293,Very Positive,0.9258832905339591,2015-06-12 03:00:00,4079.0,10-20
359550,Tom Clancy's Rainbow Six Siege,19.99,1448992800.0,548,True,1264848,273202,1538050,Very Positive,0.822371184291798,2015-12-01 18:00:00,3906.0,10-20
363130,Toukiden: Kiwami,59.99,1435280340.0,1,False,918,416,1334,Mixed,0.6881559220389805,2015-06-26 00:59:00,4065.0,50+
368370,Her Story,9.99,1435148171.0,2,False,9278,1100,10378,Very Positive,0.89400655232222,2015-06-24 12:16:11,4067.0,5-10
359230,Lethis - Path of Progress,19.99,1435254695.0,1,False,824,390,1214,Mixed,0.6787479406919276,2015-06-25 17:51:35,4065.0,10-20
322850,Pro Cycling Manager 2015,4.99,1434643200.0,6,False,245,161,406,Mixed,0.603448275862069,2015-06-18 16:00:00,4073.0,<5
368500,Assassin's Creed® Syndicate,29.99,1447909200.0,39,False,26340,6560,32900,Very Positive,0.8006079027355623,2015-11-19 05:00:00,3919.0,20-30
351970,Tales of Zestiria,49.99,1445292000.0,20,False,7417,1889,9306,Mostly Positive,0.7970126799914033,2015-10-19 22:00:00,3949.0,40-50
318020,Act of Aggression - Reboot Edition,29.99,1441212600.0,14,False,2217,1102,3319,Mixed,0.6679722808074722,2015-09-02 16:50:00,3997.0,20-30
360150,How To Survive: Third Person Standalone,9.99,1435848060.0,1,False,721,541,1262,Mixed,0.5713153724247226,2015-07-02 14:41:00,4059.0,5-10
274230,RONIN,19.99,1435666581.0,1,False,1702,750,2452,Mixed,0.6941272430668842,2015-06-30 12:16:21,4061.0,10-20
335670,LISA: The Painful,19.99,1418662821.0,1,False,14444,684,15128,Overwhelmingly Positive,0.9547858276044421,2014-12-15 17:00:21,4258.0,10-20
331600,One Piece Pirate Warriors 3,39.99,1440712800.0,13,False,8503,2403,10906,Mostly Positive,0.7796625710618008,2015-08-27 22:00:00,4002.0,30-40
317820,Guild of Dungeoneering Ultimate Edition,19.99,1436887838.0,4,False,2023,608,2631,Mostly Positive,0.7689091600152034,2015-07-14 15:30:38,4047.0,10-20
236690,Blood Bowl 2: Legendary Edition (Classic),29.99,1504626900.0,21,False,7189,1972,9161,Mostly Positive,0.7847396572426591,2017-09-05 15:55:00,3263.0,20-30
367450,Poly Bridge,9.99,1468342510.0,11,False,17112,1703,18815,Very Positive,0.9094871113473293,2016-07-12 16:55:10,3683.0,5-10
319280,Yatagarasu Attack on Cataclysm,14.99,1436277370.0,1,False,188,105,293,Mixed,0.6416382252559727,2015-07-07 13:56:10,4054.0,10-20
323380,The Magic Circle,19.99,1436455813.0,1,False,1389,113,1502,Very Positive,0.9247669773635153,2015-07-09 15:30:13,4052.0,10-20
375910,Anno 2205™,39.99,1446505200.0,15,False,4435,1891,6326,Mostly Positive,0.7010749288650016,2015-11-02 23:00:00,3935.0,30-40
363600,Holy Potatoes! A Weapon Shop?!,9.99,1436803445.0,2,False,1486,597,2083,Mostly Positive,0.7133941430628901,2015-07-13 16:04:05,4048.0,5-10
312780,Way of the Samurai 4,24.99,1437667260.0,3,False,1608,467,2075,Mostly Positive,0.7749397590361445,2015-07-23 16:01:00,4038.0,20-30
280360,Interstellaria,9.99,1437152429.0,1,False,229,181,410,Mixed,0.5585365853658537,2015-07-17 17:00:29,4044.0,5-10
269770,Secrets of Grindea,14.99,1709229615.0,1,False,7638,936,8574,Very Positive,0.8908327501749476,2024-02-29 18:00:15,894.0,10-20
388090,Five Nights at Freddy's 4,7.99,1437686880.0,3,False,15628,1188,16816,Very Positive,0.9293529971455756,2015-07-23 21:28:00,4037.0,5-10
345180,Victor Vran ARPG,19.99,1437733620.0,6,False,5518,930,6448,Very Positive,0.8557692307692307,2015-07-24 10:27:00,4037.0,10-20
285920,TerraTech,24.99,1533912960.0,13,False,22743,2140,24883,Very Positive,0.9139975083390266,2018-08-10 14:56:00,2924.0,20-30
361550,Cradle,12.99,1437749238.0,1,False,1428,584,2012,Mostly Positive,0.709741550695825,2015-07-24 14:47:18,4037.0,10-20
310890,Breach & Clear: Deadline Rebirth (2016),9.99,1437461886.0,1,False,482,408,890,Mixed,0.5415730337078651,2015-07-21 06:58:06,4040.0,5-10
340170,FINAL FANTASY TYPE-0™ HD,29.99,1439913600.0,5,False,1987,1194,3181,Mixed,0.6246463376296763,2015-08-18 16:00:00,4012.0,20-30
287700,METAL GEAR SOLID V: THE PHANTOM PAIN,19.99,1441126800.0,47,False,98777,8836,107613,Very Positive,0.9178909611292316,2015-09-01 17:00:00,3998.0,10-20
345390,King's Quest,24.99,1438102680.0,3,True,2713,293,3006,Very Positive,0.9025282767797738,2015-07-28 16:58:00,4033.0,20-30
302670,Call to Arms,14.99,1524837840.0,3,False,19122,4987,24109,Mostly Positive,0.7931477871334357,2018-04-27 14:04:00,3029.0,10-20
268650,From the Depths,24.99,1604684474.0,4,False,11401,1373,12774,Very Positive,0.8925160482229528,2020-11-06 17:41:14,2105.0,20-30
320340,Cosmonautica,9.99,1438361981.0,1,False,571,619,1190,Mixed,0.47983193277310926,2015-07-31 16:59:41,4030.0,5-10
347830,Fairy Fencer F,9.99,1438711646.0,2,False,2127,252,2379,Very Positive,0.8940731399747793,2015-08-04 18:07:26,4025.0,5-10
383120,Empyrion - Galactic Survival,19.99,1596621388.0,13,False,26959,7407,34366,Mostly Positive,0.7844672059593785,2020-08-05 09:56:28,2198.0,10-20
356040,Sheltered,14.99,1458066901.0,3,False,5124,1146,6270,Very Positive,0.8172248803827751,2016-03-15 18:35:01,3801.0,10-20
301860,Submerged,19.99,1438659449.0,1,False,3682,1165,4847,Mostly Positive,0.7596451413245306,2015-08-04 03:37:29,4026.0,10-20
365450,Hacknet,9.99,1439423785.0,6,False,24344,1679,26023,Very Positive,0.9354801521730777,2015-08-12 23:56:25,4017.0,5-10
240620,Wanderlust Adventures,9.99,1439252433.0,1,False,149,102,251,Mixed,0.5936254980079682,2015-08-11 00:20:33,4019.0,5-10
234140,Mad Max,19.99,1441090860.0,31,False,83171,6890,90061,Very Positive,0.9234962969542866,2015-09-01 07:01:00,3998.0,10-20
386070,Planetary Annihilation: TITANS,29.99,1439916937.0,6,False,12378,2287,14665,Very Positive,0.8440504602795772,2015-08-18 16:55:37,4012.0,20-30
339230,ZOMBI,19.99,1439910677.0,1,False,2012,1111,3123,Mixed,0.6442523214857508,2015-08-18 15:11:17,4012.0,10-20
330390,GRANDIA II HD Remaster,19.99,1440431991.0,2,False,2236,408,2644,Very Positive,0.8456883509833586,2015-08-24 15:59:51,4006.0,10-20
365770,Volume,19.99,1439881260.0,1,False,543,172,715,Mostly Positive,0.7594405594405594,2015-08-18 07:01:00,4012.0,10-20
344850,Big Pharma,24.99,1440680392.0,4,False,1500,438,1938,Mostly Positive,0.7739938080495357,2015-08-27 12:59:52,4003.0,20-30
230290,Universe Sandbox,29.99,1440459720.0,9,False,30780,1120,31900,Overwhelmingly Positive,0.9648902821316614,2015-08-24 23:42:00,4005.0,20-30
363440,Mega Man Legacy Collection,14.99,1440474960.0,3,False,4619,726,5345,Very Positive,0.8641721234798877,2015-08-25 03:56:00,4005.0,10-20
359310,Evoland 2,19.99,1440510600.0,1,False,3391,506,3897,Very Positive,0.8701565306646138,2015-08-25 13:50:00,4005.0,10-20
356570,Party Hard,9.99,1440518591.0,4,False,11329,1237,12566,Very Positive,0.9015597644437371,2015-08-25 16:03:11,4005.0,5-10
351910,Valhalla Hills,12.99,1449075838.0,2,False,730,602,1332,Mixed,0.5480480480480481,2015-12-02 17:03:58,3906.0,10-20
308173,Hegemony III: Clash of the Ancients,29.99,1440521297.0,1,False,459,99,558,Very Positive,0.8225806451612904,2015-08-25 16:48:17,4005.0,20-30
391720,Layers of Fear (2016),19.99,1455573240.0,6,False,24417,3204,27621,Very Positive,0.884001303356142,2016-02-15 21:54:00,3830.0,10-20
359390,Amnesia™: Memories,9.99,1440525683.0,1,False,4102,330,4432,Very Positive,0.9255415162454874,2015-08-25 18:01:23,4004.0,5-10
392470,NOBUNAGA'S AMBITION: Sphere of Influence,59.99,1441126800.0,2,False,517,102,619,Very Positive,0.8352180936995154,2015-09-01 17:00:00,3998.0,50+
296970,Renowned Explorers: International Society,19.99,1441198009.0,5,False,2655,243,2898,Very Positive,0.9161490683229814,2015-09-02 12:46:49,3997.0,10-20
380150,STASIS,7.99,1441046721.0,1,False,1932,432,2364,Very Positive,0.817258883248731,2015-08-31 18:45:21,3998.0,5-10
337000,Deus Ex: Mankind Divided,29.99,1471968000.0,31,False,32222,9938,42160,Mostly Positive,0.7642789373814042,2016-08-23 16:00:00,3641.0,20-30
314410,Rampage Knights,12.99,1441388116.0,2,False,3346,262,3608,Very Positive,0.9273835920177383,2015-09-04 17:35:16,3995.0,10-20
268500,XCOM® 2,19.99,1454648400.0,143,False,92112,16719,108831,Very Positive,0.8463764919921714,2016-02-05 05:00:00,3841.0,10-20
252110,Lovers in a Dangerous Spacetime,14.99,1441811685.0,1,False,3785,277,4062,Very Positive,0.931806991629739,2015-09-09 15:14:45,3990.0,10-20
282140,SOMA,29.99,1442904333.0,17,False,50133,2161,52294,Overwhelmingly Positive,0.958675947527441,2015-09-22 06:45:33,3977.0,20-30
391540,Undertale,9.99,1442332762.0,75,False,323934,11769,335703,Overwhelmingly Positive,0.9649422257173752,2015-09-15 15:59:22,3984.0,5-10
310470,Grand Ages: Medieval,19.99,1443190920.0,3,False,943,1032,1975,Mixed,0.47746835443037977,2015-09-25 14:22:00,3974.0,10-20
252870,PULSAR: Lost Colony,19.99,1624378811.0,3,False,5143,583,5726,Very Positive,0.8981837233670974,2021-06-22 16:20:11,1877.0,10-20
383980,Rivals of Aether,29.99,1490716800.0,6,False,36474,1543,38017,Overwhelmingly Positive,0.959412894231528,2017-03-28 16:00:00,3424.0,20-30
235540,Warhammer: End Times - Vermintide,29.99,1445619600.0,39,False,17135,4297,21432,Mostly Positive,0.7995054124673385,2015-10-23 17:00:00,3946.0,20-30
303210,The Beginner's Guide,9.99,1443718848.0,2,False,20578,2732,23310,Very Positive,0.8827970827970828,2015-10-01 17:00:48,3968.0,5-10
348470,SAMURAI WARRIORS 4-II,49.99,1443546000.0,1,False,1057,376,1433,Mostly Positive,0.7376133984647593,2015-09-29 17:00:00,3970.0,40-50
282560,RollerCoaster Tycoon World™,14.99,1479311520.0,5,False,1479,4409,5888,Mostly Negative,0.25118885869565216,2016-11-16 15:52:00,3556.0,10-20
367270,Angels Fall First,17.99,1783807188.0,3,False,3250,715,3965,Very Positive,0.819672131147541,2026-07-11 21:59:48,31.0,10-20
323580,Jotun: Valhalla Edition,14.99,1443531178.0,3,False,6601,1955,8556,Mostly Positive,0.771505376344086,2015-09-29 12:52:58,3970.0,10-20
388060,The Escapists: The Walking Dead,17.99,1443628800.0,1,False,579,323,902,Mixed,0.6419068736141907,2015-09-30 16:00:00,3969.0,10-20
341800,Keep Talking and Nobody Explodes,14.99,1444323566.0,16,False,16610,464,17074,Overwhelmingly Positive,0.9728241771113975,2015-10-08 16:59:26,3961.0,10-20
310950,Street Fighter V,19.99,1455598800.0,48,False,30057,14118,44175,Mixed,0.6804074702886248,2016-02-16 05:00:00,3830.0,10-20
382140,SKYHILL,9.99,1444132740.0,1,False,4487,1245,5732,Mostly Positive,0.7827983251919051,2015-10-06 11:59:00,3963.0,5-10
403190,Planetbase,14.99,1444953600.0,9,False,8294,2109,10403,Mostly Positive,0.7972700182639623,2015-10-16 00:00:00,3953.0,10-20
230070,The Age of Decadence,14.99,1444827622.0,2,False,3320,716,4036,Very Positive,0.8225966303270565,2015-10-14 13:00:22,3955.0,10-20
375820,Human Resource Machine,14.99,1444938986.0,1,False,4391,287,4678,Very Positive,0.9386489952971355,2015-10-15 19:56:26,3953.0,10-20
290300,Rebel Galaxy,19.99,1445355749.0,7,False,7128,1250,8378,Very Positive,0.85079971353545,2015-10-20 15:42:29,3949.0,10-20
364360,Total War: WARHAMMER,59.99,1464073200.0,188,False,41059,11240,52299,Mostly Positive,0.7850819327329395,2016-05-24 07:00:00,3732.0,50+
366220,Wurm Unlimited,29.99,1445442439.0,1,False,2242,896,3138,Mostly Positive,0.7144678138942001,2015-10-21 15:47:19,3948.0,20-30
507490,Ashes of the Singularity: Escalation,29.99,1478800800.0,9,False,3677,1297,4974,Mostly Positive,0.73924406915963,2016-11-10 18:00:00,3561.0,20-30
389870,Mugen Souls,19.99,1445501675.0,1,False,203,86,289,Mostly Positive,0.7024221453287197,2015-10-22 08:14:35,3947.0,10-20
408990,Timber and Stone,4.99,1445359096.0,1,False,423,440,863,Mixed,0.4901506373117034,2015-10-20 16:38:16,3949.0,<5
353270,Hyperdimension Neptunia Re;Birth3 V Generation,19.98,1446225360.0,4,False,3321,209,3530,Very Positive,0.9407932011331445,2015-10-30 17:16:00,3939.0,10-20
365590,Tom Clancy’s The Division™,29.99,1457413200.0,91,False,68498,28138,96636,Mostly Positive,0.7088248685789975,2016-03-08 05:00:00,3809.0,20-30
251290,The Legend of Heroes: Trails in the Sky SC,29.99,1446134247.0,1,False,4250,104,4354,Overwhelmingly Positive,0.9761139182361047,2015-10-29 15:57:27,3940.0,20-30
402020,The Park®,12.99,1445943360.0,1,False,2233,953,3186,Mostly Positive,0.7008788449466415,2015-10-27 10:56:00,3942.0,10-20
360170,How to Survive 2,14.99,1473340713.0,8,False,7606,3403,11009,Mixed,0.6908892724134799,2016-09-08 13:18:33,3625.0,10-20
377860,Mushihimesama,19.99,1447351200.0,1,False,1511,48,1559,Overwhelmingly Positive,0.9692110327132777,2015-11-12 18:00:00,3925.0,10-20
400170,The Incredible Adventures of Van Helsing: Final Cut,44.99,1446832961.0,2,False,2970,915,3885,Mostly Positive,0.7644787644787645,2015-11-06 18:02:41,3931.0,40-50
388410,Darksiders II Deathinitive Edition,29.99,1446746220.0,4,False,16150,4392,20542,Mostly Positive,0.7861941388375037,2015-11-05 17:57:00,3932.0,20-30
365960,rFactor 2,29.99,1447347637.0,1,False,7238,1956,9194,Mostly Positive,0.7872525560147923,2015-11-12 17:00:37,3926.0,20-30
324680,Impossible Creatures Steam Edition,9.99,1447247076.0,1,False,1758,78,1836,Overwhelmingly Positive,0.9575163398692811,2015-11-11 13:04:36,3927.0,5-10
378720,Thea: The Awakening,19.99,1448020768.0,2,False,3324,452,3776,Very Positive,0.8802966101694916,2015-11-20 11:59:28,3918.0,10-20
307670,Hard West,19.99,1447869600.0,2,False,3684,1238,4922,Mostly Positive,0.748476229175132,2015-11-18 18:00:00,3919.0,10-20
410850,DRAGON QUEST HEROES™ Slime Edition,39.99,1449162000.0,5,False,923,417,1340,Mixed,0.6888059701492537,2015-12-03 17:00:00,3905.0,30-40
349040,NARUTO SHIPPUDEN: Ultimate Ninja STORM 4,19.99,1454626680.0,54,False,82599,8033,90632,Very Positive,0.9113668461470562,2016-02-04 22:58:00,3841.0,10-20
324160,CLANNAD,44.99,1448308779.0,2,False,10684,170,10854,Overwhelmingly Positive,0.984337571402248,2015-11-23 19:59:39,3914.0,40-50
333300,ADOM (Ancient Domains Of Mystery),14.99,1447700357.0,1,False,1355,259,1614,Very Positive,0.8395291201982652,2015-11-16 18:59:17,3921.0,10-20
394510,HELLDIVERS™ Dive Harder Edition,19.99,1449503100.0,20,False,30118,3196,33314,Very Positive,0.9040643573272498,2015-12-07 15:45:00,3901.0,10-20
418340,RWBY: Grimm Eclipse,19.99,1467744271.0,6,False,9395,2232,11627,Very Positive,0.8080330265760729,2016-07-05 18:44:31,3689.0,10-20
393420,Hurtworld,24.99,1576001114.0,14,False,23570,7405,30975,Mostly Positive,0.7609362389023406,2019-12-10 18:05:14,2436.0,20-30
371660,Far Cry® Primal,29.99,1456808400.0,39,False,35315,5585,40900,Very Positive,0.8634474327628362,2016-03-01 05:00:00,3816.0,20-30
377870,DARIUSBURST Chronicle Saviours,49.99,1449190140.0,2,False,675,145,820,Very Positive,0.823170731707317,2015-12-04 00:49:00,3904.0,40-50
376210,The Isle,19.99,1449026834.0,9,False,94513,23419,117932,Very Positive,0.8014194620628837,2015-12-02 03:27:14,3906.0,10-20
376300,GUILTY GEAR Xrd -SIGN-,29.99,1449673200.0,2,False,2554,251,2805,Very Positive,0.9105169340463458,2015-12-09 15:00:00,3899.0,20-30
345350,LIGHTNING RETURNS™: FINAL FANTASY® XIII,19.99,1449761731.0,4,False,3787,1014,4801,Mostly Positive,0.7887940012497396,2015-12-10 15:35:31,3898.0,10-20
360940,The Mean Greens - Plastic Warfare,9.99,1449593929.0,3,False,8329,1879,10208,Very Positive,0.8159286833855799,2015-12-08 16:58:49,3900.0,5-10
339340,Resident Evil 0,19.99,1453226400.0,6,False,15588,3869,19457,Very Positive,0.8011512566171558,2016-01-19 18:00:00,3857.0,10-20
379720,DOOM,19.99,1463112000.0,70,False,210645,9888,220533,Overwhelmingly Positive,0.9551631728584837,2016-05-13 04:00:00,3743.0,10-20
390520,PewDiePie: Legend of the Brofist,7.99,1449734706.0,1,False,1505,168,1673,Very Positive,0.899581589958159,2015-12-10 08:05:06,3898.0,5-10
393380,Squad,39.99,1600884000.0,110,False,196077,45323,241400,Very Positive,0.8122493786246893,2020-09-23 18:00:00,2148.0,30-40
367500,Dragon's Dogma: Dark Arisen,29.99,1452876480.0,30,False,43262,5654,48916,Very Positive,0.884414097636765,2016-01-15 16:48:00,3862.0,20-30
405820,Turok,19.99,1450375322.0,1,False,3894,310,4204,Very Positive,0.9262607040913415,2015-12-17 18:02:02,3890.0,10-20
397340,SimplePlanes,12.99,1450358381.0,1,False,10152,741,10893,Very Positive,0.9319746626273754,2015-12-17 13:19:41,3891.0,10-20
298030,Total Annihilation,4.99,1450428873.0,1,False,3613,134,3747,Overwhelmingly Positive,0.9642380571123566,2015-12-18 08:54:33,3890.0,<5
391220,Rise of the Tomb Raider™,29.99,1455037140.0,102,False,145708,9018,154726,Very Positive,0.9417163243410933,2016-02-09 16:59:00,3837.0,20-30
394310,Punch Club,9.99,1452286136.0,6,False,12610,3106,15716,Very Positive,0.8023670145075082,2016-01-08 20:48:56,3868.0,5-10
427730,Who's Your Daddy?!,9.99,1463163023.0,14,False,25503,6393,31896,Mostly Positive,0.7995673438675696,2016-05-13 18:10:23,3742.0,5-10
405640,Pony Island,4.99,1451928942.0,1,False,17159,908,18067,Very Positive,0.9497426246748215,2016-01-04 17:35:42,3873.0,<5
433340,Slime Rancher,19.99,1501603265.0,43,False,153013,3125,156138,Overwhelmingly Positive,0.9799856537165841,2017-08-01 16:01:05,3298.0,10-20
281610,Homeworld: Deserts of Kharak,49.99,1453312573.0,10,False,7059,1840,8899,Mostly Positive,0.7932351949657265,2016-01-20 17:56:13,3856.0,40-50
323060,Tharsis,14.99,1452585554.0,1,False,1760,751,2511,Mostly Positive,0.700915969733174,2016-01-12 07:59:14,3865.0,10-20
388880,Oxenfree,9.99,1452833940.0,4,False,11056,1041,12097,Very Positive,0.9139456063486815,2016-01-15 04:59:00,3862.0,5-10
419460,"That Dragon, Cancer",9.99,1452585572.0,1,False,1401,149,1550,Very Positive,0.9038709677419355,2016-01-12 07:59:32,3865.0,5-10
387990,Scrap Mechanic,28.99,1784914041.0,37,False,111418,9776,121194,Very Positive,0.9193359407231381,2026-07-24 17:27:21,19.0,20-30
311310,Naval Action,19.99,1560429660.0,7,False,7682,7038,14720,Mixed,0.521875,2019-06-13 12:41:00,2617.0,10-20
210970,The Witness,39.99,1453828500.0,17,False,17865,3303,21168,Very Positive,0.8439625850340136,2016-01-26 17:15:00,3851.0,30-40
391730,Crashlands,14.99,1453381020.0,2,False,6034,706,6740,Very Positive,0.8952522255192878,2016-01-21 12:57:00,3856.0,10-20
329440,Sonic Lost World,29.99,1446483600.0,2,False,3454,2118,5572,Mixed,0.6198851399856425,2015-11-02 17:00:00,3936.0,20-30
323850,Move or Die,14.99,1453398630.0,5,False,20791,2516,23307,Very Positive,0.8920495988329686,2016-01-21 17:50:30,3855.0,10-20
398170,Evochron Legacy SE,24.99,1453140000.0,1,False,370,74,444,Very Positive,0.8333333333333334,2016-01-18 18:00:00,3858.0,20-30
363150,Romance of the Three Kingdoms XIII,59.99,1453942680.0,12,False,4405,3196,7601,Mixed,0.5795290093408763,2016-01-28 00:58:00,3849.0,50+
363680,Battlefleet Gothic: Armada (Classic),14.99,1461258000.0,20,False,4149,1904,6053,Mixed,0.6854452337683793,2016-04-21 17:00:00,3765.0,10-20
405310,LEGO® MARVEL's Avengers,19.99,1453830600.0,2,False,7873,1052,8925,Very Positive,0.8821288515406163,2016-01-26 17:50:00,3850.0,10-20
272270,Torment: Tides of Numenera,34.99,1488268793.0,5,False,3077,1287,4364,Mostly Positive,0.7050870760769936,2017-02-28 07:59:53,3452.0,30-40
400910,Rabi-Ribi,17.99,1454003842.0,2,False,11674,578,12252,Overwhelmingly Positive,0.9528240287300033,2016-01-28 17:57:22,3848.0,10-20
372360,Tales of Symphonia,19.99,1454367420.0,2,False,4421,759,5180,Very Positive,0.8534749034749035,2016-02-01 22:57:00,3844.0,10-20
270880,American Truck Simulator,19.99,1454433666.0,173,False,188747,6002,194749,Overwhelmingly Positive,0.9691808430338539,2016-02-02 17:21:06,3844.0,10-20
383870,Firewatch,19.99,1455040500.0,21,False,89727,9344,99071,Very Positive,0.9056838025254615,2016-02-09 17:55:00,3836.0,10-20
374320,DARK SOULS™ III,59.99,1460397600.0,198,False,413768,24821,438589,Very Positive,0.94340715339418,2016-04-11 18:00:00,3774.0,50+
401890,ARSLAN: THE WARRIORS OF LEGEND,59.99,1455036900.0,1,False,134,58,192,Mixed,0.6979166666666666,2016-02-09 16:55:00,3837.0,50+
413410,Danganronpa: Trigger Happy Havoc,19.99,1455818220.0,8,False,36559,1521,38080,Overwhelmingly Positive,0.9600577731092437,2016-02-18 17:57:00,3827.0,10-20
420110,NEKOPARA Vol. 2,9.99,1455929009.0,4,False,12435,400,12835,Overwhelmingly Positive,0.9688352162056876,2016-02-20 00:43:29,3826.0,5-10
429570,The Walking Dead: Michonne - A Telltale Miniseries,14.99,1456250340.0,2,False,6618,1595,8213,Very Positive,0.8057956897601364,2016-02-23 17:59:00,3822.0,10-20
405900,Disgaea PC,19.99,1456347600.0,3,False,4196,613,4809,Very Positive,0.8725306716573092,2016-02-24 21:00:00,3821.0,10-20
326460,ShellShock Live,9.99,1590160678.0,19,False,33063,2500,35563,Very Positive,0.9297022185979811,2020-05-22 15:17:58,2273.0,5-10
313630,The Solus Project,19.99,1465320617.0,4,False,2089,531,2620,Mostly Positive,0.7973282442748092,2016-06-07 17:30:17,3718.0,10-20
434650,Lost Castle / 失落城堡,14.38,1472691300.0,3,False,20696,3229,23925,Very Positive,0.8650365726227796,2016-09-01 00:55:00,3632.0,10-20
413150,Stardew Valley,14.99,1456509578.0,490,False,1014343,15669,1030012,Overwhelmingly Positive,0.9847875558731355,2016-02-26 17:59:38,3819.0,10-20
322500,SUPERHOT,24.99,1456435440.0,13,False,37132,3439,40571,Very Positive,0.9152350200882403,2016-02-25 21:24:00,3820.0,20-30
298050,Master of Orion,24.99,1472144340.0,8,False,6302,1869,8171,Mostly Positive,0.7712642271447803,2016-08-25 16:59:00,3639.0,20-30
427520,Factorio,35.0,1597395519.0,188,False,227227,5797,233024,Overwhelmingly Positive,0.9751227341389728,2020-08-14 08:58:39,2189.0,30-40
374040,Portal Knights,19.99,1495119986.0,17,False,18627,3713,22340,Very Positive,0.8337958818263205,2017-05-18 15:06:26,3373.0,10-20
410990,Master of Orion 3,9.99,1472144400.0,1,False,102,88,190,Mixed,0.5368421052631579,2016-08-25 17:00:00,3639.0,5-10
318600,The Flame in the Flood,14.99,1456321800.0,1,False,5531,1749,7280,Mostly Positive,0.7597527472527472,2016-02-24 13:50:00,3822.0,10-20
410980,Master of Orion 2,5.99,1456423980.0,1,False,1678,62,1740,Overwhelmingly Positive,0.964367816091954,2016-02-25 18:13:00,3820.0,5-10
275850,No Man's Sky,59.99,1471021020.0,182,False,351162,62029,413191,Very Positive,0.8498781435220032,2016-08-12 16:57:00,3652.0,50+
421050,Deponia Doomsday,19.99,1456851540.0,1,False,3478,598,4076,Very Positive,0.8532875368007851,2016-03-01 16:59:00,3816.0,10-20
388750,BlazBlue: Chronophantasma Extend,29.99,1456906466.0,1,False,2615,263,2878,Very Positive,0.9086170952050034,2016-03-02 08:14:26,3815.0,20-30
324310,Bus Simulator 16,9.99,1456909258.0,1,False,2692,1088,3780,Mostly Positive,0.7121693121693121,2016-03-02 09:00:58,3815.0,5-10
365360,Battle Brothers,29.99,1490374260.0,10,False,25100,3396,28496,Very Positive,0.8808253790005615,2017-03-24 16:51:00,3428.0,20-30
314180,Deathsmiles,19.99,1457650011.0,1,False,600,27,627,Overwhelmingly Positive,0.9569377990430622,2016-03-10 22:46:51,3806.0,10-20
387340,Hyperdimension Neptunia U: Action Unleashed,14.99,1458579628.0,3,False,2766,252,3018,Very Positive,0.9165009940357853,2016-03-21 17:00:28,3796.0,10-20
388210,Day of the Tentacle Remastered,14.99,1458619298.0,6,False,4548,143,4691,Overwhelmingly Positive,0.9695160946493285,2016-03-22 04:01:38,3795.0,10-20
394970,DEADBOLT,9.99,1457964180.0,1,False,5403,232,5635,Overwhelmingly Positive,0.9588287488908607,2016-03-14 14:03:00,3803.0,5-10
375900,Trackmania® Turbo,39.99,1458838800.0,4,False,1064,539,1603,Mixed,0.6637554585152838,2016-03-24 17:00:00,3793.0,30-40
375450,NOBUNAGA'S AMBITION: Sphere of Influence - Ascension,59.99,1458780120.0,1,False,777,318,1095,Mostly Positive,0.7095890410958904,2016-03-24 00:42:00,3793.0,50+
421120,Samorost 3,19.99,1458835338.0,1,False,5179,355,5534,Very Positive,0.9358511022768341,2016-03-24 16:02:18,3793.0,10-20
418250,Polaris Sector,39.99,1458655019.0,1,False,341,134,475,Mostly Positive,0.7178947368421053,2016-03-22 13:56:59,3795.0,30-40
257850,Hyper Light Drifter,19.99,1459414500.0,10,False,17713,1339,19052,Very Positive,0.9297186647071174,2016-03-31 08:55:00,3786.0,10-20
311690,Enter the Gungeon,14.99,1459861140.0,25,False,85241,4369,89610,Overwhelmingly Positive,0.9512442807722352,2016-04-05 12:59:00,3781.0,10-20
265000,FORCED SHOWDOWN,19.99,1459277940.0,1,False,565,112,677,Very Positive,0.8345642540620384,2016-03-29 18:59:00,3787.0,10-20
426000,HunieCam Studio,6.99,1459787314.0,2,False,5791,812,6603,Very Positive,0.8770255944267757,2016-04-04 16:28:34,3782.0,5-10
394690,Tower Unite,19.99,1745084401.0,1,False,19525,2245,21770,Very Positive,0.8968764354616444,2025-04-19 17:40:01,480.0,10-20
400800,MXGP2 - The Official Motocross Videogame,14.99,1460040607.0,1,False,526,173,699,Mostly Positive,0.7525035765379113,2016-04-07 14:50:07,3779.0,10-20
413420,Danganronpa 2: Goodbye Despair,19.99,1461026764.0,7,False,31021,1362,32383,Overwhelmingly Positive,0.957940894913998,2016-04-19 00:46:04,3767.0,10-20
377840,FINAL FANTASY IX,20.99,1460617221.0,7,False,13474,692,14166,Overwhelmingly Positive,0.9511506423831709,2016-04-14 07:00:21,3772.0,20-30
281990,Stellaris,49.99,1462809420.0,429,False,168622,27937,196559,Very Positive,0.8578696472814779,2016-05-09 15:57:00,3747.0,40-50
406290,Twilight Struggle,9.99,1460584210.0,1,False,2573,404,2977,Very Positive,0.8642929123278468,2016-04-13 21:50:10,3772.0,5-10
419480,Starpoint Gemini Warlords,34.99,1495558885.0,6,False,2628,964,3592,Mostly Positive,0.7316258351893096,2017-05-23 17:01:25,3368.0,30-40
411370,Melty Blood Actress Again Current Code,24.99,1461113875.0,1,False,4527,314,4841,Very Positive,0.9351373683123322,2016-04-20 00:57:55,3766.0,20-30
360430,Mafia III: Definitive Edition,29.99,1589904000.0,24,False,36566,27151,63717,Mixed,0.5738813817348588,2020-05-19 16:00:00,2276.0,20-30
281640,The Banner Saga 2,24.99,1461081600.0,1,False,3399,395,3794,Very Positive,0.8958882445967317,2016-04-19 16:00:00,3767.0,20-30
427250,8-Bit Armies,14.99,1461344520.0,2,False,2006,460,2466,Very Positive,0.813463098134631,2016-04-22 17:02:00,3764.0,10-20
301650,Battlezone 98 Redux,19.99,1460994784.0,1,False,1039,99,1138,Very Positive,0.9130052724077329,2016-04-18 15:53:04,3768.0,10-20
458000,March of the Living,14.99,1461153443.0,1,False,381,155,536,Mostly Positive,0.710820895522388,2016-04-20 11:57:23,3766.0,10-20
446020,Jalopy,14.99,1522256426.0,1,False,8585,2708,11293,Mostly Positive,0.7602054369963694,2018-03-28 17:00:26,3059.0,10-20
415480,Hyperdevotion Noire: Goddess Black Heart (Neptunia),14.99,1461690798.0,1,False,770,215,985,Mostly Positive,0.7817258883248731,2016-04-26 17:13:18,3760.0,10-20
387290,Ori and the Blind Forest: Definitive Edition,19.99,1461769380.0,7,False,67769,3518,71287,Overwhelmingly Positive,0.9506501886739518,2016-04-27 15:03:00,3759.0,10-20
453090,Parkitect,29.99,1543511423.0,3,False,7646,471,8117,Very Positive,0.9419736355796476,2018-11-29 17:10:23,2813.0,20-30
380220,Hover Junkers,19.99,1459865734.0,3,False,526,310,836,Mixed,0.6291866028708134,2016-04-05 14:15:34,3781.0,10-20
455910,STAR WARS™: Rogue Squadron 3D,9.99,1459266604.0,1,False,1018,376,1394,Mostly Positive,0.7302725968436155,2016-03-29 15:50:04,3788.0,5-10
412740,Audioshield,19.99,1459865283.0,1,False,2210,527,2737,Very Positive,0.8074534161490683,2016-04-05 14:08:03,3781.0,10-20
322770,Vanishing Realms™,19.99,1566586618.0,1,False,2319,257,2576,Very Positive,0.9002329192546584,2019-08-23 18:56:58,2545.0,10-20
359870,FINAL FANTASY X/X-2 HD Remaster,29.99,1463068754.0,17,False,20573,2794,23367,Very Positive,0.8804296657679633,2016-05-12 15:59:14,3744.0,20-30
289070,Sid Meier’s Civilization® VI,59.99,1477022400.0,391,False,325009,52447,377456,Very Positive,0.8610513543300411,2016-10-21 04:00:00,3582.0,50+
223100,Homefront®: The Revolution,19.99,1463504400.0,10,False,10409,6672,17081,Mixed,0.6093905509045138,2016-05-17 17:00:00,3739.0,10-20
431240,Golf With Your Friends,23.99,1589907420.0,20,False,65484,9483,74967,Very Positive,0.8735043419104406,2020-05-19 16:57:00,2276.0,20-30
394360,Hearts of Iron IV,49.99,1465228620.0,386,False,336707,37260,373967,Very Positive,0.9003655402749441,2016-06-06 15:57:00,3719.0,40-50
428690,Youtubers Life,19.99,1486055904.0,11,False,11930,3482,15412,Mostly Positive,0.774072151570205,2017-02-02 17:18:24,3478.0,10-20
283640,Salt and Sanctuary,17.99,1463504521.0,5,False,19483,2320,21803,Very Positive,0.8935926248681374,2016-05-17 17:02:01,3739.0,10-20
252470,Space Pirates And Zombies 2,19.99,1510076820.0,3,False,2241,597,2838,Mostly Positive,0.7896405919661733,2017-11-07 17:47:00,3199.0,10-20
254320,Duskers,19.99,1463590680.0,1,False,2517,269,2786,Very Positive,0.9034458004307251,2016-05-18 16:58:00,3738.0,10-20
383150,Dead Island Definitive Edition,19.99,1464678120.0,5,False,22995,5101,28096,Very Positive,0.8184439066059226,2016-05-31 07:02:00,3725.0,10-20
411830,SENRAN KAGURA SHINOVI VERSUS,19.99,1464800673.0,3,False,3750,213,3963,Very Positive,0.9462528387585163,2016-06-01 17:04:33,3724.0,10-20
381210,Dead by Daylight,19.99,1465923600.0,523,False,726075,199664,925739,Mostly Positive,0.7843193383880338,2016-06-14 17:00:00,3711.0,10-20
269170,Sports Bar VR,19.99,1464801986.0,1,False,696,144,840,Very Positive,0.8285714285714286,2016-06-01 17:26:26,3724.0,10-20
446390,Onechanbara Z2: Chaos,39.99,1464919178.0,1,False,832,221,1053,Mostly Positive,0.7901234567901234,2016-06-03 01:59:38,3722.0,30-40
361280,Turmoil,12.99,1464856331.0,5,False,14954,1134,16088,Very Positive,0.9295126802585778,2016-06-02 08:32:11,3723.0,10-20
407330,Sakura Dungeon,19.99,1464980395.0,1,False,1733,176,1909,Very Positive,0.9078051335777895,2016-06-03 18:59:55,3721.0,10-20
407810,Hard Reset Redux,19.99,1464966000.0,1,False,1915,458,2373,Very Positive,0.8069953645174884,2016-06-03 15:00:00,3722.0,10-20
350640,Sherlock Holmes: The Devil's Daughter,29.99,1465577829.0,2,False,11518,2924,14442,Mostly Positive,0.797534967456031,2016-06-10 16:57:09,3715.0,20-30
409890,Stranger of Sword City,19.99,1465232344.0,1,False,424,215,639,Mixed,0.6635367762128326,2016-06-06 16:59:04,3719.0,10-20
280520,Crea,14.99,1465492965.0,1,False,1059,348,1407,Mostly Positive,0.7526652452025586,2016-06-09 17:22:45,3716.0,10-20
327070,Gloria Victis: Medieval MMORPG,30.0,1781719200.0,3,True,8069,3759,11828,Mixed,0.6821947920189381,2026-06-17 18:00:00,55.0,20-30
283160,House of the Dying Sun,19.99,1478026452.0,1,False,1830,212,2042,Very Positive,0.8961802154750245,2016-11-01 18:54:12,3570.0,10-20
447040,Watch_Dogs® 2,49.99,1480395600.0,67,False,82452,17927,100379,Very Positive,0.8214068679703922,2016-11-29 05:00:00,3543.0,40-50
322190,SteamWorld Heist,14.99,1465298736.0,1,False,5837,378,6215,Very Positive,0.9391794046661304,2016-06-07 11:25:36,3718.0,10-20
488790,South Park™: The Fractured But Whole™,29.99,1508162400.0,35,False,28427,4963,33390,Very Positive,0.8513626834381551,2017-10-16 14:00:00,3222.0,20-30
408760,Pro Cycling Manager 2016,9.99,1466092800.0,2,False,267,132,399,Mixed,0.6691729323308271,2016-06-16 16:00:00,3709.0,5-10
403640,Dishonored 2,29.99,1478887200.0,37,False,59630,6866,66496,Very Positive,0.8967456689124158,2016-11-11 18:00:00,3560.0,20-30
338390,The Technomancer,9.99,1467132780.0,5,False,2060,959,3019,Mixed,0.6823451473998012,2016-06-28 16:53:00,3697.0,5-10
438640,LEGO® STAR WARS™: The Force Awakens,19.99,1467064800.0,5,False,5876,1166,7042,Very Positive,0.834422039193411,2016-06-27 22:00:00,3697.0,10-20
311240,Zero Escape: Zero Time Dilemma,19.99,1467218899.0,3,False,3979,894,4873,Very Positive,0.816540119023189,2016-06-29 16:48:19,3696.0,10-20
304430,INSIDE,24.99,1467907200.0,20,False,73104,2267,75371,Overwhelmingly Positive,0.9699221185867244,2016-07-07 16:00:00,3688.0,20-30
460120,Megadimension Neptunia VII,23.98,1467748435.0,3,False,3060,193,3253,Very Positive,0.9406701506301876,2016-07-05 19:53:55,3689.0,20-30
423230,Furi,19.99,1467709840.0,2,False,12587,1407,13994,Very Positive,0.8994569101043304,2016-07-05 09:10:40,3690.0,10-20
384490,NECROPOLIS: BRUTAL EDITION,29.99,1468342800.0,3,False,3015,1633,4648,Mixed,0.6486660929432013,2016-07-12 17:00:00,3683.0,20-30
440630,The Brookhaven Experiment,11.99,1467748680.0,1,False,755,124,879,Very Positive,0.8589306029579067,2016-07-05 19:58:00,3689.0,10-20
486780,Fruit Ninja VR,14.99,1481801062.0,1,False,707,169,876,Very Positive,0.8070776255707762,2016-12-15 11:24:22,3527.0,10-20
383790,The Ship: Remasted,9.99,1477933514.0,1,False,401,286,687,Mixed,0.5836972343522562,2016-10-31 17:05:14,3572.0,5-10
294100,RimWorld,34.99,1539787596.0,407,False,239056,5247,244303,Overwhelmingly Positive,0.9785225723793813,2018-10-17 14:46:36,2856.0,30-40
436320,Raw Data,39.99,1507219355.0,4,False,1905,586,2491,Mostly Positive,0.7647531112003212,2017-10-05 16:02:35,3233.0,30-40
410320,EARTH DEFENSE FORCE 4.1 The Shadow of New Despair,19.99,1468896178.0,9,False,9982,527,10509,Very Positive,0.9498525073746312,2016-07-19 02:42:58,3676.0,10-20
441830,I am Setsuna,39.99,1468943940.0,4,False,1232,481,1713,Mostly Positive,0.7192060712200817,2016-07-19 15:59:00,3676.0,30-40
452510,UNDER NIGHT IN-BIRTH Exe:Late,29.99,1468371420.0,1,False,907,91,998,Very Positive,0.908817635270541,2016-07-13 00:57:00,3682.0,20-30
447020,Farming Simulator 17,14.99,1477328400.0,75,False,24191,1691,25882,Very Positive,0.9346650181593386,2016-10-24 17:00:00,3579.0,10-20
498240,Batman - The Telltale Series,14.99,1470157200.0,7,False,15860,2232,18092,Very Positive,0.8766305549414106,2016-08-02 17:00:00,3662.0,10-20
477160,Human Fall Flat,19.99,1469206680.0,119,False,213923,12137,226060,Very Positive,0.9463107139697425,2016-07-22 16:58:00,3673.0,10-20
416680,Zombie Night Terror,12.99,1469015820.0,1,False,3722,274,3996,Very Positive,0.9314314314314315,2016-07-20 11:57:00,3675.0,10-20
438490,GOD EATER 2 Rage Burst,49.99,1472508000.0,11,False,3678,1054,4732,Mostly Positive,0.7772612003381234,2016-08-29 22:00:00,3634.0,40-50
252610,Death Road to Canada,14.99,1469163660.0,1,False,9697,758,10455,Very Positive,0.9274988043998087,2016-07-22 05:01:00,3673.0,10-20
320240,We Happy Few,59.99,1533916800.0,10,False,10568,3196,13764,Mostly Positive,0.7678000581226387,2018-08-10 16:00:00,2924.0,50+
447820,Day of Infamy,14.99,1490299440.0,12,False,18150,3952,22102,Very Positive,0.8211926522486653,2017-03-23 20:04:00,3428.0,10-20
417290,Ghost of a Tale,19.99,1520961327.0,3,False,4835,459,5294,Very Positive,0.9132980732905176,2018-03-13 17:15:27,3074.0,10-20
240440,Quadrilateral Cowboy,19.99,1469465673.0,1,False,929,82,1011,Very Positive,0.9188921859545005,2016-07-25 16:54:33,3670.0,10-20
458710,Kingdom Rush Frontiers - Tower Defense,9.99,1469448348.0,1,False,10283,347,10630,Overwhelmingly Positive,0.9673565380997178,2016-07-25 12:05:48,3670.0,5-10
384190,ABZU,19.99,1470149811.0,4,False,25627,1946,27573,Very Positive,0.9294237116019294,2016-08-02 14:56:51,3662.0,10-20
443810,This Is the Police,14.99,1470152661.0,6,False,9218,1976,11194,Very Positive,0.823476862604967,2016-08-02 15:44:21,3662.0,10-20
448510,Overcooked,20.49,1470240000.0,7,False,14890,1721,16611,Very Positive,0.8963939558124134,2016-08-03 16:00:00,3661.0,20-30
445310,Might and Magic: Heroes VII – Trial by Fire,29.99,1470312523.0,1,False,1130,584,1714,Mixed,0.6592765460910152,2016-08-04 12:08:43,3660.0,20-30
497850,8-Bit Hordes,14.99,1471021337.0,1,False,437,99,536,Very Positive,0.8152985074626866,2016-08-12 17:02:17,3652.0,10-20
474750,Reigns,2.99,1470920820.0,2,False,7043,1060,8103,Very Positive,0.8691842527458966,2016-08-11 13:07:00,3653.0,<5
454650,DRAGON BALL XENOVERSE 2,19.99,1477605600.0,53,False,53188,6007,59195,Very Positive,0.89852183461441,2016-10-27 22:00:00,3575.0,10-20
426790,Grow Up,9.99,1471334547.0,1,False,1784,151,1935,Very Positive,0.9219638242894057,2016-08-16 08:02:27,3648.0,5-10
458730,Conception II: Children of the Seven Stars,19.99,1471304645.0,1,False,543,142,685,Mostly Positive,0.7927007299270074,2016-08-15 23:44:05,3648.0,10-20
327030,Worms W.M.D,29.99,1471968000.0,11,False,12635,2206,14841,Very Positive,0.8513577252206724,2016-08-23 16:00:00,3641.0,20-30
449800,Attack on Titan / A.O.T. Wings of Freedom,39.99,1472200616.0,5,False,3286,569,3855,Very Positive,0.8523994811932555,2016-08-26 08:36:56,3638.0,30-40
306760,Obduction,29.99,1472047560.0,3,False,3173,805,3978,Mostly Positive,0.7976370035193565,2016-08-24 14:06:00,3640.0,20-30
493340,Planet Coaster,44.99,1479398739.0,136,False,65824,6244,72068,Very Positive,0.9133596048176722,2016-11-17 16:05:39,3555.0,40-50
496460,Life is Feudal: Forest Village,22.48,1495824747.0,8,False,3992,2018,6010,Mixed,0.6642262895174709,2017-05-26 18:52:27,3364.0,20-30
427100,Fernbus Simulator,29.99,1472108986.0,1,False,8939,3162,12101,Mostly Positive,0.7386992810511528,2016-08-25 07:09:46,3639.0,20-30
230270,N++ (NPLUSPLUS),14.99,1472142909.0,1,False,3341,218,3559,Very Positive,0.938746838999719,2016-08-25 16:35:09,3639.0,10-20
517710,Redout: Enhanced Edition,19.99,1472835472.0,2,False,3986,684,4670,Very Positive,0.8535331905781585,2016-09-02 16:57:52,3631.0,10-20
499520,The Turing Test,24.99,1472576400.0,2,False,7025,999,8024,Very Positive,0.8754985044865404,2016-08-30 17:00:00,3634.0,20-30
496240,Onward,24.99,1742930456.0,1,False,6357,2949,9306,Mixed,0.6831076724693746,2025-03-25 19:20:56,504.0,20-30
425220,One Piece Burning Blood,49.99,1472767200.0,4,False,4005,1017,5022,Mostly Positive,0.7974910394265233,2016-09-01 22:00:00,3631.0,40-50
324800,Shadow Warrior 2,29.99,1476370440.0,24,False,24518,3627,28145,Very Positive,0.8711316397228638,2016-10-13 14:54:00,3590.0,20-30
435530,The Final Station,14.99,1472578200.0,2,False,8265,1188,9453,Very Positive,0.8743256109171692,2016-08-30 17:30:00,3634.0,10-20
371200,Halcyon 6: Starbase Commander,14.99,1473400920.0,2,False,1107,214,1321,Very Positive,0.838001514004542,2016-09-09 06:02:00,3624.0,10-20
298900,Space Hulk: Deathwing,29.99,1481738400.0,15,False,3140,2609,5749,Mixed,0.5461819446860323,2016-12-14 18:00:00,3527.0,20-30
423580,Project Highrise,19.99,1473333126.0,6,False,4080,727,4807,Very Positive,0.8487622217599334,2016-09-08 11:12:06,3625.0,10-20
412830,STEINS;GATE,29.99,1473395430.0,5,False,25778,777,26555,Overwhelmingly Positive,0.9707399736396158,2016-09-09 04:30:30,3624.0,20-30
361300,Mother Russia Bleeds,14.99,1473087600.0,1,False,4675,717,5392,Very Positive,0.8670252225519288,2016-09-05 15:00:00,3628.0,10-20
397950,Clustertruck,14.99,1474997400.0,5,False,17246,1185,18431,Very Positive,0.9357061472519126,2016-09-27 17:30:00,3606.0,10-20
435150,Divinity: Original Sin 2 - Definitive Edition,59.48,1505401200.0,227,False,196050,8905,204955,Overwhelmingly Positive,0.9565514381205631,2017-09-14 15:00:00,3254.0,50+
396750,EVERSPACE™,19.99,1495749946.0,11,False,8970,2485,11455,Mostly Positive,0.7830641641204714,2017-05-25 22:05:46,3365.0,10-20
427190,DEAD RISING®,9.99,1473728400.0,1,False,6366,850,7216,Very Positive,0.8822062084257206,2016-09-13 01:00:00,3620.0,5-10
341000,Mad Games Tycoon,14.99,1473758960.0,2,False,4014,407,4421,Very Positive,0.9079393802307171,2016-09-13 09:29:20,3620.0,10-20
504370,Battlerite,71.22,1510155240.0,38,True,50184,9062,59246,Very Positive,0.8470445262127401,2017-11-08 15:34:00,3199.0,50+
333420,Cossacks 3,19.99,1474399080.0,5,False,13227,2845,16072,Very Positive,0.8229840716774515,2016-09-20 19:18:00,3612.0,10-20
357310,Oriental Empires,29.99,1505382116.0,2,False,2411,583,2994,Very Positive,0.8052772211088844,2017-09-14 09:41:56,3254.0,20-30
374030,Virginia,9.99,1474556256.0,1,False,2168,1206,3374,Mixed,0.6425607587433314,2016-09-22 14:57:36,3611.0,5-10
474960,Quantum Break,39.99,1475164647.0,9,False,26389,4428,30817,Very Positive,0.8563130739526884,2016-09-29 15:57:27,3604.0,30-40
511740,Gal*Gun: Double Peace,29.99,1474994160.0,2,False,1906,293,2199,Very Positive,0.8667576170986813,2016-09-27 16:36:00,3606.0,20-30
422900,Particle Fleet: Emergence,14.99,1475172287.0,1,False,1183,97,1280,Very Positive,0.92421875,2016-09-29 18:04:47,3603.0,10-20
523000,Princess Maker 2 Refine,19.99,1475074666.0,1,False,1608,114,1722,Very Positive,0.9337979094076655,2016-09-28 14:57:46,3605.0,10-20
496810,MegaTagmension Blanc + Neptune VS Zombies (Neptunia),19.98,1475521407.0,2,False,1266,177,1443,Very Positive,0.8773388773388774,2016-10-03 19:03:27,3599.0,10-20
392110,ENDLESS Space™ 2,39.99,1495126440.0,40,False,19166,3831,22997,Very Positive,0.8334130538765926,2017-05-18 16:54:00,3373.0,30-40
506610,Five Nights at Freddy's: Sister Location,7.99,1475856488.0,2,False,11343,1253,12596,Very Positive,0.900523975865354,2016-10-07 16:08:08,3596.0,5-10
280160,Aragami,19.99,1475595958.0,4,False,11683,1299,12982,Very Positive,0.8999383762132183,2016-10-04 15:45:58,3599.0,10-20
504210,SHENZHEN I/O,14.99,1479405644.0,1,False,4265,231,4496,Very Positive,0.9486209964412812,2016-11-17 18:00:44,3554.0,10-20
292730,Call of Duty®: Infinite Warfare,59.99,1478231400.0,22,False,18355,11521,29876,Mixed,0.6143727406614005,2016-11-04 03:50:00,3568.0,50+
446800,Transport Fever,29.99,1478592060.0,16,False,9022,1811,10833,Very Positive,0.8328256254038586,2016-11-08 08:01:00,3564.0,20-30
362960,Tyranny,29.99,1478793600.0,17,False,11547,1743,13290,Very Positive,0.8688487584650113,2016-11-10 16:00:00,3562.0,20-30
464450,DoDonPachi Resurrection,29.99,1476406395.0,1,False,1024,44,1068,Overwhelmingly Positive,0.9588014981273408,2016-10-14 00:53:15,3589.0,20-30
465240,Serious Sam VR: The Last Hope,29.99,1505920188.0,2,False,1216,218,1434,Very Positive,0.8479776847977685,2017-09-20 15:09:48,3248.0,20-30
356400,Thumper,19.99,1476137037.0,1,False,4038,364,4402,Very Positive,0.9173103134938664,2016-10-10 22:03:57,3592.0,10-20
392580,WARSHIFT,9.99,1476320718.0,1,False,499,199,698,Mostly Positive,0.7148997134670487,2016-10-13 01:05:18,3590.0,5-10
434170,The Jackbox Party Pack 3,24.99,1476761618.0,7,False,6429,217,6646,Overwhelmingly Positive,0.9673487812217876,2016-10-18 03:33:38,3585.0,20-30
516750,My Summer Car,14.99,1736372238.0,9,False,110437,5902,116339,Very Positive,0.9492689467848271,2025-01-08 21:37:18,580.0,10-20
432100,Negligee,14.99,1476914520.0,2,False,566,147,713,Mostly Positive,0.7938288920056101,2016-10-19 22:02:00,3583.0,10-20
489830,The Elder Scrolls V: Skyrim Special Edition,39.99,1477609200.0,335,False,344774,28192,372966,Very Positive,0.924411340443901,2016-10-27 23:00:00,3575.0,30-40
115800,Owlboy,19.99,1478019185.0,3,False,5107,1005,6112,Very Positive,0.8355693717277487,2016-11-01 16:53:05,3571.0,10-20
393080,Call of Duty®: Modern Warfare® Remastered (2017),39.99,1501171200.0,4,False,8543,7172,15715,Mixed,0.5436207445116131,2017-07-27 16:00:00,3303.0,30-40
447530,VA-11 Hall-A: Cyberpunk Bartender Action,14.99,1466492924.0,2,False,37493,1045,38538,Overwhelmingly Positive,0.972883906793295,2016-06-21 07:08:44,3704.0,10-20
418370,Resident Evil 7 Biohazard,19.99,1485234000.0,64,False,119459,5878,125337,Overwhelmingly Positive,0.9531024358329943,2017-01-24 05:00:00,3487.0,10-20
415200,Motorsport Manager,19.99,1478721600.0,9,False,13008,1176,14184,Very Positive,0.9170896785109983,2016-11-09 20:00:00,3562.0,10-20
386940,Ultimate Chicken Horse,14.99,1457110821.0,6,False,50900,2248,53148,Overwhelmingly Positive,0.9577030179875066,2016-03-04 17:00:21,3813.0,10-20
475550,Beholder,13.99,1478710524.0,4,False,28367,2581,30948,Very Positive,0.9166020421351945,2016-11-09 16:55:24,3563.0,10-20
491530,Notruf 112 | Emergency Call 112,14.98,1478764578.0,1,False,3457,1038,4495,Mostly Positive,0.7690767519466073,2016-11-10 07:56:18,3562.0,10-20
451780,Trillion: God of Destruction,9.99,1478548740.0,1,False,330,166,496,Mixed,0.6653225806451613,2016-11-07 19:59:00,3564.0,5-10
553640,ICEY,10.99,1479395280.0,3,False,24986,2807,27793,Very Positive,0.8990033461663008,2016-11-17 15:08:00,3555.0,10-20
502520,Ultimate General: Civil War,29.99,1500049902.0,5,False,7614,950,8564,Very Positive,0.889070527790752,2017-07-14 16:31:42,3316.0,20-30
314790,Silence,19.99,1479229121.0,1,False,2303,445,2748,Very Positive,0.8380640465793304,2016-11-15 16:58:41,3557.0,10-20
469820,Genital Jousting,6.99,1516286121.0,1,False,10387,887,11274,Very Positive,0.921323398971084,2018-01-18 14:35:21,3128.0,5-10
460920,Steep™,29.99,1480690800.0,20,False,27414,5652,33066,Very Positive,0.8290691344583561,2016-12-02 15:00:00,3540.0,20-30
403970,The Dwarves,39.99,1480615197.0,1,False,1542,547,2089,Mostly Positive,0.7381522259454284,2016-12-01 17:59:57,3540.0,30-40
342180,Arizona Sunshine® VR Legacy,14.99,1481047200.0,9,False,7373,1932,9305,Mostly Positive,0.7923696937130575,2016-12-06 18:00:00,3535.0,10-20
536220,The Walking Dead: A New Frontier,14.99,1482256800.0,9,False,15445,3054,18499,Very Positive,0.8349099951348722,2016-12-20 18:00:00,3521.0,10-20
418240,Shadow Tactics: Blades of the Shogun,39.99,1481043392.0,16,False,36851,1524,38375,Overwhelmingly Positive,0.96028664495114,2016-12-06 16:56:32,3536.0,30-40
480650,Yu-Gi-Oh! Legacy of the Duelist,19.99,1481133540.0,7,False,4194,837,5031,Very Positive,0.8336314847942755,2016-12-07 17:59:00,3534.0,10-20
482450,Nitroplus Blasterz: Heroines Infinite Duel,19.99,1481219219.0,1,False,1049,107,1156,Very Positive,0.907439446366782,2016-12-08 17:46:59,3533.0,10-20
429660,Tales of Berseria™,49.99,1485471660.0,22,False,17239,1655,18894,Very Positive,0.9124060548322219,2017-01-26 23:01:00,3484.0,40-50
361420,ASTRONEER,29.99,1549429245.0,60,False,127666,11206,138872,Very Positive,0.919306987729708,2019-02-06 05:00:45,2744.0,20-30
520440,GUILTY GEAR Xrd REV 2,29.99,1481727540.0,7,False,10439,625,11064,Very Positive,0.9435104844540854,2016-12-14 14:59:00,3528.0,20-30
360830,Yooka-Laylee,19.99,1491926512.0,4,False,4037,1359,5396,Mostly Positive,0.7481467753891772,2017-04-11 16:01:52,3410.0,10-20
460930,Tom Clancy's Ghost Recon® Wildlands,49.99,1488862800.0,139,False,84791,22226,107017,Mostly Positive,0.7923133707728679,2017-03-07 05:00:00,3445.0,40-50
304390,FOR HONOR™,29.99,1487048400.0,123,False,112932,50563,163495,Mixed,0.6907367197773632,2017-02-14 05:00:00,3466.0,20-30
352550,Urban Empire,29.99,1484933981.0,3,False,839,1623,2462,Mostly Negative,0.3407798537774167,2017-01-20 17:39:41,3491.0,20-30
291860,Pit People®,19.99,1520010214.0,6,False,7575,587,8162,Very Positive,0.9280813526096545,2018-03-02 17:03:34,3085.0,10-20
555220,Detention,11.99,1484235324.0,3,False,11280,512,11792,Overwhelmingly Positive,0.9565807327001357,2017-01-12 15:35:24,3499.0,10-20
550010,Happy Room,4.99,1482172687.0,2,False,2699,272,2971,Very Positive,0.9084483338943117,2016-12-19 18:38:07,3522.0,<5
409850,Criminal Girls: Invite Only,19.99,1484157360.0,1,False,501,147,648,Mostly Positive,0.7731481481481481,2017-01-11 17:56:00,3499.0,10-20
291550,Brawlhalla,39.99,1508259660.0,47,True,327769,82720,410489,Mostly Positive,0.7984842468373087,2017-10-17 17:01:00,3221.0,30-40
502370,"Warhammer 40,000: Sanctus Reach (Classic)",19.99,1484840460.0,1,False,1258,229,1487,Very Positive,0.8459986550100874,2017-01-19 15:41:00,3492.0,10-20
440900,Conan Exiles Enhanced,39.99,1525776000.0,111,False,92448,24553,117001,Mostly Positive,0.7901470927598909,2018-05-08 10:40:00,3018.0,30-40
445220,Avorion,24.99,1583762484.0,7,False,13083,1448,14531,Very Positive,0.900350973780194,2020-03-09 14:01:24,2347.0,20-30
495280,Disgaea 2 PC,19.99,1485799200.0,3,False,1556,142,1698,Very Positive,0.9163722025912838,2017-01-30 18:00:00,3480.0,10-20
312660,Sniper Elite 4,59.99,1487030400.0,55,False,57347,5480,62827,Very Positive,0.9127763541152689,2017-02-14 00:00:00,3466.0,50+
389730,TEKKEN 7,39.99,1496354340.0,64,False,79612,15651,95263,Very Positive,0.8357074624985567,2017-06-01 21:59:00,3358.0,30-40
446790,Diluvion: Resubmerged,19.99,1486058400.0,1,False,696,432,1128,Mixed,0.6170212765957447,2017-02-02 18:00:00,3477.0,10-20
526160,The Wild Eight,24.99,1570125990.0,3,False,5539,2569,8108,Mixed,0.6831524420325604,2019-10-03 18:06:30,2504.0,20-30
527280,Nights of Azure,29.99,1486490400.0,1,False,473,205,678,Mixed,0.6976401179941003,2017-02-07 18:00:00,3472.0,20-30
518790,theHunter: Call of the Wild™,19.99,1487238000.0,196,False,179421,21990,201411,Very Positive,0.890820263044223,2017-02-16 09:40:00,3464.0,10-20
524580,Fairy Fencer F Advent Dark Force,20.78,1487106100.0,3,False,2023,363,2386,Very Positive,0.8478625314333613,2017-02-14 21:01:40,3465.0,20-30
457140,Oxygen Not Included,24.99,1564505466.0,65,False,138475,4679,143154,Overwhelmingly Positive,0.9673149195970773,2019-07-30 16:51:06,2570.0,20-30
502280,BERSERK and the Band of the Hawk,59.99,1487700000.0,2,False,3436,741,4177,Very Positive,0.8225999521187455,2017-02-21 18:00:00,3458.0,50+
553260,Realpolitiks,14.99,1487267984.0,1,False,767,476,1243,Mixed,0.6170555108608206,2017-02-16 17:59:44,3463.0,10-20
466560,Northgard: Definitive Edition,34.99,1520434717.0,50,False,58502,10099,68601,Very Positive,0.8527864025305754,2018-03-07 14:58:37,3080.0,30-40
503560,911 Operator,14.99,1487934081.0,3,False,17459,2269,19728,Very Positive,0.8849858069748581,2017-02-24 11:01:21,3456.0,10-20
342640,Pixel Privateers,14.99,1487700044.0,1,False,622,257,879,Mostly Positive,0.7076222980659841,2017-02-21 18:00:44,3458.0,10-20
481510,Night in the Woods,19.99,1487700000.0,6,False,19112,1052,20164,Very Positive,0.947827811942075,2017-02-21 18:00:00,3458.0,10-20
367520,Hollow Knight,14.99,1487959251.0,65,False,538720,17170,555890,Overwhelmingly Positive,0.9691125942182806,2017-02-24 18:00:51,3455.0,10-20
543460,Dead Rising 4,29.99,1489507260.0,4,False,4751,3630,8381,Mixed,0.5668774609235174,2017-03-14 16:01:00,3438.0,20-30
524220,NieR:Automata™,39.99,1489766340.0,85,False,133383,19203,152586,Very Positive,0.8741496598639455,2017-03-17 15:59:00,3435.0,30-40
356190,Middle-earth™: Shadow of War™,49.99,1507597200.0,74,False,103467,12884,116351,Very Positive,0.8892660999905458,2017-10-10 01:00:00,3228.0,40-50
357190,ULTIMATE MARVEL VS. CAPCOM 3,24.99,1488848400.0,3,False,7162,640,7802,Very Positive,0.9179697513458087,2017-03-07 01:00:00,3445.0,20-30
285190,"Warhammer 40,000: Dawn of War III",39.99,1493301600.0,19,False,11522,12275,23797,Mixed,0.4841786779846199,2017-04-27 14:00:00,3394.0,30-40
530070,Train Sim World® 2020,12.99,1489683600.0,9,False,5422,1571,6993,Mostly Positive,0.7753467753467753,2017-03-16 17:00:00,3436.0,10-20
527290,Atelier Firis: The Alchemist and the Mysterious Journey / フィリスのアトリエ ～不思議な旅の錬金術士～,9.29,1488909720.0,1,False,505,106,611,Very Positive,0.8265139116202946,2017-03-07 18:02:00,3444.0,5-10
598330,SimAirport,24.99,1582942957.0,3,False,3201,838,4039,Mostly Positive,0.7925229017083436,2020-02-29 02:22:37,2356.0,20-30
512900,Streets of Rogue,19.99,1562950331.0,7,False,22089,912,23001,Overwhelmingly Positive,0.9603495500195643,2019-07-12 16:52:11,2588.0,10-20
355790,Styx: Shards of Darkness,19.99,1489510680.0,7,False,5781,1170,6951,Very Positive,0.8316788951230039,2017-03-14 16:58:00,3438.0,10-20
502800,SENRAN KAGURA ESTIVAL VERSUS,29.99,1489768882.0,2,False,5164,323,5487,Very Positive,0.9411335884818662,2017-03-17 16:41:22,3435.0,20-30
405830,Turok 2: Seeds of Evil,19.99,1489683584.0,1,False,2534,289,2823,Very Positive,0.8976266383280198,2017-03-16 16:59:44,3436.0,10-20
551730,Toukiden 2,59.99,1490112000.0,2,False,1172,292,1464,Very Positive,0.8005464480874317,2017-03-21 16:00:00,3431.0,50+
404590,Vikings - Wolves of Midgard,29.99,1490374705.0,1,False,2669,1819,4488,Mixed,0.5946969696969697,2017-03-24 16:58:25,3428.0,20-30
477740,Zero Escape: The Nonary Games,29.99,1490379319.0,2,False,6790,516,7306,Very Positive,0.9293731179852176,2017-03-24 18:15:19,3427.0,20-30
269950,X-Plane 11,29.99,1490900167.0,5,False,18774,1410,20184,Very Positive,0.9301426872770512,2017-03-30 18:56:07,3421.0,20-30
569860,Thimbleweed Park™,19.99,1490889597.0,3,False,3900,295,4195,Very Positive,0.929678188319428,2017-03-30 15:59:57,3422.0,10-20
572410,Steel Division: Normandy 44,19.99,1495558740.0,14,False,4695,1610,6305,Mostly Positive,0.7446471054718478,2017-05-23 16:59:00,3368.0,10-20
501590,Bulletstorm: Full Clip Edition,39.58,1491584400.0,3,False,8581,1014,9595,Very Positive,0.8943199583116206,2017-04-07 17:00:00,3414.0,30-40
578330,LEGO® City Undercover,19.99,1491327071.0,1,False,10390,992,11382,Very Positive,0.9128448427341417,2017-04-04 17:31:11,3417.0,10-20
461950,Beat Cop,14.99,1490886000.0,1,False,5059,1114,6173,Very Positive,0.8195366920460068,2017-03-30 15:00:00,3422.0,10-20
460790,Bayonetta,19.99,1491922800.0,10,False,29878,2434,32312,Very Positive,0.9246719485021044,2017-04-11 15:00:00,3410.0,10-20
616560,Ultimate Epic Battle Simulator,14.99,1496357365.0,6,False,9384,2864,12248,Mostly Positive,0.7661659046374918,2017-06-01 22:49:25,3358.0,10-20
466300,Planescape: Torment: Enhanced Edition,19.99,1491926400.0,2,False,5263,305,5568,Very Positive,0.9452227011494253,2017-04-11 16:00:00,3410.0,10-20
459220,Halo Wars: Definitive Edition,19.99,1492707855.0,4,False,8656,812,9468,Very Positive,0.9142374313476975,2017-04-20 17:04:15,3401.0,10-20
469610,Rick and Morty: Virtual Rick-ality,29.99,1492700446.0,2,False,1848,625,2473,Mostly Positive,0.7472705216336434,2017-04-20 15:00:46,3401.0,20-30
368070,Sniper Ghost Warrior 3,19.99,1493053200.0,6,False,13105,6493,19598,Mixed,0.6686906827227268,2017-04-24 17:00:00,3397.0,10-20
414700,Outlast 2,19.99,1493092372.0,9,False,58247,5852,64099,Very Positive,0.9087037239270503,2017-04-25 03:52:52,3396.0,10-20
410900,Forts,14.99,1492599625.0,6,False,23157,2041,25198,Very Positive,0.919001508056195,2017-04-19 11:00:25,3402.0,10-20
582270,Everything,14.99,1492783403.0,1,False,3207,651,3858,Very Positive,0.8312597200622084,2017-04-21 14:03:23,3400.0,10-20
464340,Syberia 3,14.99,1510596000.0,1,False,2460,2316,4776,Mixed,0.5150753768844221,2017-11-13 18:00:00,3193.0,10-20
228360,Full Throttle Remastered,14.99,1492534800.0,1,False,2954,270,3224,Very Positive,0.9162531017369727,2017-04-18 17:00:00,3403.0,10-20
401710,Flinthook,14.99,1492542120.0,1,False,626,217,843,Mostly Positive,0.7425860023724793,2017-04-18 19:02:00,3402.0,10-20
418460,Rising Storm 2: Vietnam,24.99,1496163682.0,17,False,51404,7666,59070,Very Positive,0.87022177078043,2017-05-30 17:01:22,3361.0,20-30
424840,Little Nightmares,19.99,1493330400.0,15,False,110309,6108,116417,Very Positive,0.9475334358384084,2017-04-27 22:00:00,3393.0,10-20
445190,Expeditions: Viking,29.99,1493308860.0,2,False,3475,707,4182,Very Positive,0.8309421329507413,2017-04-27 16:01:00,3394.0,20-30
480490,Prey,29.99,1493909700.0,29,False,49351,4989,54340,Very Positive,0.9081891792418109,2017-05-04 14:55:00,3387.0,20-30
476600,Call of Duty®: WWII,59.99,1509678000.0,50,False,32721,13834,46555,Mostly Positive,0.7028460960154655,2017-11-03 03:00:00,3204.0,50+
586140,BlazBlue Centralfiction,39.99,1493189380.0,5,False,11488,740,12228,Very Positive,0.9394831534183841,2017-04-26 06:49:40,3395.0,30-40
574050,DRAGON QUEST HEROES™ II,59.99,1493136000.0,2,False,567,238,805,Mostly Positive,0.7043478260869566,2017-04-25 16:00:00,3396.0,50+
501300,What Remains of Edith Finch,19.99,1493092830.0,3,False,49899,2303,52202,Overwhelmingly Positive,0.9558829163633578,2017-04-25 04:00:30,3396.0,10-20
436670,The Legend of Heroes: Trails in the Sky the 3rd,29.99,1493829989.0,1,False,2422,139,2561,Very Positive,0.9457243264349864,2017-05-03 16:46:29,3388.0,20-30
588650,Dead Cells,24.99,1533592604.0,62,False,177055,5405,182460,Overwhelmingly Positive,0.9703770689466185,2018-08-06 21:56:44,2927.0,20-30
378540,The Surge,14.99,1494885600.0,11,False,9071,3083,12154,Mostly Positive,0.7463386539410893,2017-05-15 22:00:00,3375.0,10-20
460810,Vanquish,19.99,1495724400.0,4,False,7102,829,7931,Very Positive,0.8954734585802547,2017-05-25 15:00:00,3366.0,10-20
525700,Birthdays the Beginning,19.99,1494348343.0,1,False,634,351,985,Mixed,0.6436548223350254,2017-05-09 16:45:43,3382.0,10-20
571260,THE KING OF FIGHTERS XIV STEAM EDITION,89.99,1497538320.0,5,False,3479,741,4220,Very Positive,0.8244075829383887,2017-06-15 14:52:00,3345.0,50+
636480,Ravenfield,17.99,1495122838.0,3,False,77143,2621,79764,Overwhelmingly Positive,0.967140564665764,2017-05-18 15:53:58,3373.0,10-20
582660,Black Desert,9.99,1495641600.0,454,False,68991,24851,93842,Mostly Positive,0.735182540866563,2017-05-24 16:00:00,3367.0,5-10
602520,NEKOPARA Vol. 3,9.99,1495724315.0,1,False,11637,376,12013,Overwhelmingly Positive,0.9687005743777575,2017-05-25 14:58:35,3366.0,5-10
617830,SUPERHOT VR,24.99,1495716796.0,3,False,7897,1747,9644,Very Positive,0.8188510991289921,2017-05-25 12:53:16,3366.0,20-30
493200,RiME,29.99,1495818000.0,2,False,4684,506,5190,Very Positive,0.902504816955684,2017-05-26 17:00:00,3365.0,20-30
552520,Far Cry® 5,59.99,1522123200.0,110,False,152473,35628,188101,Very Positive,0.810591118601177,2018-03-27 04:00:00,3060.0,50+
366910,The Long Journey Home,9.99,1496164000.0,1,False,1138,794,1932,Mixed,0.5890269151138716,2017-05-30 17:06:40,3361.0,5-10
490450,Tokyo 42,19.99,1496249186.0,1,False,467,206,673,Mixed,0.6939078751857355,2017-05-31 16:46:26,3360.0,10-20
280180,Hover,19.99,1496250212.0,1,False,1732,433,2165,Very Positive,0.8,2017-05-31 17:03:32,3360.0,10-20
561600,MXGP3 - The Official Motocross Videogame,19.99,1496126796.0,1,False,1116,185,1301,Very Positive,0.8578016910069177,2017-05-30 06:46:36,3361.0,10-20
541210,Cold Waters,39.99,1496678056.0,4,False,4116,609,4725,Very Positive,0.8711111111111111,2017-06-05 15:54:16,3355.0,30-40
594570,Total War: WARHAMMER II,59.99,1506582000.0,234,False,112912,8506,121418,Very Positive,0.9299444892849495,2017-09-28 07:00:00,3240.0,50+
334230,Town of Salem,4.99,1418671058.0,2,False,31862,4395,36257,Very Positive,0.8787820282979838,2014-12-15 19:17:38,4257.0,<5
554620,Life is Strange: Before the Storm,16.99,1504195500.0,17,False,35283,2547,37830,Very Positive,0.9326724821570183,2017-08-31 16:05:00,3268.0,10-20
588040,WILL: A Wonderful World / WILL：美好世界,14.99,1496743319.0,1,False,5060,417,5477,Very Positive,0.9238634288844257,2017-06-06 10:01:59,3354.0,10-20
571530,Superdimension Neptune VS Sega Hard Girls,21.58,1497288433.0,3,False,926,78,1004,Very Positive,0.9223107569721115,2017-06-12 17:27:13,3348.0,20-30
414340,Hellblade: Senua's Sacrifice,29.99,1502164800.0,28,False,68690,7718,76408,Very Positive,0.8989896345932363,2017-08-08 04:00:00,3291.0,20-30
582160,Assassin's Creed® Origins,59.99,1509076800.0,111,False,109938,18112,128050,Very Positive,0.8585552518547442,2017-10-27 04:00:00,3211.0,50+
366090,Colony Survival,24.95,1497599964.0,1,False,8251,707,8958,Very Positive,0.9210761330654164,2017-06-16 07:59:24,3344.0,20-30
525920,Pro Cycling Manager 2017,9.99,1497538260.0,3,False,341,126,467,Mostly Positive,0.7301927194860813,2017-06-15 14:51:00,3345.0,5-10
435400,Hidden Folks,14.99,1487155714.0,1,False,9218,316,9534,Overwhelmingly Positive,0.9668554646528215,2017-02-15 10:48:34,3465.0,10-20
582550,Passpartout: The Starving Artist,9.99,1496764855.0,1,False,6161,798,6959,Very Positive,0.8853283517746803,2017-06-06 16:00:55,3354.0,5-10
550080,VALKYRIE DRIVE -BHIKKHUNI-,29.99,1497978060.0,1,False,1077,206,1283,Very Positive,0.8394388152766953,2017-06-20 17:01:00,3340.0,20-30
564230,Fire Pro Wrestling World,29.99,1513619830.0,1,False,2987,342,3329,Very Positive,0.8972664463802944,2017-12-18 17:57:10,3158.0,20-30
583470,The End Is Nigh,14.99,1499875200.0,1,False,3259,221,3480,Very Positive,0.9364942528735632,2017-07-12 16:00:00,3318.0,10-20
611790,House Party,24.99,1657929797.0,4,False,13215,2186,15401,Very Positive,0.8580611648594247,2022-07-16 00:03:17,1488.0,20-30
578620,GORN,19.99,1563454899.0,1,False,7723,492,8215,Very Positive,0.9401095556908095,2019-07-18 13:01:39,2582.0,10-20
654880,Dream Daddy: A Dad Dating Simulator,14.99,1500569220.0,5,False,5731,530,6261,Very Positive,0.9153489857850183,2017-07-20 16:47:00,3310.0,10-20
529180,Dark and Light,17.99,1500571919.0,9,False,6154,5681,11835,Mixed,0.5199831009716941,2017-07-20 17:31:59,3310.0,10-20
569480,Kingdoms and Castles,19.99,1500566066.0,9,False,29326,2020,31346,Very Positive,0.9355579659286671,2017-07-20 15:54:26,3310.0,10-20
580200,Yonder: The Cloud Catcher Chronicles,24.99,1500357027.0,1,False,2633,588,3221,Very Positive,0.8174479975162993,2017-07-18 05:50:27,3312.0,20-30
462770,Pyre,19.99,1501002000.0,6,False,8441,897,9338,Very Positive,0.9039408866995073,2017-07-25 17:00:00,3305.0,10-20
519190,Next Day: Survival,9.99,1526922056.0,4,False,6376,3858,10234,Mixed,0.6230213015438734,2018-05-21 17:00:56,3005.0,5-10
473690,Absolver,29.99,1504019100.0,6,False,10737,4064,14801,Mostly Positive,0.7254239578406865,2017-08-29 15:05:00,3270.0,20-30
436290,Children of Zodiarcs,17.99,1500393525.0,1,False,376,156,532,Mostly Positive,0.706766917293233,2017-07-18 15:58:45,3312.0,10-20
645630,Car Mechanic Simulator 2018,31.98,1501252254.0,54,False,51149,5146,56295,Very Positive,0.9085886846078692,2017-07-28 14:30:54,3302.0,30-40
487120,Citadel: Forged with Fire,14.99,1572613645.0,2,False,3988,1904,5892,Mixed,0.6768499660556687,2019-11-01 13:07:25,2476.0,10-20
511680,Fate/EXTELLA,39.99,1501001083.0,2,False,4062,409,4471,Very Positive,0.9085215835383583,2017-07-25 16:44:43,3305.0,30-40
505460,Foxhole,29.99,1664377540.0,14,False,41954,10810,52764,Mostly Positive,0.7951254643317414,2022-09-28 15:05:40,1414.0,20-30
484900,Aven Colony,29.99,1500998430.0,1,False,2001,773,2774,Mostly Positive,0.7213410237923576,2017-07-25 16:00:30,3305.0,20-30
641990,The Escapists 2,19.99,1503356400.0,20,False,30493,3170,33663,Very Positive,0.9058313281644536,2017-08-21 23:00:00,3277.0,10-20
552590,The Sexy Brutale,19.99,1491921732.0,1,False,3814,336,4150,Very Positive,0.9190361445783133,2017-04-11 14:42:12,3410.0,10-20
535480,Sundered®: Eldritch Edition,19.99,1501250400.0,1,False,4225,934,5159,Very Positive,0.8189571622407443,2017-07-28 14:00:00,3302.0,10-20
538680,The Legend of Heroes: Trails of Cold Steel,39.99,1501711200.0,2,False,5579,323,5902,Very Positive,0.9452727888851237,2017-08-02 22:00:00,3296.0,30-40
343860,Tacoma,19.99,1501632000.0,1,False,4128,660,4788,Very Positive,0.8621553884711779,2017-08-02 00:00:00,3297.0,10-20
587450,Saurian,19.99,1501715366.0,1,False,1097,748,1845,Mixed,0.5945799457994579,2017-08-02 23:09:26,3296.0,10-20
304530,Agents of Mayhem,29.99,1502809177.0,5,False,2850,2034,4884,Mixed,0.5835380835380836,2017-08-15 14:59:37,3284.0,20-30
373930,Sudden Strike 4,19.99,1502470871.0,5,False,6502,1811,8313,Mostly Positive,0.7821484421989655,2017-08-11 17:01:11,3288.0,10-20
597220,West of Loathing,10.99,1502377294.0,3,False,10022,238,10260,Overwhelmingly Positive,0.9768031189083821,2017-08-10 15:01:34,3289.0,10-20
636450,Rez Infinite,24.99,1502289600.0,1,False,1162,104,1266,Very Positive,0.9178515007898894,2017-08-09 14:40:00,3290.0,20-30
675260,Batman: The Enemy Within - The Telltale Series,14.99,1502211600.0,2,False,9797,821,10618,Very Positive,0.9226784705217556,2017-08-08 17:00:00,3291.0,10-20
606800,Startup Company,12.99,1586538113.0,2,False,5050,1167,6217,Very Positive,0.8122888853144603,2020-04-10 17:01:53,2315.0,10-20
584400,Sonic Mania,19.99,1504022400.0,7,False,26889,1757,28646,Very Positive,0.9386650841304196,2017-08-29 16:00:00,3270.0,10-20
495050,Mega Man Legacy Collection 2,19.99,1502208000.0,2,False,1536,283,1819,Very Positive,0.8444200109950523,2017-08-08 16:00:00,3291.0,10-20
514900,>observer_,44.98,1502814300.0,3,False,4638,1284,5922,Mostly Positive,0.7831813576494427,2017-08-15 16:25:00,3284.0,40-50
322110,20XX,14.99,1502885759.0,1,False,4154,422,4576,Very Positive,0.9077797202797203,2017-08-16 12:15:59,3283.0,10-20
611500,Quake Champions,44.95,1660838967.0,4,True,28797,10184,38981,Mostly Positive,0.7387445165593495,2022-08-18 16:09:27,1455.0,40-50
527430,"Warhammer 40,000: Inquisitor - Martyr",49.99,1528218840.0,20,False,16882,5329,22211,Mostly Positive,0.7600738372878304,2018-06-05 17:14:00,2990.0,40-50
434460,Rock of Ages 2: Bigger & Boulder™,14.99,1503939686.0,3,False,3145,522,3667,Very Positive,0.857649304608672,2017-08-28 17:01:26,3271.0,10-20
610190,WARRIORS ALL-STARS,59.99,1504053420.0,1,False,600,242,842,Mostly Positive,0.7125890736342043,2017-08-30 00:37:00,3269.0,50+
414740,RAID: World War II,9.99,1506446100.0,2,False,1811,994,2805,Mixed,0.645632798573975,2017-09-26 17:15:00,3242.0,5-10
665360,Comedy Night,4.99,1503597647.0,1,False,6872,2418,9290,Mostly Positive,0.7397201291711518,2017-08-24 18:00:47,3274.0,<5
527230,For The King,19.99,1524150100.0,13,False,38301,5350,43651,Very Positive,0.8774369430253602,2018-04-19 15:01:40,3037.0,10-20
579180,Ys VIII: Lacrimosa of DANA,39.99,1523897520.0,2,False,6337,678,7015,Very Positive,0.9033499643620813,2018-04-16 16:52:00,3040.0,30-40
571740,Golf It!,8.99,1692379941.0,3,False,28031,2973,31004,Very Positive,0.904109147206812,2023-08-18 17:32:21,1090.0,5-10
614570,Dishonored®: Death of the Outsider™,29.99,1505447700.0,6,False,11617,1646,13263,Very Positive,0.8758953479604916,2017-09-15 03:55:00,3253.0,20-30
493840,Marvel vs. Capcom: Infinite,39.99,1505836800.0,2,False,2308,1137,3445,Mixed,0.669956458635704,2017-09-19 16:00:00,3249.0,30-40
286000,Tooth and Tail,19.99,1505235600.0,2,False,3312,835,4147,Mostly Positive,0.7986496262358331,2017-09-12 17:00:00,3256.0,10-20
623940,HIVESWAP: ACT 1,7.99,1505412050.0,1,False,3747,306,4053,Very Positive,0.924500370096225,2017-09-14 18:00:50,3253.0,5-10
386620,"Cook, Serve, Delicious! 2!!",14.99,1505344424.0,1,False,2700,328,3028,Very Positive,0.8916776750330251,2017-09-13 23:13:44,3254.0,10-20
607880,Accel World VS. Sword Art Online Deluxe Edition,39.99,1505203939.0,1,False,863,314,1177,Mostly Positive,0.7332200509770603,2017-09-12 08:12:19,3256.0,30-40
567640,Danganronpa V3: Killing Harmony,39.99,1506409140.0,9,False,19083,3944,23027,Very Positive,0.8287228036652625,2017-09-26 06:59:00,3242.0,30-40
268130,Heat Signature,14.99,1506013157.0,2,False,7002,407,7409,Very Positive,0.9450668106357133,2017-09-21 16:59:17,3247.0,10-20
589290,Holdfast: Nations At War,19.99,1583428347.0,4,False,26384,2980,29364,Very Positive,0.8985151886663942,2020-03-05 17:12:27,2351.0,10-20
440650,Niche - a genetics survival game,17.99,1506013273.0,1,False,4501,719,5220,Very Positive,0.8622605363984674,2017-09-21 17:01:13,3247.0,10-20
571310,SteamWorld Dig 2,19.99,1506065995.0,1,False,8657,408,9065,Overwhelmingly Positive,0.9549917264202978,2017-09-22 07:39:55,3246.0,10-20
668630,Tricolour Lovestory,1.99,1505962906.0,1,False,22790,5242,28032,Very Positive,0.8129994292237442,2017-09-21 03:01:46,3247.0,<5
551770,ECHO,24.99,1505828164.0,1,False,1414,427,1841,Mostly Positive,0.7680608365019012,2017-09-19 13:36:04,3249.0,20-30
268910,Cuphead,19.99,1506693600.0,47,False,210461,8394,218855,Overwhelmingly Positive,0.9616458385689155,2017-09-29 14:00:00,3239.0,10-20
311260,The Guild 3,29.99,1655225629.0,2,False,4811,3169,7980,Mixed,0.6028822055137845,2022-06-14 16:53:49,1520.0,20-30
464060,RUINER,19.99,1506434400.0,4,False,11068,1359,12427,Very Positive,0.8906413454574716,2017-09-26 14:00:00,3242.0,10-20
577940,Killer Instinct,29.99,1506528000.0,2,True,4898,757,5655,Very Positive,0.8661361626878868,2017-09-27 16:00:00,3241.0,20-30
673610,Airport CEO,24.99,1614881014.0,2,False,6909,1402,8311,Very Positive,0.8313079051858983,2021-03-04 18:03:34,1986.0,20-30
404680,Hob,19.99,1506445200.0,2,False,4918,657,5575,Very Positive,0.882152466367713,2017-09-26 17:00:00,3242.0,10-20
674940,Stick Fight: The Game,4.99,1506621634.0,23,False,117080,8161,125241,Very Positive,0.9348376330434921,2017-09-28 18:00:34,3239.0,<5
658260,BLUE REFLECTION,59.99,1506414471.0,1,False,1191,294,1485,Very Positive,0.802020202020202,2017-09-26 08:27:51,3242.0,50+
683900,RollerCoaster Tycoon® Classic,19.99,1506613540.0,1,False,2812,278,3090,Very Positive,0.9100323624595469,2017-09-28 15:45:40,3240.0,10-20
658980,Valnir Rok Survival RPG,9.99,1506444540.0,1,False,433,547,980,Mixed,0.4418367346938776,2017-09-26 16:49:00,3242.0,5-10
622650,Bendy and the Ink Machine,19.99,1493305200.0,1,False,32638,4030,36668,Very Positive,0.8900949056397949,2017-04-27 15:00:00,3394.0,10-20
451020,Battle Chasers: Nightwar,29.99,1507050000.0,6,False,6430,938,7368,Very Positive,0.8726927252985885,2017-10-03 17:00:00,3235.0,20-30
253230,A Hat in Time,29.99,1507237237.0,13,False,52187,1169,53356,Overwhelmingly Positive,0.9780905615113576,2017-10-05 21:00:37,3232.0,20-30
601430,The Evil Within 2,39.99,1507820400.0,11,False,28395,2437,30832,Very Positive,0.9209587441619097,2017-10-12 15:00:00,3226.0,30-40
598960,Mashinky,24.99,1538852400.0,1,False,2383,428,2811,Very Positive,0.8477410174315191,2018-10-06 19:00:00,2866.0,20-30
612880,Wolfenstein II: The New Colossus,39.99,1509051600.0,25,False,39993,9161,49154,Very Positive,0.8136265614192131,2017-10-26 21:00:00,3211.0,30-40
411300,ELEX,29.99,1508259600.0,13,False,14563,5025,19588,Mostly Positive,0.7434653869716152,2017-10-17 17:00:00,3221.0,20-30
451340,Gold Mining Simulator,19.99,1507912198.0,6,False,11830,4469,16299,Mostly Positive,0.7258113994723603,2017-10-13 16:29:58,3225.0,10-20
493900,Dungeons 3,29.99,1507914060.0,8,False,17607,1091,18698,Very Positive,0.941651513530859,2017-10-13 17:01:00,3225.0,20-30
433530,Heliborne Collection,29.99,1507841760.0,1,False,2967,1048,4015,Mostly Positive,0.7389788293897883,2017-10-12 20:56:00,3225.0,20-30
537800,Bomber Crew,15.99,1508428800.0,4,False,13557,1923,15480,Very Positive,0.8757751937984496,2017-10-19 16:00:00,3219.0,10-20
610180,The Jackbox Party Pack 4,24.99,1508386118.0,2,False,3229,170,3399,Very Positive,0.9499852897911151,2017-10-19 04:08:38,3219.0,20-30
552500,Warhammer: Vermintide 2,29.99,1520532000.0,91,False,125176,22041,147217,Very Positive,0.8502822364264997,2018-03-08 18:00:00,3078.0,20-30
552440,The Talos Principle VR,29.99,1508255588.0,1,False,719,139,858,Very Positive,0.837995337995338,2017-10-17 15:53:08,3221.0,20-30
675010,MudRunner,19.99,1509404400.0,12,False,40139,3687,43826,Very Positive,0.915871856888605,2017-10-30 23:00:00,3207.0,10-20
558990,Opus Magnum,19.99,1512669228.0,2,False,6948,194,7142,Overwhelmingly Positive,0.972836740408849,2017-12-07 17:53:48,3169.0,10-20
607890,Sword Art Online: Hollow Realization Deluxe Edition,39.99,1509091860.0,8,False,6068,1623,7691,Mostly Positive,0.7889741256013523,2017-10-27 08:11:00,3211.0,30-40
525480,.hack//G.U. Last Recode,49.99,1509728616.0,5,False,3688,557,4245,Very Positive,0.8687868080094229,2017-11-03 17:03:36,3204.0,40-50
637100,Sonic Forces,39.99,1510066800.0,2,False,5097,3500,8597,Mixed,0.5928812376410376,2017-11-07 15:00:00,3200.0,30-40
635940,Little Busters! English Edition,34.99,1509520241.0,1,False,1162,28,1190,Overwhelmingly Positive,0.9764705882352941,2017-11-01 07:10:41,3206.0,30-40
485510,Nioh: Complete Edition,49.99,1510042200.0,27,False,30651,8138,38789,Mostly Positive,0.7901982520817757,2017-11-07 08:10:00,3200.0,40-50
456670,Hand of Fate 2,29.99,1510070233.0,4,False,4900,910,5810,Very Positive,0.8433734939759037,2017-11-07 15:57:13,3200.0,20-30
705120,Death Coming/死神来了,6.99,1509956328.0,1,False,2928,329,3257,Very Positive,0.8989867976665643,2017-11-06 08:18:48,3201.0,5-10
627270,Injustice™ 2,49.99,1512082800.0,11,False,21095,3361,24456,Very Positive,0.8625695125940465,2017-11-30 23:00:00,3176.0,40-50
633460,Tannenberg,19.99,1510825834.0,2,False,8434,1341,9775,Very Positive,0.8628132992327365,2017-11-16 09:50:34,3191.0,10-20
469600,Legion TD 2 - Multiplayer Tower Defense,24.99,1633099490.0,4,False,13126,2090,15216,Very Positive,0.8626445846477392,2021-10-01 14:44:50,1776.0,20-30
647830,LEGO® Marvel Super Heroes 2,19.99,1510682400.0,3,False,8680,1464,10144,Very Positive,0.8556782334384858,2017-11-14 18:00:00,3192.0,10-20
745880,Touhou Tenkuushou ~ Hidden Star in Four Seasons.,14.99,1510926458.0,1,False,4468,70,4538,Overwhelmingly Positive,0.9845747025121199,2017-11-17 13:47:38,3190.0,10-20
587620,Okami HD,19.99,1513102740.0,5,False,9823,855,10678,Very Positive,0.9199288256227758,2017-12-12 18:19:00,3164.0,10-20
618970,Outcast - Second Contact,14.99,1510649963.0,1,False,803,225,1028,Mostly Positive,0.7811284046692607,2017-11-14 08:59:23,3193.0,10-20
552700,WORLD OF FINAL FANTASY®,24.99,1511283624.0,5,False,2560,797,3357,Mostly Positive,0.7625856419422103,2017-11-21 17:00:24,3186.0,20-30
609150,STAR OCEAN™ - THE LAST HOPE -™ 4K & Full HD Remaster,20.99,1511887860.0,1,False,1203,508,1711,Mostly Positive,0.7030976037405027,2017-11-28 16:51:00,3179.0,20-30
628890,NOBUNAGA'S AMBITION: Taishi,59.99,1512003780.0,2,False,502,495,997,Mixed,0.5035105315947843,2017-11-30 01:03:00,3177.0,50+
650000,DOOM VFR,14.99,1512086100.0,1,False,1776,1515,3291,Mixed,0.5396536007292616,2017-11-30 23:55:00,3176.0,10-20
722060,Dominions 5 - Warriors of the Faith,39.99,1511780203.0,1,False,2038,133,2171,Very Positive,0.9387379087977891,2017-11-27 10:56:43,3180.0,30-40
463530,Empires of the Undergrowth,29.99,1717776742.0,3,False,17581,1049,18630,Very Positive,0.9436929683306495,2024-06-07 16:12:22,796.0,20-30
471010,Seven: Enhanced Edition,29.99,1512115260.0,1,False,1625,509,2134,Mostly Positive,0.7614807872539832,2017-12-01 08:01:00,3176.0,20-30
311290,SpellForce 3 Reforced,39.99,1512669600.0,8,False,6080,1835,7915,Mostly Positive,0.7681617182564751,2017-12-07 18:00:00,3169.0,30-40
240720,Getting Over It with Bennett Foddy,7.99,1512590409.0,9,False,67676,14585,82261,Very Positive,0.8226984840933127,2017-12-06 20:00:09,3170.0,5-10
611660,Fallout 4 VR,59.99,1513036800.0,5,False,5238,3503,8741,Mixed,0.5992449376501544,2017-12-12 00:00:00,3165.0,50+
521890,Hello Neighbor,29.99,1512752400.0,1,False,27568,4498,32066,Very Positive,0.859726813447265,2017-12-08 17:00:00,3169.0,20-30
342310,RIOT: Civil Unrest,16.99,1549988271.0,1,False,1316,621,1937,Mixed,0.6794011357769747,2019-02-12 16:17:51,2738.0,10-20
587260,Tokyo Xanadu eX+,59.99,1512720164.0,1,False,1530,264,1794,Very Positive,0.8528428093645485,2017-12-08 08:02:44,3169.0,50+
646570,Slay the Spire,24.99,1548258674.0,54,False,211772,5482,217254,Overwhelmingly Positive,0.9747668627505133,2019-01-23 15:51:14,2758.0,20-30
644930,They Are Billions,29.99,1560875093.0,19,False,43654,7625,51279,Very Positive,0.8513036525673278,2019-06-18 16:24:53,2612.0,20-30
337340,Finding Paradise,9.99,1513274314.0,1,False,19826,451,20277,Overwhelmingly Positive,0.9777580509937367,2017-12-14 17:58:34,3162.0,5-10
557600,Gorogoa,14.99,1513270531.0,1,False,20093,515,20608,Overwhelmingly Positive,0.9750097049689441,2017-12-14 16:55:31,3163.0,10-20
544550,Stationeers,34.99,1513119452.0,1,False,8068,1128,9196,Very Positive,0.877337973031753,2017-12-12 22:57:32,3164.0,30-40
678900,Farmer's Dynasty - Final Harvest Edition,19.99,1574327460.0,1,False,3221,1083,4304,Mostly Positive,0.7483736059479554,2019-11-21 09:11:00,2456.0,10-20
657200,Hand Simulator,2.99,1500419066.0,1,False,30345,5876,36221,Very Positive,0.8377736672096298,2017-07-18 23:04:26,3311.0,<5
684410,Bridge Constructor Portal,9.99,1513789200.0,3,False,6844,622,7466,Very Positive,0.9166889900884008,2017-12-20 17:00:00,3157.0,5-10
678950,DRAGON BALL FighterZ,59.99,1516989420.0,63,False,69305,7328,76633,Very Positive,0.9043753996320123,2018-01-26 17:57:00,3119.0,50+
716710,東方憑依華　～ Antinomy of Common Flowers.,24.99,1515139229.0,1,False,1773,167,1940,Very Positive,0.9139175257731958,2018-01-05 08:00:29,3141.0,20-30
626690,Sword Art Online: Fatal Bullet,39.99,1519408800.0,21,False,15366,4123,19489,Mostly Positive,0.7884447637128636,2018-02-23 18:00:00,3091.0,30-40
776490,永远消失的幻想乡 ～ The Disappearing of Gensokyo,10.99,1515688089.0,1,False,2988,588,3576,Very Positive,0.8355704697986577,2018-01-11 16:28:09,3135.0,10-20
621220,Nantucket,17.99,1516294940.0,1,False,694,182,876,Mostly Positive,0.7922374429223744,2018-01-18 17:02:20,3128.0,10-20
686260,Forged Battalion,9.99,1534262288.0,1,False,643,470,1113,Mixed,0.577717879604672,2018-08-14 15:58:08,2920.0,5-10
416600,Full Metal Furies,27.98,1516212044.0,1,False,2646,277,2923,Very Positive,0.905234348272323,2018-01-17 18:00:44,3128.0,20-30
379430,Kingdom Come: Deliverance,29.99,1518508860.0,73,False,155563,28758,184321,Very Positive,0.8439787110529999,2018-02-13 08:01:00,3102.0,20-30
666140,My Time at Portia,29.99,1547542980.0,18,False,40497,3763,44260,Very Positive,0.914979665612291,2019-01-15 09:03:00,2766.0,20-30
405710,Staxel,19.99,1554994827.0,2,False,3793,1044,4837,Mostly Positive,0.7841637378540418,2019-04-11 15:00:27,2680.0,10-20
503940,Railway Empire,29.99,1516989717.0,11,False,8025,1677,9702,Very Positive,0.8271490414347558,2018-01-26 18:01:57,3119.0,20-30
504230,Celeste,19.99,1516898321.0,4,False,141646,3782,145428,Overwhelmingly Positive,0.9739940039057128,2018-01-25 16:38:41,3121.0,10-20
393520,Iconoclasts,19.99,1516694404.0,1,False,4313,690,5003,Very Positive,0.8620827503497901,2018-01-23 08:00:04,3123.0,10-20
424370,Wolcen: Lords of Mayhem,19.99,1581612066.0,14,False,37953,29931,67884,Mixed,0.559086088032526,2020-02-13 16:41:06,2372.0,10-20
595520,FINAL FANTASY XII THE ZODIAC AGE,49.99,1517504164.0,10,False,9007,1117,10124,Very Positive,0.8896681153694193,2018-02-01 16:56:04,3114.0,40-50
637650,FINAL FANTASY XV WINDOWS EDITION,34.99,1520355600.0,46,False,48110,9729,57839,Very Positive,0.8317916976434586,2018-03-06 17:00:00,3081.0,30-40
712100,A Total War Saga: THRONES OF BRITANNIA,39.99,1525323600.0,16,False,10481,4364,14845,Mostly Positive,0.7060289659818121,2018-05-03 05:00:00,3023.0,30-40
773951,Freeman: Guerrilla Warfare,24.99,1570237503.0,2,False,8013,4430,12443,Mixed,0.6439765329904363,2019-10-05 01:05:03,2503.0,20-30
677160,We Were Here Too,9.99,1517561956.0,1,False,8763,2440,11203,Mostly Positive,0.7822011961081853,2018-02-02 08:59:16,3113.0,5-10
382310,Eco,29.99,1517939940.0,11,False,11306,2695,14001,Very Positive,0.8075137490179273,2018-02-06 17:59:00,3108.0,20-30
671510,DESOLATE,14.99,1547745705.0,3,False,5354,2703,8057,Mixed,0.6645153282859625,2019-01-17 17:21:45,2764.0,10-20
501080,Fishing: Barents Sea,24.99,1518004829.0,1,False,2139,532,2671,Very Positive,0.8008236615499813,2018-02-07 12:00:29,3108.0,20-30
671440,Rise of Industry,29.99,1556814743.0,3,False,3063,1126,4189,Mostly Positive,0.7312007639054667,2019-05-02 16:32:23,2659.0,20-30
637670,Secret of Mana,39.99,1518714000.0,2,False,1988,925,2913,Mixed,0.6824579471335394,2018-02-15 17:00:00,3100.0,30-40
730310,DYNASTY WARRIORS 9,44.99,1518509220.0,3,False,3656,6554,10210,Mostly Negative,0.35808031341821744,2018-02-13 08:07:00,3102.0,40-50
748490,The Legend of Heroes: Trails of Cold Steel II,39.99,1518634800.0,2,False,2952,217,3169,Very Positive,0.9315241401072893,2018-02-14 19:00:00,3100.0,30-40
594650,Hunt: Showdown 1896,29.99,1566909034.0,243,False,203930,72733,276663,Mostly Positive,0.737106154418914,2019-08-27 12:30:34,2542.0,20-30
543900,METAL GEAR SURVIVE,29.99,1519258980.0,2,False,3743,1950,5693,Mixed,0.6574740909889337,2018-02-22 00:23:00,3093.0,20-30
753420,Dungreed,9.99,1518668112.0,2,False,8939,641,9580,Very Positive,0.933089770354906,2018-02-15 04:15:12,3100.0,5-10
551860,Abandon Ship,24.99,1571758129.0,1,False,983,366,1349,Mostly Positive,0.7286879169755375,2019-10-22 15:28:49,2486.0,20-30
574980,Them's Fightin' Herds,19.99,1588289052.0,1,False,3661,838,4499,Very Positive,0.8137363858635253,2020-04-30 23:24:12,2294.0,10-20
774811,YUMENIKKI -DREAM DIARY-,19.99,1519365562.0,1,False,1050,452,1502,Mixed,0.6990679094540613,2018-02-23 05:59:22,3092.0,10-20
696170,SENRAN KAGURA Peach Beach Splash,29.99,1520445600.0,4,False,3464,808,4272,Very Positive,0.8108614232209738,2018-03-07 18:00:00,3079.0,20-30
633060,Orwell: Ignorance is Strength,9.99,1519315315.0,1,False,1445,463,1908,Mostly Positive,0.7573375262054507,2018-02-22 16:01:55,3093.0,5-10
590380,Into the Breach,14.99,1519743600.0,4,False,20887,1276,22163,Very Positive,0.9424265668005234,2018-02-27 15:00:00,3088.0,10-20
548430,Deep Rock Galactic,29.99,1589374867.0,150,False,367920,10872,378792,Overwhelmingly Positive,0.9712982322752328,2020-05-13 13:01:07,2282.0,20-30
632350,Cyberdimension Neptunia: 4 Goddesses Online,31.98,1519754400.0,3,False,4110,604,4714,Very Positive,0.8718710224862113,2018-02-27 18:00:00,3087.0,30-40
637090,BATTLETECH,39.99,1524585600.0,27,False,27767,5299,33066,Very Positive,0.8397447529184057,2018-04-24 16:00:00,3032.0,30-40
677120,Heroes of Hammerwatch,14.99,1519937989.0,2,False,8316,1191,9507,Very Positive,0.8747238876617229,2018-03-01 20:59:49,3085.0,10-20
673950,Farm Together,19.99,1539277031.0,4,False,20790,1307,22097,Very Positive,0.9408516993257003,2018-10-11 16:57:11,2862.0,10-20
613830,CHRONO TRIGGER®,14.99,1519750440.0,2,False,11823,1578,13401,Very Positive,0.8822475934631744,2018-02-27 16:54:00,3088.0,10-20
546050,Puyo Puyo™Tetris®,19.99,1519754430.0,1,False,4712,854,5566,Very Positive,0.8465684513115344,2018-02-27 18:00:30,3087.0,10-20
695920,Super Seducer : How to Talk to Girls,12.99,1520351842.0,1,False,1493,308,1801,Very Positive,0.8289838978345364,2018-03-06 15:57:22,3081.0,10-20
631510,Devil May Cry HD Collection,29.99,1520956800.0,7,False,23423,1681,25104,Very Positive,0.9330385595920969,2018-03-13 16:00:00,3074.0,20-30
601050,Attack on Titan 2 - A.O.T.2,39.99,1682557200.0,5,False,7277,526,7803,Very Positive,0.9325900294758426,2023-04-27 01:00:00,1203.0,30-40
589360,Ni no Kuni™ II: Revenant Kingdom,59.99,1521824340.0,18,False,9309,1837,11146,Very Positive,0.8351875112147856,2018-03-23 16:59:00,3064.0,50+
287630,The Council,14.99,1520956800.0,2,True,4782,918,5700,Very Positive,0.8389473684210527,2018-03-13 16:00:00,3074.0,10-20
611670,The Elder Scrolls V: Skyrim VR,59.99,1522710000.0,23,False,9207,3087,12294,Mostly Positive,0.7489019033674963,2018-04-02 23:00:00,3053.0,50+
534370,Pure Farming 2018,19.99,1520926042.0,1,False,1251,452,1703,Mostly Positive,0.7345860246623606,2018-03-13 07:27:22,3074.0,10-20
691690,Ash of Gods: Redemption,19.0,1521795658.0,1,False,2552,912,3464,Mostly Positive,0.7367205542725174,2018-03-23 09:00:58,3064.0,10-20
593600,PixARK,19.99,1559289357.0,5,False,9655,3547,13202,Mostly Positive,0.7313285865777912,2019-05-31 07:55:57,2630.0,10-20
621060,PC Building Simulator,19.99,1548781080.0,14,False,49290,3425,52715,Very Positive,0.9350279806506687,2019-01-29 16:58:00,2752.0,10-20
704450,Neverwinter Nights: Enhanced Edition,19.99,1522173846.0,4,False,8587,922,9509,Very Positive,0.9030392259964244,2018-03-27 18:04:06,3059.0,10-20
648350,Jurassic World Evolution,44.99,1528785201.0,63,False,48289,6942,55231,Very Positive,0.874309717368869,2018-06-12 06:33:21,2983.0,40-50
495560,Farm Manager 2018,19.99,1523034000.0,2,False,2007,791,2798,Mostly Positive,0.7172980700500358,2018-04-06 17:00:00,3050.0,10-20
720250,Welcome to the Game II,9.99,1522792234.0,1,False,2968,546,3514,Very Positive,0.8446215139442231,2018-04-03 21:50:34,3052.0,5-10
329070,SpyParty,24.99,1523561334.0,1,False,1246,370,1616,Mostly Positive,0.7710396039603961,2018-04-12 19:28:54,3043.0,20-30
573120,Dead In Vinland,19.99,1523545353.0,1,False,1401,421,1822,Mostly Positive,0.7689352360043907,2018-04-12 15:02:33,3044.0,10-20
751440,VR Kanojo / VRカノジョ,49.99,1523242800.0,1,False,1495,480,1975,Mostly Positive,0.7569620253164557,2018-04-09 03:00:00,3047.0,40-50
617480,Tower of Time,13.75,1523533110.0,1,False,2178,459,2637,Very Positive,0.825938566552901,2018-04-12 11:38:30,3044.0,10-20
736220,Squad 44,19.99,1533834000.0,16,False,18923,6484,25407,Mostly Positive,0.7447947416066438,2018-08-09 17:00:00,2925.0,10-20
559650,Witch It,19.99,1603385787.0,2,False,17632,2212,19844,Very Positive,0.8885305381979439,2020-10-22 16:56:27,2120.0,10-20
323190,Frostpunk,29.99,1524574920.0,78,False,126810,9938,136748,Very Positive,0.9273261766168427,2018-04-24 13:02:00,3032.0,20-30
750920,Shadow of the Tomb Raider: Definitive Edition,39.99,1536940800.0,69,False,74160,13469,87629,Very Positive,0.8462951762544363,2018-09-14 16:00:00,2889.0,30-40
743450,Monster Prom,11.99,1524848268.0,5,False,13320,1000,14320,Very Positive,0.9301675977653632,2018-04-27 16:57:48,3029.0,10-20
619780,The Swords of Ditto: Mormo's Curse,14.99,1524578400.0,1,False,1504,868,2372,Mixed,0.6340640809443507,2018-04-24 14:00:00,3032.0,10-20
560130,Pillars of Eternity II: Deadfire,19.99,1525798560.0,26,False,17592,2390,19982,Very Positive,0.8803923531178061,2018-05-08 16:56:00,3018.0,10-20
697550,It Lurks Below,19.99,1559145442.0,1,False,1058,229,1287,Very Positive,0.822066822066822,2019-05-29 15:57:22,2632.0,10-20
620980,Beat Saber,29.99,1558472135.0,119,False,72777,3422,76199,Overwhelmingly Positive,0.955091274163703,2019-05-21 20:55:35,2639.0,20-30
684580,Shoppe Keep 2,9.99,1556204532.0,1,False,1250,985,2235,Mixed,0.5592841163310962,2019-04-25 15:02:12,2666.0,5-10
455980,Judgment: Apocalypse Survival Simulation,19.99,1525370400.0,1,False,1828,435,2263,Very Positive,0.8077772867874503,2018-05-03 18:00:00,3022.0,10-20
825630,STEINS;GATE 0,34.99,1525819788.0,4,False,7972,327,8299,Overwhelmingly Positive,0.9605976623689602,2018-05-08 22:49:48,3017.0,30-40
758190,Dragon Cliff,9.99,1526044680.0,1,False,7243,926,8169,Very Positive,0.8866446321459175,2018-05-11 13:18:00,3015.0,5-10
568220,Lobotomy Corporation | Monster Management Simulation,24.99,1523285133.0,2,False,52989,3247,56236,Very Positive,0.9422611850060459,2018-04-09 14:45:33,3047.0,20-30
613100,House Flipper,24.99,1526569116.0,83,False,104431,6680,111111,Very Positive,0.9398799398799399,2018-05-17 14:58:36,3009.0,20-30
445980,Wizard of Legend,15.99,1526399838.0,7,False,19040,1988,21028,Very Positive,0.9054593874833555,2018-05-15 15:57:18,3011.0,10-20
609320,FAR: Lone Sails,14.99,1526572714.0,1,False,25067,1246,26313,Overwhelmingly Positive,0.9526469805799415,2018-05-17 15:58:34,3009.0,10-20
555510,MachiaVillain,19.99,1526490153.0,1,False,530,277,807,Mixed,0.6567534076827757,2018-05-16 17:02:33,3010.0,10-20
710470,Little Witch Academia: Chamber of Time,39.99,1526403840.0,1,False,1068,321,1389,Mostly Positive,0.7688984881209503,2018-05-15 17:04:00,3011.0,30-40
570940,DARK SOULS™: REMASTERED,39.99,1527116040.0,32,False,142229,11634,153863,Very Positive,0.9243872795928846,2018-05-23 22:54:00,3002.0,30-40
648800,Raft,19.99,1655744210.0,302,False,350347,26334,376681,Very Positive,0.9300893859791176,2022-06-20 16:56:50,1514.0,10-20
620590,Ancestors Legacy,23.2,1527015600.0,3,False,6818,1821,8639,Mostly Positive,0.7892117143187869,2018-05-22 19:00:00,3003.0,20-30
816090,Space Hulk: Deathwing Enhanced Edition,29.99,1526976120.0,2,False,7834,3020,10854,Mostly Positive,0.7217615625575825,2018-05-22 08:02:00,3004.0,20-30
427290,Vampyr,39.99,1528149600.0,14,False,19406,5644,25050,Mostly Positive,0.774690618762475,2018-06-04 22:00:00,2990.0,30-40
702890,BlazBlue: Cross Tag Battle,19.99,1574297473.0,4,False,3751,929,4680,Very Positive,0.8014957264957265,2019-11-21 00:51:13,2456.0,10-20
838310,Bloodstained: Curse of the Moon,9.99,1527145200.0,1,False,4250,258,4508,Very Positive,0.9427684117125111,2018-05-24 07:00:00,3002.0,5-10
606150,Moonlighter,19.99,1527597900.0,8,True,18439,4155,22594,Very Positive,0.8161016198990882,2018-05-29 12:45:00,2997.0,10-20
487720,Agony,14.99,1527606030.0,1,False,1386,1587,2973,Mixed,0.4661957618567104,2018-05-29 15:00:30,2997.0,10-20
718670,Cultist Simulator,19.99,1527782400.0,3,False,11218,2812,14030,Mostly Positive,0.7995723449750535,2018-05-31 16:00:00,2995.0,10-20
573100,Battlefleet Gothic: Armada 2,19.99,1548349200.0,13,False,8162,2818,10980,Mostly Positive,0.743351548269581,2019-01-24 17:00:00,2757.0,10-20
586200,Street Fighter 30th Anniversary Collection,29.99,1527613200.0,1,False,2460,1001,3461,Mostly Positive,0.7107772320138688,2018-05-29 17:00:00,2997.0,20-30
646910,The Crew™ 2,29.99,1530241200.0,36,False,77176,22331,99507,Mostly Positive,0.7755836272825027,2018-06-29 03:00:00,2966.0,20-30
741820,Prey: Typhon Hunter,39.99,1544540400.0,3,False,283,578,861,Mostly Negative,0.32868757259001163,2018-12-11 15:00:00,2801.0,30-40
866800,The Walking Dead: The Final Season,19.99,1534218900.0,4,False,20369,1059,21428,Overwhelmingly Positive,0.9505786820981893,2018-08-14 03:55:00,2920.0,10-20
515180,Bus Simulator 18,14.99,1528909200.0,1,False,11033,2580,13613,Very Positive,0.8104752809814149,2018-06-13 17:00:00,2982.0,10-20
400940,Budget Cuts,14.99,1528995633.0,1,False,1504,373,1877,Very Positive,0.8012786361214704,2018-06-14 17:00:33,2981.0,10-20
581320,Insurgency: Sandstorm,29.99,1544633940.0,46,False,112740,20171,132911,Very Positive,0.8482367900324277,2018-12-12 16:59:00,2800.0,20-30
812140,Assassin's Creed® Odyssey,59.99,1538755200.0,142,False,165484,21013,186497,Very Positive,0.8873279462940422,2018-10-05 16:00:00,2868.0,50+
517630,Just Cause 4 Reloaded,28.35,1543942620.0,15,False,19947,12220,32167,Mixed,0.6201075636521901,2018-12-04 16:57:00,2808.0,20-30
731490,Crash Bandicoot™ N. Sane Trilogy,39.99,1530291600.0,11,False,20265,1762,22027,Very Positive,0.9200072638125937,2018-06-29 17:00:00,2966.0,30-40
582010,Monster Hunter: World,29.99,1533744000.0,256,False,457171,57768,514939,Very Positive,0.8878158383808568,2018-08-08 16:00:00,2926.0,20-30
489630,"Warhammer 40,000: Gladius - Relics of War",39.99,1531407042.0,15,False,15121,3391,18512,Very Positive,0.8168215211754538,2018-07-12 14:50:42,2953.0,30-40
415590,Earthfall,19.99,1531440000.0,1,False,1497,807,2304,Mixed,0.6497395833333334,2018-07-13 00:00:00,2952.0,10-20
809890,Shining Resonance Refrain,29.99,1531195200.0,1,False,948,419,1367,Mixed,0.6934893928310168,2018-07-10 04:00:00,2955.0,20-30
315460,Dig or Die,11.99,1531234535.0,1,False,3874,408,4282,Very Positive,0.9047174217655302,2018-07-10 14:55:35,2955.0,10-20
606280,Darksiders III,39.99,1543341664.0,10,False,13178,4177,17355,Mostly Positive,0.7593200806683953,2018-11-27 18:01:04,2814.0,30-40
535930,Two Point Hospital,29.99,1535608800.0,42,False,32044,2801,34845,Very Positive,0.91961543980485,2018-08-30 06:00:00,2904.0,20-30
574090,MOTHERGUNSHIP,24.99,1531821843.0,1,False,1228,394,1622,Mostly Positive,0.7570900123304563,2018-07-17 10:04:03,2948.0,20-30
787860,Farming Simulator 19,17.99,1542668820.0,116,False,71995,4216,76211,Very Positive,0.9446799018514388,2018-11-19 23:07:00,2822.0,10-20
828070,Treasure Hunter Claire,19.99,1532059239.0,1,False,2096,276,2372,Very Positive,0.8836424957841484,2018-07-20 04:00:39,2945.0,10-20
762650,Depraved,19.99,1569059221.0,1,False,759,491,1250,Mixed,0.6072,2019-09-21 09:47:01,2517.0,10-20
744060,Groove Coaster,19.99,1531785600.0,1,False,1072,529,1601,Mixed,0.6695815115552779,2018-07-17 00:00:00,2948.0,10-20
485460,The Banner Saga 3,24.99,1532624280.0,4,False,2425,655,3080,Mostly Positive,0.7873376623376623,2018-07-26 16:58:00,2939.0,20-30
743890,Mega Man X Legacy Collection,19.99,1532448000.0,1,False,3864,1050,4914,Mostly Positive,0.7863247863247863,2018-07-24 16:00:00,2941.0,10-20
743900,Mega Man X Legacy Collection 2,19.99,1532448000.0,1,False,1862,570,2432,Mostly Positive,0.765625,2018-07-24 16:00:00,2941.0,10-20
644560,Mirror,1.99,1524123240.0,2,False,81022,3057,84079,Overwhelmingly Positive,0.9636413373137168,2018-04-19 07:34:00,3037.0,<5
840140,武侠乂 The Swordsmen X,24.99,1588035858.0,6,False,1662,1857,3519,Mixed,0.4722932651321398,2020-04-28 01:04:18,2297.0,20-30
785740,This Is the Police 2,14.99,1533047389.0,2,False,4938,1628,6566,Mostly Positive,0.7520560462991167,2018-07-31 14:29:49,2934.0,10-20
728880,Overcooked! 2,24.99,1533657685.0,76,False,75517,8010,83527,Very Positive,0.9041028649418751,2018-08-07 16:01:25,2927.0,20-30
335620,Star Traders: Frontiers,14.99,1533102024.0,1,False,3174,630,3804,Very Positive,0.8343848580441641,2018-08-01 05:40:24,2933.0,10-20
312200,Chasm,19.99,1533009639.0,1,False,2001,712,2713,Mostly Positive,0.7375598967932179,2018-07-31 04:00:39,2934.0,10-20
882790,Fate Seeker,21.09,1533692340.0,3,False,12175,1237,13412,Very Positive,0.9077691619445273,2018-08-08 01:39:00,2926.0,20-30
790820,Valkyria Chronicles 4 Complete Edition,49.99,1537884000.0,9,False,6085,971,7056,Very Positive,0.8623866213151927,2018-09-25 14:00:00,2878.0,40-50
599140,Graveyard Keeper,19.99,1534346114.0,10,False,46738,7995,54733,Very Positive,0.8539272468163631,2018-08-15 15:15:14,2919.0,10-20
559100,Phantom Doctrine,39.99,1534266120.0,4,False,3459,1224,4683,Mostly Positive,0.7386290839205637,2018-08-14 17:02:00,2920.0,30-40
412020,Metro Exodus,29.99,1581703200.0,51,False,121130,13522,134652,Very Positive,0.8995781718801058,2020-02-14 18:00:00,2370.0,20-30
356650,Death's Gambit: Afterlife,19.99,1534219200.0,1,False,4519,1049,5568,Very Positive,0.8116020114942529,2018-08-14 04:00:00,2920.0,10-20
801630,UNDER NIGHT IN-BIRTH Exe:Late[cl-r],24.99,1534812891.0,2,False,3643,216,3859,Very Positive,0.9440269499870433,2018-08-21 00:54:51,2913.0,20-30
342560,Airships: Conquer the Skies,24.99,1534429980.0,1,False,6308,270,6578,Overwhelmingly Positive,0.9589540893888719,2018-08-16 14:33:00,2918.0,20-30
758330,Shenmue I & II,29.99,1534860000.0,2,False,2881,361,3242,Very Positive,0.8886489821098088,2018-08-21 14:00:00,2913.0,20-30
914620,Mist Survival,10.99,1534312823.0,3,False,10839,3465,14304,Mostly Positive,0.7577600671140939,2018-08-15 06:00:23,2919.0,10-20
312670,Strange Brigade,49.99,1535410800.0,5,False,9511,1770,11281,Very Positive,0.8430990160446769,2018-08-27 23:00:00,2906.0,40-50
534550,Guacamelee! 2,19.99,1534870742.0,1,False,3064,295,3359,Very Positive,0.9121762429294433,2018-08-21 16:59:02,2913.0,10-20
792100,7 Billion Humans,14.99,1535043600.0,1,False,1985,138,2123,Very Positive,0.9349976448422044,2018-08-23 17:00:00,2911.0,10-20
513710,SCUM,44.99,1750172116.0,28,False,93585,32546,126131,Mostly Positive,0.7419666854302273,2025-06-17 14:55:16,421.0,40-50
633230,NARUTO TO BORUTO: SHINOBI STRIKER,19.99,1688076000.0,15,False,47309,9235,56544,Very Positive,0.8366758630447085,2023-06-29 22:00:00,1139.0,10-20
352720,The Universim,29.99,1705946495.0,3,False,8460,2166,10626,Mostly Positive,0.7961603613777527,2024-01-22 18:01:35,932.0,20-30
815370,Green Hell,8.91,1567687980.0,36,False,85400,15421,100821,Very Positive,0.8470457543567312,2019-09-05 12:53:00,2533.0,5-10
702670,Donut County,12.99,1535460944.0,1,False,11055,946,12001,Very Positive,0.921173235563703,2018-08-28 12:55:44,2906.0,10-20
585450,Shadows: Awakening,29.99,1535734829.0,2,False,1856,622,2478,Mostly Positive,0.7489911218724778,2018-08-31 17:00:29,2903.0,20-30
650510,ZONE OF THE ENDERS THE 2nd RUNNER : M∀RS / アヌビス ゾーン・オブ・エンダーズ : マーズ,29.99,1536080400.0,1,False,987,374,1361,Mostly Positive,0.7252020573108009,2018-09-04 17:00:00,2899.0,20-30
805550,Assetto Corsa Competizione,39.99,1559145520.0,27,False,44259,3504,47763,Very Positive,0.9266377740091702,2019-05-29 15:58:40,2632.0,30-40
814380,Sekiro™: Shadows Die Twice - GOTY Edition,59.99,1553187600.0,140,False,336769,16765,353534,Overwhelmingly Positive,0.9525788184446192,2019-03-21 17:00:00,2701.0,50+
738520,Breathedge,24.99,1614276030.0,4,True,13589,3036,16625,Very Positive,0.8173834586466165,2021-02-25 18:00:30,1993.0,20-30
600480,Megaquarium,24.99,1536822077.0,1,False,3583,176,3759,Overwhelmingly Positive,0.9531790369779196,2018-09-13 07:01:17,2890.0,20-30
324510,Boundless,19.99,1536681676.0,1,False,1926,846,2772,Mixed,0.6948051948051948,2018-09-11 16:01:16,2892.0,10-20
640820,Pathfinder: Kingmaker — Enhanced Plus Edition,19.99,1537884120.0,22,False,27179,7836,35015,Mostly Positive,0.7762101956304441,2018-09-25 14:02:00,2878.0,10-20
445020,Frozen Synapse 2,29.99,1536857793.0,1,False,162,85,247,Mixed,0.6558704453441295,2018-09-13 16:56:33,2890.0,20-30
838350,The Scroll of Taiwu : Beyond The Dome,29.99,1781665812.0,7,False,45818,24172,69990,Mixed,0.6546363766252322,2026-06-17 03:10:12,56.0,20-30
601150,Devil May Cry 5,29.99,1552003200.0,68,False,162460,6700,169160,Overwhelmingly Positive,0.9603925277843461,2019-03-08 00:00:00,2714.0,20-30
271260,Star Control®: Origins,19.99,1537459200.0,1,False,1986,697,2683,Mostly Positive,0.7402161759224748,2018-09-20 16:00:00,2883.0,10-20
368340,CrossCode,19.99,1537509600.0,3,False,16973,1398,18371,Very Positive,0.9239018017527625,2018-09-21 06:00:00,2882.0,10-20
532210,Life is Strange 2,31.96,1537977840.0,9,True,35563,5114,40677,Very Positive,0.8742778474322098,2018-09-26 16:04:00,2877.0,30-40
646270,60 Parsecs!,9.99,1537298769.0,1,False,3624,460,4084,Very Positive,0.8873653281096964,2018-09-18 19:26:09,2884.0,5-10
566540,Labyrinth of Refrain: Coven of Dusk,49.99,1537289371.0,2,False,1171,288,1459,Very Positive,0.8026045236463331,2018-09-18 16:49:31,2885.0,40-50
502500,ACE COMBAT™ 7: SKIES UNKNOWN,59.99,1548975420.0,33,False,49548,6830,56378,Very Positive,0.8788534534747596,2019-01-31 22:57:00,2749.0,50+
736190,Chinese Parents,9.99,1538200608.0,7,False,24553,2333,26886,Very Positive,0.9132262143866696,2018-09-29 05:56:48,2874.0,5-10
779340,Total War: THREE KINGDOMS,39.99,1558620000.0,106,False,76806,16604,93410,Very Positive,0.8222460122042607,2019-05-23 14:00:00,2638.0,30-40
544750,SOULCALIBUR VI,59.99,1539896400.0,21,False,11841,2482,14323,Very Positive,0.826712280946729,2018-10-18 21:00:00,2854.0,50+
591460,Parkasaurus,24.99,1597297260.0,2,False,2906,212,3118,Very Positive,0.9320076972418216,2020-08-13 05:41:00,2190.0,20-30
742300,Mega Man 11,29.99,1538499600.0,2,False,4760,578,5338,Very Positive,0.89171974522293,2018-10-02 17:00:00,2871.0,20-30
383840,Nimbatus - The Space Drone Constructor,19.98,1589471890.0,2,False,1703,461,2164,Mostly Positive,0.7869685767097967,2020-05-14 15:58:10,2281.0,10-20
594330,Visage,34.99,1604030380.0,1,False,9137,1740,10877,Very Positive,0.8400294198768042,2020-10-30 03:59:40,2112.0,30-40
392160,X4: Foundations,49.99,1543590000.0,18,False,23812,5989,29801,Mostly Positive,0.7990335894768632,2018-11-30 15:00:00,2812.0,40-50
955560,Evenicle,44.99,1539187020.0,1,False,1225,103,1328,Very Positive,0.9224397590361446,2018-10-10 15:57:00,2863.0,40-50
831560,WARRIORS OROCHI 4,59.99,1539672780.0,10,False,4841,758,5599,Very Positive,0.8646186819074835,2018-10-16 06:53:00,2857.0,50+
645730,RESONANCE OF FATE™/END OF ETERNITY™ 4K/HD EDITION,34.99,1539773399.0,1,False,838,205,1043,Very Positive,0.8034515819750719,2018-10-17 10:49:59,2856.0,30-40
653530,Return of the Obra Dinn,19.99,1539882060.0,10,False,33755,1153,34908,Overwhelmingly Positive,0.9669703219892288,2018-10-18 17:01:00,2855.0,10-20
774461,The Jackbox Party Pack 5,29.99,1539784800.0,3,False,2716,188,2904,Very Positive,0.9352617079889807,2018-10-17 14:00:00,2856.0,20-30
816340,Kingdom Rush Origins - Tower Defense,14.99,1539819069.0,1,False,7608,347,7955,Overwhelmingly Positive,0.9563796354494029,2018-10-17 23:31:09,2855.0,10-20
803600,Disgaea 5 Complete,39.99,1540227600.0,3,False,3134,447,3581,Very Positive,0.8751745322535605,2018-10-22 17:00:00,2851.0,30-40
907270,eSports Legend,9.99,1539669660.0,1,False,754,457,1211,Mixed,0.6226259289843105,2018-10-16 06:01:00,2857.0,5-10
800270,Terraforming Mars,19.99,1539780779.0,1,False,5093,2127,7220,Mostly Positive,0.7054016620498615,2018-10-17 12:52:59,2856.0,10-20
553310,Lethal League Blaze,19.99,1540401360.0,1,False,6476,198,6674,Overwhelmingly Positive,0.9703326341024873,2018-10-24 17:16:00,2849.0,10-20
399810,Call of Cthulhu®,19.99,1540854000.0,6,False,10948,2868,13816,Mostly Positive,0.7924145917776491,2018-10-29 23:00:00,2843.0,10-20
931500,Touhou Genso Wanderer -Reloaded-,34.99,1540526590.0,1,False,1710,130,1840,Very Positive,0.9293478260869565,2018-10-26 04:03:10,2847.0,30-40
748360,MY HERO ONE'S JUSTICE,19.99,1540504800.0,1,False,1623,528,2151,Mostly Positive,0.7545327754532776,2018-10-25 22:00:00,2847.0,10-20
658850,Do Not Feed the Monkeys,15.99,1540349531.0,1,False,11826,815,12641,Very Positive,0.9355272525907761,2018-10-24 02:52:11,2849.0,10-20
572430,Party Hard 2,19.99,1540481615.0,1,False,2582,732,3314,Mostly Positive,0.7791188895594447,2018-10-25 15:33:35,2848.0,10-20
677340,The Colonists,24.99,1540396871.0,1,False,1057,176,1233,Very Positive,0.8572587185725872,2018-10-24 16:01:11,2849.0,20-30
774511,Megadimension Neptunia VIIR,31.98,1540242550.0,1,False,732,244,976,Mostly Positive,0.75,2018-10-22 21:09:10,2850.0,30-40
868360,Project Hospital,24.99,1540915170.0,2,False,8245,1023,9268,Very Positive,0.8896201985325852,2018-10-30 15:59:30,2843.0,20-30
879420,Agony UNRATED,14.99,1540915278.0,1,False,2091,1617,3708,Mixed,0.563915857605178,2018-10-30 16:01:18,2843.0,10-20
973760,Thronebreaker: The Witcher Tales,19.99,1541790316.0,6,False,15521,1756,17277,Very Positive,0.8983619841407652,2018-11-09 19:05:16,2832.0,10-20
704850,Thief Simulator,19.99,1541779383.0,7,False,34828,4698,39526,Very Positive,0.8811415270960886,2018-11-09 16:03:03,2833.0,10-20
492720,Tropico 6,39.99,1553878800.0,22,False,25723,3608,29331,Very Positive,0.876990215130749,2019-03-29 17:00:00,2693.0,30-40
877200,Zero Caliber VR,24.99,1690794366.0,1,False,3757,1180,4937,Mostly Positive,0.7609884545270407,2023-07-31 09:06:06,1108.0,20-30
758870,Kynseed,24.99,1670338800.0,2,False,3175,656,3831,Very Positive,0.828765335421561,2022-12-06 15:00:00,1345.0,20-30
847370,Sunset Overdrive,19.99,1542387617.0,1,False,12980,1431,14411,Very Positive,0.9007008535146763,2018-11-16 17:00:17,2826.0,10-20
673880,"Warhammer 40,000: Mechanicus",22.49,1542304800.0,5,False,13269,1308,14577,Very Positive,0.9102696027989298,2018-11-15 18:00:00,2826.0,20-30
688420,Bad North: Jotunn Edition,14.99,1542384026.0,1,False,13175,952,14127,Very Positive,0.9326113116726835,2018-11-16 16:00:26,2826.0,10-20
939520,HELLGATE: London,12.99,1542322829.0,1,False,1320,991,2311,Mixed,0.5711813067935958,2018-11-15 23:00:29,2826.0,10-20
868520,killer7,19.99,1542304825.0,1,False,3689,282,3971,Very Positive,0.9289851422815412,2018-11-15 18:00:25,2826.0,10-20
952860,河洛群俠傳 (Ho Tu Lo Shu ： The Books of Dragon),17.99,1542260995.0,1,False,9033,2031,11064,Very Positive,0.8164316702819957,2018-11-15 05:49:55,2827.0,10-20
595690,One Hour One Life,14.99,1541703632.0,1,False,3723,942,4665,Mostly Positive,0.7980707395498392,2018-11-08 19:00:32,2833.0,10-20
692840,Underworld Ascendant,29.99,1542304800.0,1,False,382,718,1100,Mostly Negative,0.3472727272727273,2018-11-15 18:00:00,2826.0,20-30
456750,The Room Three,5.99,1542100559.0,1,False,12746,613,13359,Overwhelmingly Positive,0.9541133318362153,2018-11-13 09:15:59,2829.0,5-10
760060,Mutant Year Zero: Road to Eden,34.99,1543942800.0,6,False,18510,2005,20515,Very Positive,0.9022666341701194,2018-12-04 17:00:00,2808.0,30-40
432350,Epic Battle Fantasy 5,24.99,1543593467.0,1,False,5996,87,6083,Overwhelmingly Positive,0.9856978464573402,2018-11-30 15:57:47,2812.0,20-30
759740,RIDE 3,29.99,1543564965.0,1,False,4826,976,5802,Very Positive,0.8317821440882455,2018-11-30 08:02:45,2812.0,20-30
606230,Thea 2: The Shattering,24.99,1557741518.0,1,False,1726,437,2163,Mostly Positive,0.7979657882570504,2019-05-13 09:58:38,2648.0,20-30
761620,Beholder 2,23.78,1543978380.0,1,False,7053,1047,8100,Very Positive,0.8707407407407407,2018-12-05 02:53:00,2807.0,20-30
848350,Katamari Damacy REROLL,29.99,1544137736.0,1,False,6198,446,6644,Very Positive,0.9328717639975919,2018-12-06 23:08:56,2805.0,20-30
424030,War of Rights,29.99,1543867116.0,2,False,13261,1731,14992,Very Positive,0.8845384204909285,2018-12-03 19:58:36,2808.0,20-30
883710,Resident Evil 2,39.99,1548392400.0,58,False,213753,6507,220260,Overwhelmingly Positive,0.9704576409697631,2019-01-25 05:00:00,2756.0,30-40
269190,Edge Of Eternity,29.99,1623164528.0,3,False,2793,1233,4026,Mixed,0.6937406855439643,2021-06-08 15:02:08,1891.0,20-30
701160,Kingdom Two Crowns,19.99,1544541170.0,5,False,35418,3844,39262,Very Positive,0.9020936274260098,2018-12-11 15:12:50,2801.0,10-20
994280,Gujian3(古剑奇谭三),29.99,1544802420.0,8,False,42025,6900,48925,Very Positive,0.8589678078691876,2018-12-14 15:47:00,2798.0,20-30
683320,GRIS,6.25,1544709292.0,8,False,92143,3786,95929,Overwhelmingly Positive,0.9605333110946638,2018-12-13 13:54:52,2799.0,5-10
449960,Book of Demons,24.99,1544716800.0,1,False,8555,896,9451,Very Positive,0.9051952174373082,2018-12-13 16:00:00,2799.0,20-30
629730,Blade and Sorcery,29.99,1718643640.0,3,False,59767,2164,61931,Overwhelmingly Positive,0.9650578870032779,2024-06-17 17:00:40,786.0,20-30
250680,BELOW,24.99,1544806805.0,1,False,966,402,1368,Mostly Positive,0.706140350877193,2018-12-14 17:00:05,2798.0,20-30
519860,DUSK,19.99,1544468520.0,1,False,24628,768,25396,Overwhelmingly Positive,0.969759017168058,2018-12-10 19:02:00,2801.0,10-20
834910,ATLAS,29.99,1545508800.0,7,False,20200,22727,42927,Mixed,0.4705663102476297,2018-12-22 20:00:00,2789.0,20-30
962730,Skater XL - The Ultimate Skateboarding Game,39.99,1595948682.0,2,False,16800,2771,19571,Very Positive,0.8584129579479842,2020-07-28 15:04:42,2206.0,30-40
738540,Tales of Vesperia: Definitive Edition,49.99,1547161560.0,4,False,3973,920,4893,Very Positive,0.811976292662988,2019-01-10 23:06:00,2770.0,40-50
955900,Amazing Cultivation Simulator,24.99,1606287720.0,2,False,20196,3394,23590,Very Positive,0.8561254768969903,2020-11-25 07:02:00,2086.0,20-30
893180,Catherine Classic,19.99,1547132400.0,3,False,9711,1439,11150,Very Positive,0.8709417040358745,2019-01-10 15:00:00,2771.0,10-20
955050,Bright Memory,7.99,1585155540.0,4,False,29734,3347,33081,Very Positive,0.8988240984250778,2020-03-25 16:59:00,2331.0,5-10
552620,ATOM RPG: Post-apocalyptic indie game,14.99,1545246835.0,2,False,8920,1605,10525,Very Positive,0.8475059382422803,2018-12-19 19:13:55,2792.0,10-20
880940,Pummel Party,14.99,1537459326.0,44,False,51031,6589,57620,Very Positive,0.8856473446719889,2018-09-20 16:02:06,2883.0,10-20
976310,Mortal Kombat 11,49.99,1556035200.0,61,False,101959,13816,115775,Very Positive,0.8806650831353919,2019-04-23 16:00:00,2668.0,40-50
619150,while True: learn(),12.99,1547738325.0,1,False,7458,707,8165,Very Positive,0.913410900183711,2019-01-17 15:18:45,2764.0,10-20
761600,Onimusha: Warlords,19.99,1547571654.0,1,False,3272,216,3488,Very Positive,0.9380733944954128,2019-01-15 17:00:54,2766.0,10-20
939960,Far Cry® New Dawn,39.99,1550250000.0,15,False,26285,8702,34987,Mostly Positive,0.7512790465029868,2019-02-15 17:00:00,2735.0,30-40
241000,Jon Shafer's At the Gates,29.99,1548277188.0,1,False,207,292,499,Mixed,0.4148296593186373,2019-01-23 20:59:48,2757.0,20-30
889510,SENRAN KAGURA Burst Re:Newal,29.99,1548179820.0,1,False,2437,174,2611,Very Positive,0.9333588663347376,2019-01-22 17:57:00,2758.0,20-30
848450,Subnautica: Below Zero,29.99,1620965280.0,24,False,97292,10712,108004,Very Positive,0.9008184882041406,2021-05-14 04:08:00,1916.0,20-30
607050,Wargroove,19.99,1549022384.0,2,False,4346,921,5267,Very Positive,0.8251376495158534,2019-02-01 11:59:44,2749.0,10-20
690830,Foundation,34.99,1738335776.0,15,False,20813,3228,24041,Very Positive,0.86572937897758,2025-01-31 15:02:56,558.0,30-40
596970,Sunless Skies: Sovereign Edition,24.99,1548957587.0,1,False,2920,545,3465,Very Positive,0.8427128427128427,2019-01-31 17:59:47,2749.0,20-30
916440,Anno 1800,59.99,1555430400.0,46,False,26096,5981,32077,Very Positive,0.8135424135673536,2019-04-16 16:00:00,2675.0,50+
951440,Volcanoids,19.99,1548780749.0,2,False,7706,1616,9322,Very Positive,0.8266466423514267,2019-01-29 16:52:29,2752.0,10-20
494430,Praey for the Gods,29.99,1639506369.0,1,False,2526,612,3138,Very Positive,0.8049713193116634,2021-12-14 18:26:09,1701.0,20-30
656240,Heat,19.99,1593134482.0,1,False,1424,1506,2930,Mixed,0.48600682593856653,2020-06-26 01:21:22,2238.0,10-20
899440,GOD EATER 3,59.99,1549580400.0,6,False,7876,2054,9930,Mostly Positive,0.7931520644511582,2019-02-07 23:00:00,2742.0,50+
859580,Imperator: Rome,39.99,1556208000.0,10,False,17623,9242,26865,Mixed,0.6559836218127676,2019-04-25 16:00:00,2666.0,30-40
715560,Eastshade,24.99,1550069973.0,2,False,4886,593,5479,Very Positive,0.8917685709070998,2019-02-13 14:59:33,2737.0,20-30
803980,Plane Mechanic Simulator,11.99,1707919038.0,1,False,947,732,1679,Mixed,0.5640262060750447,2024-02-14 13:57:18,910.0,10-20
690790,DiRT Rally 2.0,19.99,1551139378.0,17,False,42871,5403,48274,Very Positive,0.8880763972324647,2019-02-26 00:02:58,2724.0,10-20
622220,Fate/EXTELLA LINK,49.99,1553014500.0,5,False,4383,344,4727,Very Positive,0.9272265707636979,2019-03-19 16:55:00,2703.0,40-50
819030,STEINS;GATE ELITE,59.99,1550599140.0,3,False,1502,163,1665,Very Positive,0.9021021021021021,2019-02-19 17:59:00,2730.0,50+
858810,Dawn of Man,24.99,1551430757.0,9,False,15457,2350,17807,Very Positive,0.868029426629977,2019-03-01 08:59:17,2721.0,20-30
641080,Trials® Rising,19.99,1551200400.0,3,False,1946,1179,3125,Mixed,0.62272,2019-02-26 17:00:00,2724.0,10-20
851100,Touhou Luna Nights,17.99,1551142974.0,2,False,14508,397,14905,Overwhelmingly Positive,0.9733646427373365,2019-02-26 01:02:54,2724.0,10-20
714370,LEFT ALIVE™,59.99,1551805200.0,1,False,288,627,915,Mostly Negative,0.31475409836065577,2019-03-05 17:00:00,2717.0,50+
774241,Warhammer: Chaosbane,29.99,1559322000.0,3,False,3757,2679,6436,Mixed,0.5837476693598508,2019-05-31 17:00:00,2630.0,20-30
860890,Factory Town,19.99,1637172093.0,2,False,4055,417,4472,Very Positive,0.9067531305903399,2021-11-17 18:01:33,1728.0,10-20
784150,Workers & Resources: Soviet Republic,39.99,1718899558.0,4,False,24477,2354,26831,Very Positive,0.9122656628526704,2024-06-20 16:05:58,783.0,30-40
840800,Outlaws of the Old West,19.99,1552409142.0,2,False,3705,2588,6293,Mixed,0.5887494040997934,2019-03-12 16:45:42,2710.0,10-20
736260,Baba Is You,14.99,1552492825.0,4,False,23881,554,24435,Overwhelmingly Positive,0.9773276038469408,2019-03-13 16:00:25,2709.0,10-20
755500,ONE PIECE World Seeker,59.99,1552600800.0,2,False,4811,1438,6249,Mostly Positive,0.7698831813090095,2019-03-14 22:00:00,2707.0,50+
921590,DISSIDIA FINAL FANTASY NT Free Edition,29.99,1552411680.0,1,True,1626,2056,3682,Mixed,0.4416078218359587,2019-03-12 17:28:00,2710.0,20-30
532790,Vampire: The Masquerade® - Bloodlines™ 2,59.99,1761062401.0,6,False,7132,5720,12852,Mixed,0.554933084344849,2025-10-21 16:00:01,295.0,50+
704270,Generation Zero®,24.99,1553590507.0,15,False,30329,11779,42108,Mostly Positive,0.7202669326493778,2019-03-26 08:55:07,2696.0,20-30
736850,We. The Revolution,19.99,1553181393.0,1,False,1848,621,2469,Mostly Positive,0.7484811664641555,2019-03-21 15:16:33,2701.0,10-20
470220,UNO,9.99,1483462742.0,5,False,38040,16107,54147,Mostly Positive,0.7025319962324783,2017-01-03 16:59:02,3508.0,5-10
632360,Risk of Rain 2,24.99,1597157640.0,127,False,329431,21747,351178,Very Positive,0.9380741390406004,2020-08-11 14:54:00,2192.0,20-30
794260,Outward Definitive Edition,39.99,1652796000.0,21,False,22723,8541,31264,Mostly Positive,0.7268103889457523,2022-05-17 14:00:00,1548.0,30-40
942970,Unheard - Voices of Crime,6.99,1553835987.0,3,False,32450,1352,33802,Overwhelmingly Positive,0.9600023667238625,2019-03-29 05:06:27,2693.0,5-10
508440,Totally Accurate Battle Simulator,19.99,1617300073.0,17,False,149496,3328,152824,Overwhelmingly Positive,0.9782233157095744,2021-04-01 18:01:13,1958.0,10-20
548570,RAGE 2,39.99,1557759600.0,12,False,10756,6239,16995,Mixed,0.6328920270667844,2019-05-13 15:00:00,2648.0,30-40
1056960,Wolfenstein: Youngblood,19.99,1564074000.0,6,False,6849,8956,15805,Mixed,0.4333438785194559,2019-07-25 17:00:00,2575.0,10-20
919640,Steel Division 2,39.99,1561041914.0,7,False,7602,1962,9564,Mostly Positive,0.7948557089084065,2019-06-20 14:45:14,2610.0,30-40
886820,Nelke & the Legendary Alchemists ~Ateliers of the New World~,59.99,1553583430.0,1,False,223,63,286,Mostly Positive,0.7797202797202797,2019-03-26 06:57:10,2696.0,50+
798510,SUPER DRAGON BALL HEROES WORLD MISSION,59.99,1554415200.0,2,False,1529,315,1844,Very Positive,0.829175704989154,2019-04-04 22:00:00,2686.0,50+
1046030,ISLANDERS,4.99,1554365770.0,3,False,15840,934,16774,Very Positive,0.9443185882914034,2019-04-04 08:16:10,2687.0,<5
546430,Pathway,15.99,1554980434.0,1,False,1738,522,2260,Mostly Positive,0.7690265486725664,2019-04-11 11:00:34,2680.0,10-20
787480,Phoenix Wright: Ace Attorney Trilogy,29.99,1554825739.0,8,False,43473,1087,44560,Overwhelmingly Positive,0.9756059245960502,2019-04-09 16:02:19,2682.0,20-30
726830,Vacation Simulator,19.99,1554822032.0,1,False,974,92,1066,Very Positive,0.9136960600375235,2019-04-09 15:00:32,2682.0,10-20
622720,Weedcraft Inc,19.99,1554987120.0,1,False,1349,340,1689,Mostly Positive,0.7986974541148608,2019-04-11 12:52:00,2680.0,10-20
813630,Supraland,19.99,1554455663.0,2,False,14480,727,15207,Overwhelmingly Positive,0.9521930689813901,2019-04-05 09:14:23,2686.0,10-20
819020,Zanki Zero: Last Beginning,59.99,1554858120.0,1,False,534,161,695,Mostly Positive,0.7683453237410072,2019-04-10 01:02:00,2681.0,50+
751780,Forager,19.99,1555606832.0,9,False,39310,4604,43914,Very Positive,0.8951587193150248,2019-04-18 17:00:32,2673.0,10-20
460950,Katana ZERO,14.99,1555596706.0,5,False,74233,1572,75805,Overwhelmingly Positive,0.9792625816239034,2019-04-18 14:11:46,2673.0,10-20
629760,MORDHAU,29.99,1556557154.0,26,False,90466,22714,113180,Mostly Positive,0.799310832302527,2019-04-29 16:59:14,2662.0,20-30
494840,UBOAT,40.78,1722611399.0,3,False,22737,4266,27003,Very Positive,0.842017553605155,2024-08-02 15:09:59,740.0,40-50
899770,Last Epoch,34.99,1708534855.0,33,False,90554,27765,118319,Mostly Positive,0.7653377733077528,2024-02-21 17:00:55,903.0,30-40
699170,Fell Seal: Arbiter's Mark,29.99,1556643595.0,1,False,5555,789,6344,Very Positive,0.8756305170239597,2019-04-30 16:59:55,2661.0,20-30
1058020,"STAR WARS™ Battlefront (Classic, 2004)",9.99,1556766137.0,1,False,4524,164,4688,Overwhelmingly Positive,0.9650170648464164,2019-05-02 03:02:17,2659.0,5-10
706020,Fade to Silence,29.99,1556643533.0,1,False,833,499,1332,Mixed,0.6253753753753754,2019-04-30 16:58:53,2661.0,20-30
752590,A Plague Tale: Innocence,39.99,1557849600.0,26,False,65994,4789,70783,Very Positive,0.9323425116200218,2019-05-14 16:00:00,2647.0,30-40
929010,Swag and Sorcery,12.99,1557418475.0,1,False,1763,1487,3250,Mixed,0.5424615384615384,2019-05-09 16:14:35,2652.0,10-20
990050,Death end re;Quest,31.98,1558029764.0,1,False,1082,331,1413,Mostly Positive,0.7657466383581033,2019-05-16 18:02:44,2644.0,30-40
921570,OCTOPATH TRAVELER™,59.99,1559923200.0,20,False,14499,2438,16937,Very Positive,0.8560547912853516,2019-06-07 16:00:00,2623.0,50+
954650,Druidstone: The Secret of the Menhir Forest,24.99,1557936679.0,1,False,1154,240,1394,Very Positive,0.8278335724533716,2019-05-15 16:11:19,2646.0,20-30
785260,Team Sonic Racing™,39.99,1558447299.0,1,False,2562,953,3515,Mostly Positive,0.7288762446657183,2019-05-21 14:01:39,2640.0,30-40
692850,Bloodstained: Ritual of the Night,39.99,1560862800.0,13,False,38658,2844,41502,Very Positive,0.9314731820153246,2019-06-18 13:00:00,2612.0,30-40
1045620,Atelier Lulua ~The Scion of Arland~,59.99,1558378560.0,1,False,551,65,616,Very Positive,0.8944805194805194,2019-05-20 18:56:00,2640.0,50+
934780,American Fugitive,19.99,1558443650.0,1,False,2442,814,3256,Mostly Positive,0.75,2019-05-21 13:00:50,2640.0,10-20
937170,Otaku's Adventure,6.99,1558371540.0,1,False,8603,467,9070,Very Positive,0.9485115766262403,2019-05-20 16:59:00,2641.0,5-10
505230,Pathologic 2,34.99,1558630800.0,2,False,11116,1009,12125,Very Positive,0.9167835051546391,2019-05-23 17:00:00,2638.0,30-40
857980,Void Bastards,29.99,1559102381.0,2,False,4663,769,5432,Very Positive,0.8584315169366715,2019-05-29 03:59:41,2632.0,20-30
732690,FIVE NIGHTS AT FREDDY'S: HELP WANTED,29.99,1559026858.0,1,False,12541,560,13101,Overwhelmingly Positive,0.9572551713609648,2019-05-28 07:00:58,2633.0,20-30
817540,SpellForce 3 Soul Harvest,19.99,1559063304.0,2,False,1970,354,2324,Very Positive,0.8476764199655766,2019-05-28 17:08:24,2633.0,10-20
809720,Rescue HQ - The Tycoon,19.99,1559052031.0,1,False,737,194,931,Mostly Positive,0.7916219119226638,2019-05-28 14:00:31,2633.0,10-20
994730,Banner of the Maid,16.99,1559023291.0,1,False,7189,1127,8316,Very Positive,0.8644781144781145,2019-05-28 06:01:31,2633.0,10-20
989690,Conan Unconquered,19.99,1559145600.0,1,False,1261,600,1861,Mixed,0.6775926921010209,2019-05-29 16:00:00,2632.0,10-20
1029890,Layers of Fear 2 (2019),19.99,1559077200.0,1,False,1805,709,2514,Mostly Positive,0.7179793158313444,2019-05-28 21:00:00,2632.0,10-20
804010,SteamWorld Quest: Hand of Gilgamech,24.99,1559296897.0,1,False,1990,298,2288,Very Positive,0.8697552447552448,2019-05-31 10:01:37,2630.0,20-30
727130,Between the Stars,29.99,1709835323.0,1,False,1847,643,2490,Mostly Positive,0.7417670682730924,2024-03-07 18:15:23,887.0,20-30
1091500,Cyberpunk 2077,59.99,1607558400.0,297,False,840656,128279,968935,Very Positive,0.8676082502954274,2020-12-10 00:00:00,2071.0,50+
686810,Hell Let Loose,49.99,1627401600.0,55,False,121901,27178,149079,Very Positive,0.8176939743357549,2021-07-27 16:00:00,1842.0,40-50
641320,Cooking Simulator,19.99,1559833200.0,4,False,16642,3005,19647,Very Positive,0.8470504402707792,2019-06-06 15:00:00,2624.0,10-20
1085660,Destiny 2,69.6,1569949200.0,342,True,518813,141937,660750,Mostly Positive,0.7851880438895195,2019-10-01 17:00:00,2507.0,50+
1051200,Trover Saves the Universe,29.99,1559653200.0,2,False,2924,301,3225,Very Positive,0.9066666666666666,2019-06-04 13:00:00,2626.0,20-30
602960,Barotrauma,34.99,1678725605.0,5,False,83559,5313,88872,Very Positive,0.9402173913043478,2023-03-13 16:40:05,1248.0,30-40
782330,DOOM Eternal,29.99,1584676800.0,70,False,197820,18657,216477,Very Positive,0.9138153244917474,2020-03-20 04:00:00,2336.0,20-30
703080,Planet Zoo,44.99,1572954900.0,145,False,88397,8751,97148,Very Positive,0.9099209453617162,2019-11-05 11:55:00,2472.0,40-50
314650,SpaceEngine,29.99,1560240205.0,1,False,15615,626,16241,Overwhelmingly Positive,0.9614555753956037,2019-06-11 08:03:25,2619.0,20-30
1073440,コイカツ！ / Koikatsu Party,59.99,1560160920.0,4,False,5225,507,5732,Very Positive,0.9115491974877878,2019-06-10 10:02:00,2620.0,50+
1011940,Ideology in Friction,24.99,1560484886.0,1,False,1511,232,1743,Very Positive,0.8668961560527826,2019-06-14 04:01:26,2616.0,20-30
557340,My Friend Pedro,19.99,1561046400.0,5,False,27152,1271,28423,Overwhelmingly Positive,0.9552826935932167,2019-06-20 16:00:00,2610.0,10-20
774171,Muse Dash,2.99,1560996120.0,18,False,111490,10358,121848,Very Positive,0.9149924496093493,2019-06-20 02:02:00,2610.0,<5
673130,AMID EVIL,19.98,1561053540.0,1,False,7153,540,7693,Very Positive,0.9298063174314312,2019-06-20 17:59:00,2609.0,10-20
1016960,Super Neptunia RPG,32.78,1561051051.0,1,False,832,234,1066,Mostly Positive,0.7804878048780488,2019-06-20 17:17:31,2610.0,30-40
1007040,EARTH DEFENSE FORCE 5,59.99,1562828575.0,10,False,10828,667,11495,Very Positive,0.9419747716398434,2019-07-11 07:02:55,2589.0,50+
917150,Godhood,26.99,1597164981.0,1,False,775,313,1088,Mostly Positive,0.7123161764705882,2020-08-11 16:56:21,2192.0,20-30
1011390,Field of Glory: Empires,39.99,1562853450.0,1,False,712,156,868,Very Positive,0.8202764976958525,2019-07-11 13:57:30,2589.0,30-40
910490,Killsquad,29.99,1634810943.0,1,False,2450,1042,3492,Mostly Positive,0.7016036655211912,2021-10-21 10:09:03,1756.0,20-30
780290,Gloomhaven,34.99,1634735327.0,6,False,13157,2894,16051,Very Positive,0.819699707183353,2021-10-20 13:08:47,1757.0,30-40
807120,Iratus: Lord of the Dead,29.99,1587663188.0,3,False,7044,1193,8237,Very Positive,0.855165715673182,2020-04-23 17:33:08,2302.0,20-30
679900,Swords & Souls: Neverseen,14.99,1563814400.0,1,False,5986,438,6424,Very Positive,0.9318181818181818,2019-07-22 16:53:20,2578.0,10-20
1047440,DATE A LIVE: Rio Reincarnation,39.98,1563904872.0,1,False,3569,193,3762,Very Positive,0.9486975013290803,2019-07-23 18:01:12,2576.0,30-40
984800,Automachef,14.99,1563904803.0,1,False,660,259,919,Mostly Positive,0.7181719260065288,2019-07-23 18:00:03,2576.0,10-20
939600,LOVE³ -Love Cube-,9.99,1564066824.0,1,False,2306,137,2443,Very Positive,0.9439214081047892,2019-07-25 15:00:24,2575.0,5-10
718850,Age of Wonders: Planetfall,29.99,1565107140.0,10,False,5300,1336,6636,Mostly Positive,0.7986738999397227,2019-08-06 15:59:00,2563.0,20-30
1042800,"Warhammer 40,000: Inquisitor - Prophecy",24.99,1564506147.0,1,False,2461,621,3082,Mostly Positive,0.7985074626865671,2019-07-30 17:02:27,2570.0,20-30
1067850,Kindergarten 2,14.99,1564459238.0,1,False,5654,114,5768,Overwhelmingly Positive,0.9802357836338419,2019-07-30 04:00:38,2570.0,10-20
1097580,CUSTOM ORDER MAID 3D2 It's a Night Magic,40.0,1564534853.0,1,False,1278,266,1544,Very Positive,0.8277202072538861,2019-07-31 01:00:53,2569.0,30-40
809140,Cliff Empire,17.99,1565118286.0,2,False,3815,552,4367,Very Positive,0.8735974353102817,2019-08-06 19:04:46,2562.0,10-20
617290,Remnant: From the Ashes,39.99,1566273600.0,34,False,48149,8984,57133,Very Positive,0.8427528748709152,2019-08-20 04:00:00,2549.0,30-40
555950,Danganronpa Another Episode: Ultra Despair Girls,29.99,1498582904.0,1,False,6212,1408,7620,Very Positive,0.8152230971128609,2017-06-27 17:01:44,3333.0,20-30
820630,Metal Wolf Chaos XD,24.99,1565106600.0,1,False,765,146,911,Very Positive,0.8397365532381997,2019-08-06 15:50:00,2563.0,20-30
774861,Project Winter,9.99,1558630920.0,5,False,15721,3353,19074,Very Positive,0.8242109678095837,2019-05-23 17:02:00,2638.0,5-10
861540,Dicey Dungeons,14.99,1565713230.0,3,False,10477,1270,11747,Very Positive,0.8918872903720099,2019-08-13 16:20:30,2556.0,10-20
562860,Ion Fury,24.99,1565874402.0,1,False,6267,488,6755,Very Positive,0.9277572168763879,2019-08-15 13:06:42,2554.0,20-30
812040,Shortest Trip to Earth,25.99,1565883976.0,1,False,1104,332,1436,Mostly Positive,0.7688022284122563,2019-08-15 15:46:16,2554.0,20-30
1017900,Age of Empires: Definitive Edition,19.99,1566226930.0,8,False,13119,2447,15566,Very Positive,0.8427984067840164,2019-08-19 15:02:10,2550.0,10-20
813780,Age of Empires II: Definitive Edition,34.99,1573747200.0,124,False,172098,9199,181297,Very Positive,0.9492600539446323,2019-11-14 16:00:00,2463.0,30-40
1097840,Gears 5,29.99,1568077200.0,10,False,17447,7250,24697,Mostly Positive,0.7064420779851804,2019-09-10 01:00:00,2528.0,20-30
1026680,FINAL FANTASY VIII - REMASTERED,19.99,1567526496.0,3,False,4203,1358,5561,Mostly Positive,0.7557993166696637,2019-09-03 16:01:36,2535.0,10-20
656350,UnderMine,19.99,1596722393.0,1,False,8883,955,9838,Very Positive,0.9029274242732263,2020-08-06 13:59:53,2197.0,10-20
762830,Telling Lies,19.99,1566574274.0,1,False,829,486,1315,Mixed,0.6304182509505704,2019-08-23 15:31:14,2546.0,10-20
722560,RAD,19.99,1566252092.0,1,False,713,251,964,Mostly Positive,0.7396265560165975,2019-08-19 22:01:32,2549.0,10-20
987720,ONINAKI,49.99,1566489767.0,1,False,285,143,428,Mixed,0.6658878504672897,2019-08-22 16:02:47,2547.0,40-50
606880,GreedFall,34.99,1568066400.0,22,False,16690,5253,21943,Mostly Positive,0.7606070272979993,2019-09-09 22:00:00,2528.0,30-40
939850,The Dark Pictures Anthology: Man of Medan,19.99,1567115580.0,2,False,10647,3200,13847,Mostly Positive,0.7689030114826316,2019-08-29 21:53:00,2539.0,10-20
1092660,Blair Witch,29.99,1567176924.0,1,False,6387,1690,8077,Mostly Positive,0.7907638974866906,2019-08-30 14:55:24,2539.0,20-30
996580,Spyro™ Reignited Trilogy,39.99,1567530000.0,12,False,20805,1430,22235,Very Positive,0.9356869799865077,2019-09-03 17:00:00,2535.0,30-40
823950,Re:Legend,24.99,1662417769.0,1,False,1111,914,2025,Mixed,0.548641975308642,2022-09-05 22:42:49,1436.0,20-30
814370,Monster Sanctuary,19.99,1607443202.0,1,False,11503,1104,12607,Very Positive,0.9124296026017292,2020-12-08 16:00:02,2073.0,10-20
981750,CRYSTAR,19.99,1566952080.0,1,False,1096,339,1435,Mostly Positive,0.7637630662020906,2019-08-28 00:28:00,2541.0,10-20
330020,Children of Morta,21.99,1567522800.0,8,False,20379,2673,23052,Very Positive,0.8840447683498178,2019-09-03 15:00:00,2535.0,20-30
678960,CODE VEIN,59.99,1569535200.0,40,False,51737,10543,62280,Very Positive,0.8307161207450224,2019-09-26 22:00:00,2511.0,50+
1049320,River City Girls,29.99,1567695745.0,1,False,3181,605,3786,Very Positive,0.8402007395668252,2019-09-05 15:02:25,2533.0,20-30
1025440,Fantasy General II,39.99,1567693256.0,1,False,1587,382,1969,Very Positive,0.8059928897917725,2019-09-05 14:20:56,2533.0,30-40
774361,Blasphemous,34.99,1568113042.0,4,False,59616,6752,66368,Very Positive,0.8982642237222758,2019-09-10 10:57:22,2528.0,30-40
1016920,Unrailed!,19.99,1600880411.0,2,False,18345,1345,19690,Very Positive,0.9316912138141188,2020-09-23 17:00:11,2149.0,10-20
948740,AI: The Somnium Files,19.99,1568767560.0,1,False,8560,792,9352,Very Positive,0.9153122326775022,2019-09-18 00:46:00,2520.0,10-20
861650,Session: Skate Sim,39.99,1663863704.0,1,False,13143,2669,15812,Very Positive,0.8312041487477865,2022-09-22 16:21:44,1420.0,30-40
644830,The Surge 2,29.99,1569276000.0,7,False,7183,2341,9524,Mostly Positive,0.75419991600168,2019-09-23 22:00:00,2514.0,20-30
873940,Crying Suns,24.99,1568865573.0,1,False,3896,643,4539,Very Positive,0.8583388411544393,2019-09-19 03:59:33,2519.0,20-30
798460,Ni no Kuni Wrath of the White Witch™ Remastered,49.99,1568930400.0,3,False,4275,847,5122,Very Positive,0.8346349082389691,2019-09-19 22:00:00,2518.0,40-50
382560,Hot Lava,19.99,1568912400.0,1,False,5723,426,6149,Very Positive,0.9307204423483493,2019-09-19 17:00:00,2519.0,10-20
539470,Police Stories,19.99,1568916024.0,1,False,8193,1476,9669,Very Positive,0.8473471920570896,2019-09-19 18:00:24,2518.0,10-20
714120,Little Misfortune,19.99,1568818800.0,1,False,12971,1078,14049,Very Positive,0.9232685600398605,2019-09-18 15:00:00,2520.0,10-20
842100,Daymare: 1998,27.98,1568703648.0,1,False,2928,1331,4259,Mixed,0.6874853251937074,2019-09-17 07:00:48,2521.0,20-30
1128000,Cube World,19.99,1569859149.0,3,False,6829,11893,18722,Mostly Negative,0.36475803867108214,2019-09-30 15:59:09,2508.0,10-20
881100,Noita,19.99,1602781382.0,20,False,84006,4280,88286,Overwhelmingly Positive,0.9515211924880502,2020-10-15 17:03:02,2127.0,10-20
821250,Flotsam,24.99,1764864409.0,1,False,3678,867,4545,Very Positive,0.8092409240924092,2025-12-04 16:06:49,251.0,20-30
779290,Stygian: Reign of the Old Ones,19.99,1569517178.0,1,False,1673,846,2519,Mixed,0.6641524414450178,2019-09-26 16:59:38,2512.0,10-20
914710,Cat Quest II,14.99,1569316022.0,1,False,6840,342,7182,Overwhelmingly Positive,0.9523809523809523,2019-09-24 09:07:02,2514.0,10-20
421170,Indivisible,19.99,1570546800.0,2,False,2649,1078,3727,Mostly Positive,0.7107593238529648,2019-10-08 15:00:00,2500.0,10-20
1042780,Pine,24.99,1570712453.0,1,False,1363,480,1843,Mostly Positive,0.7395550732501357,2019-10-10 13:00:53,2498.0,20-30
865360,We Were Here Together,12.99,1570715695.0,1,False,14434,3190,17624,Very Positive,0.8189968225147526,2019-10-10 13:54:55,2498.0,10-20
690640,Trine 4: The Nightmare Prince,29.99,1570539480.0,1,False,12657,1619,14276,Very Positive,0.8865928831605492,2019-10-08 12:58:00,2500.0,20-30
965230,DORAEMON  STORY OF SEASONS,49.99,1570744860.0,1,False,1791,410,2201,Very Positive,0.813721035892776,2019-10-10 22:01:00,2497.0,40-50
1062040,Dragon Star Varnir,39.99,1570553215.0,1,False,481,126,607,Mostly Positive,0.7924217462932455,2019-10-08 16:46:55,2500.0,30-40
707030,POSTAL 4: No Regerts,19.99,1650481200.0,2,False,8772,4597,13369,Mixed,0.6561448126262248,2022-04-20 19:00:00,1574.0,10-20
871530,Radio Commander: Vietnam '64,19.99,1570719744.0,1,False,1477,578,2055,Mostly Positive,0.7187347931873479,2019-10-10 15:02:24,2498.0,10-20
1122050,Gensokyo Night Festival,12.99,1571036205.0,2,False,3337,1428,4765,Mostly Positive,0.700314795383001,2019-10-14 06:56:45,2494.0,10-20
428660,Deliver Us The Moon,24.99,1570715985.0,1,False,8388,1118,9506,Very Positive,0.8823900694298338,2019-10-10 13:59:45,2498.0,20-30
992300,嗜血印 Bloody Spell,24.99,1643213408.0,11,False,34618,4079,38697,Very Positive,0.8945913119880095,2022-01-26 16:10:08,1659.0,20-30
632470,Disco Elysium - The Final Cut,39.99,1571155260.0,62,False,120054,9615,129669,Very Positive,0.9258496633736668,2019-10-15 16:01:00,2493.0,30-40
1042550,Digimon Story Cyber Sleuth: Complete Edition,49.99,1571349660.0,2,False,11776,1340,13116,Very Positive,0.8978347057029582,2019-10-17 22:01:00,2490.0,40-50
979120,Autonauts,19.99,1571324455.0,2,False,4433,516,4949,Very Positive,0.8957365124267529,2019-10-17 15:00:55,2491.0,10-20
1016800,Chernobylite Complete Edition,29.99,1627466160.0,3,False,12729,2787,15516,Very Positive,0.8203789636504254,2021-07-28 09:56:00,1841.0,20-30
1005300,The Jackbox Party Pack 6,29.99,1571284500.0,10,False,2934,157,3091,Very Positive,0.9492073762536396,2019-10-17 03:55:00,2491.0,20-30
1088790,Rebel Inc: Escalation,14.99,1634141327.0,2,False,6135,1349,7484,Very Positive,0.819748797434527,2021-10-13 16:08:47,1764.0,10-20
574720,Little Big Workshop,19.99,1571331592.0,1,False,2833,556,3389,Very Positive,0.8359398052522868,2019-10-17 16:59:52,2491.0,10-20
1039890,EARTH DEFENSE FORCE: IRON RAIN,59.99,1571122902.0,1,False,900,625,1525,Mixed,0.5901639344262295,2019-10-15 07:01:42,2493.0,50+
792300,The Beast Inside,24.99,1571328060.0,1,False,9978,2117,12095,Very Positive,0.8249689954526664,2019-10-17 16:01:00,2491.0,20-30
1162520,Richman10,13.99,1571932363.0,5,False,7591,7088,14679,Mixed,0.517133319708427,2019-10-24 15:52:43,2484.0,10-20
859570,Secret Neighbor: Hello Neighbor Multiplayer,19.99,1571936056.0,1,False,16555,2766,19321,Very Positive,0.8568397080896434,2019-10-24 16:54:16,2484.0,10-20
867290,Crossroads Inn Anniversary Edition,14.99,1571853426.0,2,False,2232,1838,4070,Mixed,0.5484029484029485,2019-10-23 17:57:06,2484.0,10-20
1012840,Moons of Madness,31.48,1571741820.0,1,False,2270,659,2929,Mostly Positive,0.7750085353362922,2019-10-22 10:57:00,2486.0,30-40
728530,SD GUNDAM G GENERATION CROSS RAYS,39.99,1574894640.0,8,False,6717,1455,8172,Very Positive,0.8219530102790015,2019-11-27 22:44:00,2449.0,30-40
1172380,STAR WARS Jedi: Fallen Order™,39.99,1573794000.0,63,False,154431,20191,174622,Very Positive,0.8843731030454353,2019-11-15 05:00:00,2462.0,30-40
1148650,The Legend of Bum-Bo,14.99,1573581600.0,2,False,4780,1147,5927,Very Positive,0.8064788257128396,2019-11-12 18:00:00,2464.0,10-20
1079800,Pistol Whip,29.99,1573149532.0,1,False,3875,237,4112,Very Positive,0.942363813229572,2019-11-07 17:58:52,2469.0,20-30
1108370,Ratropolis,17.99,1608627362.0,1,False,4851,655,5506,Very Positive,0.8810388666908827,2020-12-22 08:56:02,2059.0,10-20
976730,Halo: The Master Chief Collection,39.99,1575396000.0,134,False,240482,20901,261383,Very Positive,0.9200368807458786,2019-12-03 18:00:00,2443.0,30-40
954740,Terminator: Resistance,39.99,1573752761.0,6,False,16890,1535,18425,Very Positive,0.9166892808683853,2019-11-14 17:32:41,2463.0,30-40
809230,Unity of Command II,29.99,1573581584.0,1,False,1744,448,2192,Mostly Positive,0.7956204379562044,2019-11-12 17:59:44,2464.0,20-30
1076160,Command: Modern Operations,79.99,1573738634.0,1,False,1387,243,1630,Very Positive,0.850920245398773,2019-11-14 13:37:14,2463.0,50+
952540,Romancing SaGa 3™,28.99,1573490196.0,1,False,422,110,532,Mostly Positive,0.793233082706767,2019-11-11 16:36:36,2466.0,20-30
1112790,Automation Empire,29.99,1574272846.0,1,False,1739,902,2641,Mixed,0.6584627035213935,2019-11-20 18:00:46,2456.0,20-30
1066780,Transport Fever 2,39.99,1576054800.0,13,False,29197,3133,32330,Very Positive,0.9030931023816888,2019-12-11 09:00:00,2436.0,30-40
973580,Sniper Ghost Warrior Contracts,29.99,1574445600.0,3,False,9587,3602,13189,Mostly Positive,0.7268936234741072,2019-11-22 18:00:00,2454.0,20-30
546560,Half-Life: Alyx,59.99,1584982200.0,68,False,103078,1822,104900,Overwhelmingly Positive,0.9826310772163965,2020-03-23 16:50:00,2333.0,50+
563840,LOST EMBER,29.99,1574434936.0,1,False,4559,620,5179,Very Positive,0.8802857694535625,2019-11-22 15:02:16,2455.0,20-30
1174180,Red Dead Redemption 2,59.99,1575565200.0,298,False,837271,68477,905748,Very Positive,0.9243972937284984,2019-12-05 17:00:00,2442.0,50+
710920,Darksiders Genesis,29.99,1575568800.0,3,False,11153,2487,13640,Very Positive,0.8176686217008797,2019-12-05 18:00:00,2441.0,20-30
493520,GTFO,39.99,1639107094.0,40,False,55840,10692,66532,Very Positive,0.839295376660855,2021-12-10 03:31:34,1706.0,30-40
649950,Ashen,39.99,1575907304.0,2,False,2568,1271,3839,Mixed,0.6689241990101589,2019-12-09 16:01:44,2438.0,30-40
823500,BONEWORKS,29.99,1576000739.0,8,False,33622,2804,36426,Very Positive,0.9230220172404326,2019-12-10 17:58:59,2436.0,20-30
1145360,Hades,24.99,1600353507.0,82,False,301240,6100,307340,Overwhelmingly Positive,0.9801522743541354,2020-09-17 14:38:27,2155.0,20-30
1072420,DRAGON QUEST BUILDERS™ 2,49.99,1575997860.0,2,False,7433,614,8047,Very Positive,0.9236982726481918,2019-12-10 17:11:00,2437.0,40-50
960170,DJMAX RESPECT V,49.99,1583974628.0,30,False,30806,3935,34741,Very Positive,0.8867332546558822,2020-03-12 00:57:08,2344.0,40-50
952060,Resident Evil 3,39.99,1585886220.0,39,False,103966,20694,124660,Very Positive,0.8339964703994867,2020-04-03 03:57:00,2322.0,30-40
555160,Pavlov,24.99,1733347222.0,4,False,35933,4579,40512,Very Positive,0.8869717614533965,2024-12-04 21:20:22,615.0,20-30
1094520,Sands of Salzaar,14.99,1639623672.0,5,False,18782,4214,22996,Very Positive,0.8167507392590015,2021-12-16 03:01:12,1700.0,10-20
851850,DRAGON BALL Z: KAKAROT,19.99,1579215600.0,31,False,54150,3973,58123,Very Positive,0.9316449598265747,2020-01-16 23:00:00,2399.0,10-20
872410,ROMANCE OF THE THREE KINGDOMS XIV,59.99,1579136400.0,15,False,10029,5867,15896,Mixed,0.6309134373427278,2020-01-16 01:00:00,2400.0,50+
960090,Bloons TD 6,13.99,1545094491.0,58,False,381543,11036,392579,Overwhelmingly Positive,0.9718884606665156,2018-12-18 00:54:51,2794.0,10-20
1178490,港詭實錄ParanormalHK,12.99,1578311666.0,1,False,18235,2165,20400,Very Positive,0.8938725490196079,2020-01-06 11:54:26,2410.0,10-20
1106530,GemCraft - Frostborn Wrath,12.99,1578668918.0,1,False,2535,327,2862,Very Positive,0.8857442348008385,2020-01-10 15:08:38,2406.0,10-20
745920,Temtem,44.99,1662480335.0,9,False,31984,7322,39306,Very Positive,0.8137180074288912,2022-09-06 16:05:35,1436.0,40-50
916840,The Walking Dead: Saints & Sinners,19.99,1579802400.0,4,False,8611,1452,10063,Very Positive,0.8557090330915234,2020-01-23 18:00:00,2392.0,10-20
528230,SYNTHETIK: Legion Rising,19.99,1521162953.0,3,False,12282,802,13084,Very Positive,0.9387037603179456,2018-03-16 01:15:53,3071.0,10-20
895620,Spellcaster University,24.99,1623776505.0,2,False,3550,740,4290,Very Positive,0.8275058275058275,2021-06-15 17:01:45,1884.0,20-30
625960,Stoneshard,24.99,1581012490.0,4,False,26332,8953,35285,Mostly Positive,0.746266118747343,2020-02-06 18:08:10,2378.0,20-30
1150080,Azur Lane Crosswave,39.99,1581620400.0,2,False,5124,2300,7424,Mixed,0.6901939655172413,2020-02-13 19:00:00,2371.0,30-40
1167450,DAEMON X MACHINA,49.99,1581613200.0,5,False,5770,1065,6835,Very Positive,0.8441843452816387,2020-02-13 17:00:00,2372.0,40-50
1144400,Senren＊Banka,34.99,1581670877.0,1,False,36123,554,36677,Overwhelmingly Positive,0.9848951659077896,2020-02-14 09:01:17,2371.0,30-40
407130,Tank Mechanic Simulator,19.99,1582214449.0,1,False,8150,1144,9294,Very Positive,0.8769098343017,2020-02-20 16:00:49,2365.0,10-20
1147560,Skul: The Hero Slayer,19.99,1611185717.0,8,False,53592,3876,57468,Very Positive,0.9325537690540823,2021-01-20 23:35:17,2029.0,10-20
1101190,Dungeon Defenders: Awakened,14.99,1590680550.0,2,False,3181,1644,4825,Mixed,0.6592746113989637,2020-05-28 15:42:30,2267.0,10-20
913740,WORLD OF HORROR,19.99,1697734800.0,3,False,8798,1015,9813,Very Positive,0.8965657800876389,2023-10-19 17:00:00,1028.0,10-20
1227780,Taur,24.99,1582185509.0,1,False,1682,421,2103,Mostly Positive,0.7998097955301949,2020-02-20 07:58:29,2365.0,20-30
1062340,KATANA KAMI: A Way of the Samurai Story,29.99,1582159380.0,1,False,248,163,411,Mixed,0.6034063260340633,2020-02-20 00:43:00,2365.0,20-30
1057090,Ori and the Will of the Wisps,29.99,1583899200.0,29,False,140704,5096,145800,Overwhelmingly Positive,0.9650480109739369,2020-03-11 04:00:00,2345.0,20-30
817840,Max Gentlemen Sexy Business!,19.99,1582640516.0,1,False,1552,121,1673,Very Positive,0.9276748356246264,2020-02-25 14:21:56,2360.0,10-20
1115690,"Yes, Your Grace",19.99,1583509434.0,2,False,12292,1824,14116,Very Positive,0.8707849249079059,2020-03-06 15:43:54,2350.0,10-20
1123770,Curse of the Dead Gods,19.99,1614099488.0,3,False,7669,1518,9187,Very Positive,0.8347665179057364,2021-02-23 16:58:08,1996.0,10-20
824270,KovaaK's,9.99,1522748940.0,1,False,38364,2902,41266,Very Positive,0.9296757621286289,2018-04-03 09:49:00,3053.0,5-10
397540,Borderlands 3,59.99,1584108000.0,121,False,132492,31063,163555,Very Positive,0.8100761211824768,2020-03-13 14:00:00,2343.0,50+
1090630,Granblue Fantasy: Versus,19.99,1584117160.0,5,False,7073,1455,8528,Very Positive,0.8293855534709194,2020-03-13 16:32:40,2343.0,10-20
495420,State of Decay 2: Juggernaut Edition,29.99,1584118500.0,14,False,57553,11980,69533,Very Positive,0.8277077071318655,2020-03-13 16:55:00,2343.0,20-30
1213210,Command & Conquer™ Remastered Collection,19.99,1591376400.0,11,False,31629,3256,34885,Very Positive,0.9066647556256271,2020-06-05 17:00:00,2259.0,10-20
1060220,Langrisser I & II,49.99,1583859644.0,1,False,694,256,950,Mostly Positive,0.7305263157894737,2020-03-10 17:00:44,2346.0,40-50
1072040,Panzer Corps 2,39.99,1584636972.0,1,False,3538,639,4177,Very Positive,0.847019391908068,2020-03-19 16:56:12,2337.0,30-40
991270,The Legend of Heroes: Trails of Cold Steel III,59.99,1584982800.0,2,False,2952,288,3240,Very Positive,0.9111111111111111,2020-03-23 17:00:00,2333.0,50+
1250650,AI＊Shoujo/AI＊少女,69.99,1584406850.0,2,False,1680,548,2228,Mostly Positive,0.7540394973070018,2020-03-17 01:00:50,2339.0,50+
978520,Legend of Keepers: Career of a Dungeon Manager,19.99,1619714393.0,2,False,4288,1173,5461,Mostly Positive,0.7852041750595129,2021-04-29 16:39:53,1931.0,10-20
261550,Mount & Blade II: Bannerlord,49.99,1666681380.0,72,False,258724,36477,295201,Very Positive,0.8764333454154966,2022-10-25 07:03:00,1387.0,40-50
903950,Last Oasis,29.99,1585238161.0,5,False,15018,9200,24218,Mixed,0.6201172681476588,2020-03-26 15:56:01,2330.0,20-30
1089090,ONE PIECE: PIRATE WARRIORS 4,39.99,1694707140.0,10,False,20046,1810,21856,Very Positive,0.9171852122986823,2023-09-14 15:59:00,1063.0,30-40
960690,One Step From Eden,19.99,1585238417.0,1,False,7134,513,7647,Very Positive,0.9329148685759121,2020-03-26 16:00:17,2330.0,10-20
1150640,Yu-Gi-Oh! Legacy of the Duelist : Link Evolution,39.99,1585076460.0,1,False,4024,841,4865,Very Positive,0.8271325796505653,2020-03-24 19:01:00,2331.0,30-40
933820,Endzone - A World Apart,24.99,1616085216.0,2,False,7648,2319,9967,Mostly Positive,0.7673321962476172,2021-03-18 16:33:36,1973.0,20-30
1066890,Automobilista 2,39.99,1593558720.0,1,False,14496,1314,15810,Very Positive,0.916888045540797,2020-06-30 23:12:00,2233.0,30-40
1151340,Fallout 76,39.99,1586883600.0,270,False,100700,39340,140040,Mostly Positive,0.7190802627820623,2020-04-14 17:00:00,2311.0,30-40
895400,Deadside,24.99,1733420199.0,5,False,30548,9910,40458,Mostly Positive,0.7550546245489149,2024-12-05 17:36:39,615.0,20-30
882100,XCOM®: Chimera Squad,9.99,1587700800.0,3,False,16653,6737,23390,Mostly Positive,0.7119709277469004,2020-04-24 04:00:00,2301.0,5-10
682990,Drug Dealer Simulator,19.99,1587049224.0,2,False,18097,2896,20993,Very Positive,0.8620492545134092,2020-04-16 15:00:24,2309.0,10-20
397460,The Jackbox Party Pack 2,24.99,1444755281.0,1,False,2070,105,2175,Overwhelmingly Positive,0.9517241379310345,2015-10-13 16:54:41,3956.0,20-30
969990,SpongeBob SquarePants: Battle for Bikini Bottom - Rehydrated,29.99,1592931348.0,4,False,17033,1098,18131,Very Positive,0.9394407368595223,2020-06-23 16:55:48,2241.0,20-30
924980,Trials of Mana,49.99,1587743880.0,5,False,5242,500,5742,Very Positive,0.9129223267154302,2020-04-24 15:58:00,2301.0,40-50
1184050,Gears Tactics,29.99,1588086000.0,4,False,5733,1926,7659,Mostly Positive,0.7485311398354877,2020-04-28 15:00:00,2297.0,20-30
746850,Cloudpunk,19.99,1587657647.0,2,False,13441,1924,15365,Very Positive,0.8747803449397983,2020-04-23 16:00:47,2302.0,10-20
793460,112 Operator,24.99,1587646895.0,1,False,6492,823,7315,Very Positive,0.8874914559125086,2020-04-23 13:01:35,2302.0,20-30
1149440,Dragon Marked For Death,39.99,1587455520.0,1,False,843,258,1101,Mostly Positive,0.7656675749318801,2020-04-21 07:52:00,2304.0,30-40
985890,Streets of Rage 4,24.99,1588258800.0,3,False,18121,1477,19598,Very Positive,0.9246351668537606,2020-04-30 15:00:00,2295.0,20-30
1189630,Path Of Wuxia,34.99,1668483190.0,2,False,23790,6598,30388,Mostly Positive,0.782874819007503,2022-11-15 03:33:10,1366.0,30-40
1106840,Hydroneer,14.99,1588941463.0,2,False,24273,4061,28334,Very Positive,0.8566739606126915,2020-05-08 12:37:43,2287.0,10-20
1158310,Crusader Kings III,49.99,1598976000.0,171,False,128724,13604,142328,Very Positive,0.9044179641391715,2020-09-01 16:00:00,2171.0,40-50
1256670,Library Of Ruina,29.99,1628622211.0,1,False,41856,2448,44304,Very Positive,0.9447453954496208,2021-08-10 19:03:31,1827.0,20-30
988910,Super Mega Baseball 3,44.99,1589383975.0,1,False,1911,183,2094,Very Positive,0.9126074498567335,2020-05-13 15:32:55,2282.0,40-50
1102190,Monster Train,24.99,1590080426.0,6,False,21962,946,22908,Overwhelmingly Positive,0.9587043827483849,2020-05-21 17:00:26,2274.0,20-30
979110,Space Haven,24.99,1778684451.0,5,False,9470,1574,11044,Very Positive,0.857479174212242,2026-05-13 15:00:51,91.0,20-30
674500,Total Tank Simulator,19.99,1589986958.0,1,False,6923,1816,8739,Mostly Positive,0.7921959034214441,2020-05-20 15:02:38,2275.0,10-20
906100,Observation,24.99,1590078309.0,1,False,4048,1127,5175,Mostly Positive,0.7822222222222223,2020-05-21 16:25:09,2274.0,20-30
1030840,Mafia: Definitive Edition,39.99,1600988400.0,35,False,95124,14384,109508,Very Positive,0.868648865836286,2020-09-24 23:00:00,2147.0,30-40
257420,Serious Sam 4,39.99,1600952400.0,5,False,14688,2946,17634,Very Positive,0.8329363729159578,2020-09-24 13:00:00,2148.0,30-40
1217060,Gunfire Reborn,19.99,1637202540.0,28,False,96397,7137,103534,Very Positive,0.9310661232059034,2021-11-18 02:29:00,1728.0,10-20
1062160,Poly Bridge 2,14.99,1590683127.0,2,False,7817,409,8226,Overwhelmingly Positive,0.950279601264284,2020-05-28 16:25:27,2267.0,10-20
1191630,Shantae and the Seven Sirens,29.99,1590674892.0,1,False,1812,208,2020,Very Positive,0.897029702970297,2020-05-28 14:08:12,2267.0,20-30
1172620,Sea of Thieves: 2026 Edition,39.99,1591178700.0,239,False,329719,42225,371944,Very Positive,0.8864748456756931,2020-06-03 10:05:00,2261.0,30-40
526870,Satisfactory,39.99,1725980394.0,126,False,269650,7600,277250,Overwhelmingly Positive,0.9725879170423806,2024-09-10 14:59:54,701.0,30-40
1222680,Need for Speed™ Heat,69.99,1591282832.0,31,False,127521,23980,151501,Very Positive,0.8417172163880107,2020-06-04 15:00:32,2260.0,50+
1233570,Mirror's Edge™ Catalyst,19.99,1591279200.0,2,False,13135,3342,16477,Mostly Positive,0.7971718152576318,2020-06-04 14:00:00,2260.0,10-20
1222690,Dragon Age™ Inquisition,39.99,1591282591.0,7,False,16125,5167,21292,Mostly Positive,0.7573266954724779,2020-06-04 14:56:31,2260.0,30-40
1262240,Plants vs. Zombies: Battle for Neighborville™,29.99,1591282658.0,2,False,13284,5475,18759,Mostly Positive,0.7081400927554774,2020-06-04 14:57:38,2260.0,20-30
1178400,Pro Cycling Manager 2020,19.99,1591257674.0,1,False,829,125,954,Very Positive,0.8689727463312369,2020-06-04 08:01:14,2260.0,10-20
1262540,Need for Speed™,29.99,1591282614.0,1,False,20035,8908,28943,Mixed,0.6922226445081713,2020-06-04 14:56:54,2260.0,20-30
1113000,Persona 4 Golden,19.99,1592070797.0,11,False,84084,2565,86649,Overwhelmingly Positive,0.9703978118616488,2020-06-13 17:53:17,2250.0,10-20
1030210,Torchlight III,39.99,1602597173.0,4,False,5335,6123,11458,Mixed,0.46561354512131264,2020-10-13 13:52:53,2129.0,30-40
1237950,STAR WARS™ Battlefront™ II,39.99,1591887749.0,27,False,87732,11619,99351,Very Positive,0.883051000996467,2020-06-11 15:02:29,2253.0,30-40
638230,Journey,14.99,1591890600.0,5,False,35966,2261,38227,Very Positive,0.9408533235671123,2020-06-11 15:50:00,2253.0,10-20
1238810,Battlefield™ V,49.99,1603378620.0,63,False,189985,78971,268956,Mostly Positive,0.7063794821457785,2020-10-22 14:57:00,2120.0,40-50
1238020,Mass Effect™ 3 N7 Digital Deluxe Edition (2012),29.99,1591887286.0,1,False,2127,659,2786,Mostly Positive,0.7634601579325198,2020-06-11 14:54:46,2253.0,20-30
1238840,Battlefield™ 1,39.99,1591887305.0,36,False,194917,30448,225365,Very Positive,0.8648947263328378,2020-06-11 14:55:05,2253.0,30-40
1238860,Battlefield 4™,39.99,1591887317.0,18,False,68993,12329,81322,Very Positive,0.8483928088340179,2020-06-11 14:55:17,2253.0,30-40
601840,Griftlands,19.99,1622567356.0,3,False,13520,923,14443,Very Positive,0.9360936093609361,2021-06-01 17:09:16,1898.0,10-20
610370,Desperados III,39.99,1592326800.0,6,False,15959,575,16534,Overwhelmingly Positive,0.9652231764848191,2020-06-16 17:00:00,2248.0,30-40
1238000,Mass Effect™: Andromeda Deluxe Edition,39.99,1591887420.0,3,False,13753,4888,18641,Mostly Positive,0.7377823078161043,2020-06-11 14:57:00,2253.0,30-40
1238820,Battlefield 3™,39.99,1591887344.0,1,False,13767,5343,19110,Mostly Positive,0.7204081632653061,2020-06-11 14:55:44,2253.0,30-40
1222140,Detroit: Become Human,39.99,1592475475.0,57,False,248426,9409,257835,Overwhelmingly Positive,0.9635076696336805,2020-06-18 10:17:55,2246.0,30-40
1237970,Titanfall® 2,29.99,1592506488.0,38,False,272048,12424,284472,Overwhelmingly Positive,0.9563261059084901,2020-06-18 18:54:48,2245.0,20-30
1161580,Hardspace: Shipbreaker,34.99,1653407520.0,6,False,19884,2378,22262,Very Positive,0.893181205641901,2022-05-24 15:52:00,1541.0,30-40
753640,Outer Wilds,24.99,1592495439.0,20,False,101559,4671,106230,Overwhelmingly Positive,0.956029370234397,2020-06-18 15:50:39,2246.0,20-30
1222670,The Sims™ 4,74.37,1592506560.0,305,True,171639,27028,198667,Very Positive,0.86395324840059,2020-06-18 18:56:00,2245.0,50+
960990,Beyond: Two Souls,19.99,1592487501.0,1,False,36682,5154,41836,Very Positive,0.8768046658380342,2020-06-18 13:38:21,2246.0,10-20
960910,Heavy Rain,19.99,1592484900.0,1,False,25754,4307,30061,Very Positive,0.8567246598582882,2020-06-18 12:55:00,2246.0,10-20
1238060,Dead Space™ 3,19.99,1592506399.0,2,False,10753,4085,14838,Mostly Positive,0.7246933548995822,2020-06-18 18:53:19,2245.0,10-20
1222730,STAR WARS™: Squadrons,39.99,1601611200.0,17,False,18244,9872,28116,Mixed,0.6488831981789728,2020-10-02 04:00:00,2140.0,30-40
991170,Barn Finders,22.48,1592233176.0,1,False,3628,799,4427,Very Positive,0.8195166026654619,2020-06-15 14:59:36,2249.0,20-30
1151640,Horizon Zero Dawn™ Complete Edition,49.99,1596812220.0,64,False,112714,15415,128129,Very Positive,0.879691560848832,2020-08-07 14:57:00,2196.0,40-50
1009290,SWORD ART ONLINE Alicization Lycoris,19.99,1594332300.0,2,False,4166,2661,6827,Mixed,0.6102241101508715,2020-07-09 22:05:00,2224.0,10-20
1264670,The Wind Road,29.99,1594310315.0,1,False,4697,2121,6818,Mixed,0.688911704312115,2020-07-09 15:58:35,2225.0,20-30
788100,Neon Abyss,31.49,1594738800.0,6,False,20272,3323,23595,Very Positive,0.8591650773468955,2020-07-14 15:00:00,2220.0,30-40
978780,STORY OF SEASONS: Friends of Mineral Town,39.99,1594746240.0,1,False,5346,382,5728,Very Positive,0.9333100558659218,2020-07-14 17:04:00,2220.0,30-40
953490,CARRION,19.99,1595512800.0,3,False,33070,1945,35015,Very Positive,0.9444523775524775,2020-07-23 14:00:00,2211.0,10-20
803330,Destroy All Humans!,29.99,1595955538.0,6,False,10595,880,11475,Very Positive,0.9233115468409586,2020-07-28 16:58:58,2206.0,20-30
1286830,STAR WARS™: The Old Republic™,29.98,1595343480.0,116,True,67129,7770,74899,Very Positive,0.8962602972002296,2020-07-21 14:58:00,2213.0,20-30
945360,Among Us,4.99,1542387646.0,40,False,683057,59426,742483,Very Positive,0.9199631506714632,2018-11-16 17:00:46,2826.0,<5
962130,Grounded,39.99,1664297911.0,71,False,85484,9794,95278,Very Positive,0.897206070656395,2022-09-27 16:58:31,1415.0,30-40
1250410,Microsoft Flight Simulator (2020) 40th Anniversary Edition,59.99,1597723200.0,197,False,57019,15482,72501,Mostly Positive,0.7864581178190646,2020-08-18 04:00:00,2185.0,50+
1233260,FAIRY TAIL,59.99,1596071700.0,1,False,1363,475,1838,Mostly Positive,0.7415669205658324,2020-07-30 01:15:00,2204.0,50+
798490,Othercide,29.99,1595887020.0,1,False,4304,951,5255,Very Positive,0.8190294957183635,2020-07-27 21:57:00,2206.0,20-30
628670,Hellpoint,34.99,1596124500.0,1,False,3269,1229,4498,Mostly Positive,0.7267674522009782,2020-07-30 15:55:00,2204.0,30-40
1263070,Blightbound,19.99,1627398497.0,1,False,799,462,1261,Mixed,0.6336241078509119,2021-07-27 15:08:17,1842.0,10-20
1089980,The Henry Stickmin Collection,14.99,1596815722.0,5,False,58274,772,59046,Overwhelmingly Positive,0.986925447955831,2020-08-07 15:55:22,2196.0,10-20
894940,Littlewood,14.99,1596549704.0,1,False,6358,464,6822,Very Positive,0.9319847552037526,2020-08-04 14:01:44,2199.0,10-20
349730,Popup Dungeon,24.99,1597251606.0,1,False,782,267,1049,Mostly Positive,0.7454718779790277,2020-08-12 17:00:06,2191.0,20-30
972660,Spiritfarer®: Farewell Edition,29.99,1597770081.0,9,False,50343,2677,53020,Very Positive,0.9495096190116937,2020-08-18 17:01:21,2185.0,20-30
1253920,Rogue Legacy 2,24.99,1651161600.0,5,False,13714,1384,15098,Very Positive,0.9083322294343622,2022-04-28 16:00:00,1567.0,20-30
1282590,Train Sim World® 2,19.99,1597942800.0,5,False,6729,1526,8255,Very Positive,0.8151423379769837,2020-08-20 17:00:00,2183.0,10-20
719040,Wasteland 3,39.99,1598572800.0,10,False,18873,3431,22304,Very Positive,0.8461710903873745,2020-08-28 00:00:00,2175.0,30-40
870780,CONTROL Ultimate Edition,39.99,1598540400.0,15,False,53906,8724,62630,Very Positive,0.8607057320772793,2020-08-27 15:00:00,2176.0,30-40
536270,Ancestors: The Humankind Odyssey,39.99,1598548383.0,3,False,9375,2493,11868,Mostly Positive,0.7899393326592518,2020-08-27 17:13:03,2176.0,30-40
1163550,Captain Tsubasa: Rise of New Champions,39.99,1601330400.0,1,False,4799,1876,6675,Mostly Positive,0.7189513108614233,2020-09-28 22:00:00,2143.0,30-40
826630,Iron Harvest,29.99,1598918400.0,9,False,11573,4364,15937,Mostly Positive,0.7261718014682813,2020-09-01 00:00:00,2171.0,20-30
1377380,Night of the Dead,29.99,1717144440.0,3,False,9114,2731,11845,Mostly Positive,0.7694385816800338,2024-05-31 08:34:00,803.0,20-30
1222700,A Way Out,29.99,1592506559.0,10,False,89834,12344,102178,Very Positive,0.8791912153301102,2020-06-18 18:55:59,2245.0,20-30
933110,Age of Empires III: Definitive Edition,19.99,1602766800.0,14,True,46796,7717,54513,Very Positive,0.858437436941647,2020-10-15 13:00:00,2127.0,10-20
1180660,Tell Me Why,19.99,1598543940.0,1,True,13095,2892,15987,Very Positive,0.8191030212047289,2020-08-27 15:59:00,2176.0,10-20
1307550,Craftopia,24.99,1599220804.0,7,False,15362,4832,20194,Mostly Positive,0.760721006239477,2020-09-04 12:00:04,2168.0,20-30
566440,Necromunda: Underhive Wars,19.99,1599515760.0,2,False,1668,1310,2978,Mixed,0.5601074546675622,2020-09-07 21:56:00,2164.0,10-20
1282210,DEEMO -Reborn-,24.99,1599191194.0,1,False,2901,427,3328,Very Positive,0.8716947115384616,2020-09-04 03:46:34,2168.0,20-30
1229490,ULTRAKILL,29.99,1599151946.0,5,False,233487,6292,239779,Overwhelmingly Positive,0.9737591699022851,2020-09-03 16:52:26,2169.0,20-30
1041720,Kingdoms of Amalur: Re-Reckoning,39.99,1599584443.0,4,False,6248,1845,8093,Mostly Positive,0.7720252069689856,2020-09-08 17:00:43,2164.0,30-40
651670,Star Renegades,24.99,1599576654.0,1,False,2531,529,3060,Very Positive,0.8271241830065359,2020-09-08 14:50:54,2164.0,20-30
1119700,As Far As The Eye,24.99,1599753510.0,1,False,1524,599,2123,Mostly Positive,0.7178520960904381,2020-09-10 15:58:30,2162.0,20-30
1233880,Disgaea 4 Complete+,39.99,1599757242.0,1,False,784,108,892,Very Positive,0.8789237668161435,2020-09-10 17:00:42,2162.0,30-40
1129580,Medieval Dynasty,34.99,1632391357.0,18,False,46864,4985,51849,Very Positive,0.9038554263341627,2021-09-23 10:02:37,1784.0,30-40
970830,The Dungeon Of Naheulbeuk: The Amulet Of Chaos,34.99,1600354147.0,2,False,7015,1032,8047,Very Positive,0.8717534484901206,2020-09-17 14:49:07,2155.0,30-40
1286350,BPM: BULLETS PER MINUTE,19.99,1600185465.0,1,False,10324,1092,11416,Very Positive,0.9043447792571829,2020-09-15 15:57:45,2157.0,10-20
1139900,Ghostrunner,29.99,1603814400.0,10,False,60712,5843,66555,Very Positive,0.912207948313425,2020-10-27 16:00:00,2115.0,20-30
1054490,Wingspan,19.99,1600357951.0,1,False,11233,685,11918,Very Positive,0.94252391340829,2020-09-17 15:52:31,2155.0,10-20
739630,Phasmophobia,19.99,1600451828.0,256,False,789592,46872,836464,Very Positive,0.9439641156104746,2020-09-18 17:57:08,2153.0,10-20
837470,Untitled Goose Game,19.99,1600880340.0,4,False,23818,1028,24846,Overwhelmingly Positive,0.9586251308057635,2020-09-23 16:59:00,2149.0,10-20
1024650,Port Royale 4,44.99,1601053200.0,1,False,1223,903,2126,Mixed,0.5752587017873941,2020-09-25 17:00:00,2147.0,40-50
418530,Spelunky 2,19.99,1601384151.0,2,False,20300,1574,21874,Very Positive,0.9280424247965622,2020-09-29 12:55:51,2143.0,10-20
739650,Drake Hollow,29.99,1601571420.0,1,False,1397,410,1807,Mostly Positive,0.7731045932484781,2020-10-01 16:57:00,2141.0,20-30
1086940,Baldur's Gate 3,59.99,1691074826.0,236,False,824358,27364,851722,Overwhelmingly Positive,0.9678721460758323,2023-08-03 15:00:26,1105.0,50+
897450,The Survivalists,29.99,1602255140.0,1,False,7683,2394,10077,Mostly Positive,0.7624292944328669,2020-10-09 14:52:20,2133.0,20-30
1075190,A Game of Thrones: The Board Game - Digital Edition,19.99,1601992800.0,1,False,1372,585,1957,Mostly Positive,0.7010730710270823,2020-10-06 14:00:00,2136.0,10-20
1211630,The Jackbox Party Pack 7,29.99,1602738000.0,13,False,4754,178,4932,Overwhelmingly Positive,0.9639091646390916,2020-10-15 05:00:00,2127.0,20-30
1227530,Partisans 1941,29.99,1602687514.0,1,False,7134,1589,8723,Very Positive,0.8178378998051129,2020-10-14 14:58:34,2128.0,20-30
999220,Amnesia: Rebirth,29.99,1603202400.0,2,False,7161,2136,9297,Mostly Positive,0.7702484672474992,2020-10-20 14:00:00,2122.0,20-30
1000010,Crown Trick,19.99,1602835021.0,1,False,4590,792,5382,Very Positive,0.8528428093645485,2020-10-16 07:57:01,2126.0,10-20
1367550,Kingdom Rush Vengeance - Tower Defense,19.99,1602766870.0,1,False,10140,660,10800,Very Positive,0.9388888888888889,2020-10-15 13:01:10,2127.0,10-20
1343400,RuneScape ®,8.99,1602687300.0,7,True,22206,4912,27118,Very Positive,0.8188656980603289,2020-10-14 14:55:00,2128.0,5-10
1176710,Space Crew: Legendary Edition,15.99,1602781200.0,1,False,2363,817,3180,Mostly Positive,0.7430817610062893,2020-10-15 17:00:00,2127.0,10-20
1096530,Solasta: Crown of the Magister,29.99,1622126911.0,11,False,19408,2963,22371,Very Positive,0.8675517410933798,2021-05-27 14:48:31,1903.0,20-30
1058650,Beyond The Wire,9.99,1661969434.0,1,False,4735,2798,7533,Mixed,0.6285676357360945,2022-08-31 18:10:34,1441.0,5-10
1361000,In Silence,9.99,1635547566.0,3,False,8900,3051,11951,Mostly Positive,0.7447075558530667,2021-10-29 22:46:06,1747.0,5-10
1140270,Monster Prom 2: Monster Camp,11.99,1603472526.0,1,False,5897,223,6120,Overwhelmingly Positive,0.963562091503268,2020-10-23 17:02:06,2119.0,10-20
684450,Surviving the Aftermath,29.99,1637081791.0,1,False,3229,1332,4561,Mostly Positive,0.7079587809690857,2021-11-16 16:56:31,1730.0,20-30
1124300,HUMANKIND™,49.99,1629208800.0,17,False,19740,8847,28587,Mixed,0.6905236646027915,2021-08-17 14:00:00,1821.0,40-50
1167630,Teardown,29.99,1650545381.0,15,False,128800,5605,134405,Overwhelmingly Positive,0.9582976823778877,2022-04-21 12:49:41,1574.0,20-30
1249800,Xuan-Yuan Sword VII,34.99,1603918235.0,1,False,5999,3575,9574,Mixed,0.6265928556507206,2020-10-28 20:50:35,2113.0,30-40
1194630,The Dark Pictures Anthology: Little Hope,19.99,1604012400.0,2,False,7926,2761,10687,Mostly Positive,0.741648732104426,2020-10-29 23:00:00,2112.0,10-20
753650,Due Process,9.99,1604426400.0,2,False,6932,1615,8547,Very Positive,0.8110448110448111,2020-11-03 18:00:00,2107.0,5-10
1235140,Yakuza: Like a Dragon,19.99,1605038400.0,17,False,35043,2227,37270,Very Positive,0.9402468473302925,2020-11-10 20:00:00,2100.0,10-20
1049410,Superliminal,19.99,1604599094.0,2,False,32013,1826,33839,Very Positive,0.9460385945211147,2020-11-05 17:58:14,2105.0,10-20
1307890,Kingdoms Reborn,19.99,1604389848.0,1,False,8770,925,9695,Very Positive,0.9045899948427024,2020-11-03 07:50:48,2108.0,10-20
1154040,SpellForce 3 Fallen God,19.99,1604425102.0,1,False,1363,199,1562,Very Positive,0.8725992317541613,2020-11-03 17:38:22,2108.0,10-20
1239080,Door Kickers 2: Task Force North,24.99,1739194326.0,2,False,12947,530,13477,Overwhelmingly Positive,0.960673740446687,2025-02-10 13:32:06,548.0,20-30
1328660,Need for Speed™ Hot Pursuit Remastered,29.99,1604653200.0,1,False,11763,2753,14516,Very Positive,0.8103472030862496,2020-11-06 09:00:00,2105.0,20-30
1356670,Sakuna: Of Rice and Ruin,29.99,1605031076.0,2,False,5260,457,5717,Very Positive,0.9200629700892077,2020-11-10 17:57:56,2100.0,20-30
420560,Firefighting Simulator - The Squad,24.99,1605624827.0,1,False,4287,1015,5302,Very Positive,0.8085628064881177,2020-11-17 14:53:47,2094.0,20-30
765810,Mars Horizon,19.99,1605625253.0,1,False,2596,491,3087,Very Positive,0.840945902170392,2020-11-17 15:00:53,2094.0,10-20
878670,Shenmue III,29.99,1605808850.0,1,False,1032,385,1417,Mostly Positive,0.7282992237120678,2020-11-19 18:00:50,2091.0,20-30
604540,Empire of Sin,39.99,1606838400.0,3,False,3012,3254,6266,Mixed,0.48068943504628153,2020-12-01 16:00:00,2080.0,30-40
839770,Phoenix Point,24.99,1607018415.0,2,False,5218,1919,7137,Mostly Positive,0.7311195180047639,2020-12-03 18:00:15,2077.0,20-30
895870,Project Wingman,24.99,1606845590.0,2,False,20667,1373,22040,Very Positive,0.9377041742286751,2020-12-01 17:59:50,2079.0,20-30
803050,Per Aspera,29.99,1607013659.0,2,False,4364,1383,5747,Mostly Positive,0.7593527057595267,2020-12-03 16:40:59,2078.0,20-30
848480,Creeper World 4,24.99,1607018311.0,1,False,4468,239,4707,Very Positive,0.9492245591671978,2020-12-03 17:58:31,2077.0,20-30
1295510,DRAGON QUEST® XI S: Echoes of an Elusive Age™ - Definitive Edition,39.99,1607101200.0,8,False,11145,868,12013,Very Positive,0.92774494297844,2020-12-04 17:00:00,2077.0,30-40
1178790,Shiren the Wanderer: The Tower of Fortune and the Dice of Fate,19.99,1606949637.0,1,False,720,225,945,Mostly Positive,0.7619047619047619,2020-12-02 22:53:57,2078.0,10-20
983970,Haven,24.99,1607003399.0,1,False,5369,708,6077,Very Positive,0.883495145631068,2020-12-03 13:49:59,2078.0,20-30
1404210,Red Dead Online,19.99,1606849200.0,3,False,57553,11722,69275,Very Positive,0.8307903284012992,2020-12-01 19:00:00,2079.0,10-20
1402320,Medal of Honor™: Above and Beyond,39.99,1607648645.0,1,False,1667,971,2638,Mixed,0.631918119787718,2020-12-11 01:04:05,2070.0,30-40
1382330,Persona® 5 Strikers,59.99,1614056220.0,7,False,15744,2370,18114,Very Positive,0.8691619741636304,2021-02-23 04:57:00,1996.0,50+
1150690,OMORI,19.99,1608883234.0,3,False,85441,2565,88006,Overwhelmingly Positive,0.9708542599368225,2020-12-25 08:00:34,2056.0,10-20
875210,Kingdom Heroes 8,29.99,1610456191.0,2,False,7973,6731,14704,Mixed,0.5422334058759521,2021-01-12 12:56:31,2038.0,20-30
1128920,EVERSPACE™ 2,49.99,1680799770.0,7,False,11129,1815,12944,Very Positive,0.8597805933250927,2023-04-06 16:49:30,1224.0,40-50
573090,Stormworks: Build and Rescue,24.99,1600358513.0,4,False,53885,5647,59532,Very Positive,0.9051434522609689,2020-09-17 16:01:53,2155.0,20-30
1325200,Nioh 2 – The Complete Edition,49.99,1612512000.0,22,False,44053,6320,50373,Very Positive,0.8745359617255276,2021-02-05 08:00:00,2014.0,40-50
1366540,Dyson Sphere Program,19.99,1611212340.0,12,False,89078,2320,91398,Overwhelmingly Positive,0.9746165123963325,2021-01-21 06:59:00,2029.0,10-20
1196590,Resident Evil Village,39.99,1620360000.0,40,False,145714,6666,152380,Overwhelmingly Positive,0.956254101588135,2021-05-07 04:00:00,1923.0,30-40
1220010,Home Behind 2,19.99,1644998549.0,1,False,6284,950,7234,Very Positive,0.8686756980923417,2022-02-16 08:02:29,1638.0,10-20
1369630,ENDER LILIES: Quietus of the Knights,24.99,1624283825.0,3,False,42551,2832,45383,Very Positive,0.9375977789039949,2021-06-21 13:57:05,1878.0,20-30
1468810,鬼谷八荒 Tale of Immortal,19.99,1685099515.0,12,False,124754,99809,224563,Mixed,0.5555412066992336,2023-05-26 11:11:55,1174.0,10-20
1293160,The Medium,49.99,1611853200.0,1,False,9016,1136,10152,Very Positive,0.888100866824271,2021-01-28 17:00:00,2022.0,40-50
973810,Journey To The Savage Planet,29.99,1611852720.0,3,False,5992,913,6905,Very Positive,0.8677769732078204,2021-01-28 16:52:00,2022.0,20-30
1088710,Yakuza 3 Remastered,129.13,1611846240.0,1,False,8235,1967,10202,Very Positive,0.8071946677122133,2021-01-28 15:04:00,2022.0,50+
1105510,Yakuza 5 Remastered,19.99,1611846286.0,1,False,6495,828,7323,Very Positive,0.8869315854158132,2021-01-28 15:04:46,2022.0,10-20
1105500,Yakuza 4 Remastered,19.99,1611846120.0,1,False,6722,707,7429,Very Positive,0.904832413514605,2021-01-28 15:02:00,2022.0,10-20
1400970,The Elder Scrolls Online - Blackwood,7.99,1622556000.0,2,False,245,252,497,Mixed,0.49295774647887325,2021-06-01 14:00:00,1898.0,5-10
1274570,DEVOUR,9.99,1611828471.0,1,False,79617,8364,87981,Very Positive,0.9049340198451938,2021-01-28 10:07:51,2022.0,5-10
892970,Valheim,29.99,1612277769.0,112,False,507219,32438,539657,Very Positive,0.9398914495688928,2021-02-02 14:56:09,2017.0,20-30
1142710,Total War: WARHAMMER III,59.99,1645077600.0,121,False,104097,42490,146587,Mostly Positive,0.7101380067809561,2022-02-17 06:00:00,1637.0,50+
1328670,Mass Effect™ Legendary Edition,59.99,1621004457.0,43,False,60682,5865,66547,Very Positive,0.9118668009076292,2021-05-14 15:00:57,1916.0,50+
930210,HuniePop 2: Double Date,19.99,1612807239.0,4,False,8544,828,9372,Very Positive,0.911651728553137,2021-02-08 18:00:39,2010.0,10-20
1288310,Firework,9.99,1612421760.0,1,False,43293,1032,44325,Overwhelmingly Positive,0.9767174280879865,2021-02-04 06:56:00,2015.0,5-10
860510,Little Nightmares II,29.99,1612998000.0,16,False,54187,4063,58250,Very Positive,0.9302489270386266,2021-02-10 23:00:00,2008.0,20-30
694280,Zombie Army 4: Dead War,47.98,1613660400.0,5,False,9586,1512,11098,Very Positive,0.86375923589836,2021-02-18 15:00:00,2001.0,40-50
700600,Evil Genius 2: World Domination,39.99,1617116400.0,6,False,9139,4085,13224,Mixed,0.6910919540229885,2021-03-30 15:00:00,1961.0,30-40
1384160,GUILTY GEAR -STRIVE-,39.99,1623394800.0,44,False,58539,8024,66563,Very Positive,0.8794525487132491,2021-06-11 07:00:00,1888.0,30-40
1000360,Hellish Quart,17.99,1613494615.0,1,False,7482,981,8463,Very Positive,0.8840836582772067,2021-02-16 16:56:55,2003.0,10-20
1227890,Summer Memories,19.99,1592204383.0,1,False,23141,1834,24975,Very Positive,0.9265665665665666,2020-06-15 06:59:43,2249.0,10-20
1029210,30XX,19.99,1691600065.0,1,False,2535,270,2805,Very Positive,0.9037433155080213,2023-08-09 16:54:25,1099.0,10-20
1157220,Nebuchadnezzar,19.99,1613574014.0,1,False,1439,385,1824,Mostly Positive,0.7889254385964912,2021-02-17 15:00:14,2002.0,10-20
680420,OUTRIDERS,19.99,1617292800.0,18,False,41002,20229,61231,Mixed,0.6696281295422254,2021-04-01 16:00:00,1959.0,10-20
774181,Rhythm Doctor,19.99,1765062373.0,2,False,26336,495,26831,Overwhelmingly Positive,0.9815511907867764,2025-12-06 23:06:13,248.0,10-20
787810,Rogue Heroes: Ruins of Tasos,19.99,1614100320.0,1,False,2894,808,3702,Mostly Positive,0.7817396002160995,2021-02-23 17:12:00,1996.0,10-20
518150,Intruder,19.99,1551481173.0,1,False,6330,684,7014,Very Positive,0.9024807527801539,2019-03-01 22:59:33,2720.0,10-20
1282730,Loop Hero,14.99,1614880560.0,6,False,33823,2650,36473,Very Positive,0.9273435143805007,2021-03-04 17:56:00,1986.0,10-20
1372810,Teamfight Manager,9.99,1614638095.0,1,False,5108,780,5888,Very Positive,0.8675271739130435,2021-03-01 22:34:55,1989.0,5-10
1119730,"Ranch Simulator: Build, Hunt, Farm",24.99,1699030542.0,2,False,37627,9982,47609,Mostly Positive,0.7903337604234494,2023-11-03 16:55:42,1013.0,20-30
1495320,Carnal Instinct,29.99,1614614379.0,1,False,4592,1014,5606,Very Positive,0.8191223688904745,2021-03-01 15:59:39,1990.0,20-30
907650,Stronghold: Warlords,39.99,1615312411.0,1,False,3453,1852,5305,Mixed,0.6508953817153629,2021-03-09 17:53:31,1981.0,30-40
1035120,Lust from Beyond,33.98,1615481459.0,1,False,3592,843,4435,Very Positive,0.8099210822998872,2021-03-11 16:50:59,1980.0,30-40
869880,Cyanide & Happiness - Freakpocalypse (Episode 1),19.99,1615482125.0,1,False,637,581,1218,Mixed,0.5229885057471264,2021-03-11 17:02:05,1980.0,10-20
761830,Mr. Prepper,18.68,1616087100.0,1,False,4343,1076,5419,Very Positive,0.8014393799594021,2021-03-18 17:05:00,1973.0,10-20
1477590,EZ2ON REBOOT : R,44.99,1649923401.0,2,False,5675,563,6238,Very Positive,0.9097467136902854,2022-04-14 08:03:21,1581.0,40-50
785770,Emergency Call 112 – The Fire Fighting Simulation 2,29.99,1616083989.0,1,False,3532,2220,5752,Mixed,0.614047287899861,2021-03-18 16:13:09,1973.0,20-30
936790,Life is Strange: True Colors,59.99,1631203200.0,5,False,14916,1886,16802,Very Positive,0.8877514581597429,2021-09-09 16:00:00,1798.0,50+
1034140,Subverse,39.99,1731704426.0,3,False,10743,5298,16041,Mixed,0.6697213390686366,2024-11-15 21:00:26,634.0,30-40
1426210,It Takes Two,39.99,1616731207.0,149,False,254782,12217,266999,Overwhelmingly Positive,0.9542432743193795,2021-03-26 04:00:07,1965.0,30-40
885970,Total War: ROME REMASTERED,29.99,1619704800.0,6,False,10488,3132,13620,Mostly Positive,0.7700440528634361,2021-04-29 14:00:00,1931.0,20-30
1009560,The Tenants,19.99,1666288800.0,2,False,6119,1635,7754,Mostly Positive,0.7891410884704668,2022-10-20 18:00:00,1391.0,10-20
1455840,Dorfromantik,13.99,1651132740.0,6,False,28430,1080,29510,Overwhelmingly Positive,0.9634022365299898,2022-04-28 07:59:00,1567.0,10-20
1388590,Yakuza 6: The Song of Life,19.99,1616688279.0,1,False,7648,600,8248,Very Positive,0.92725509214355,2021-03-25 16:04:39,1966.0,10-20
491540,The Bus,39.99,1774529953.0,1,False,6086,2280,8366,Mostly Positive,0.7274683241692566,2026-03-26 12:59:13,139.0,30-40
977950,A Dance of Fire and Ice,5.99,1548374492.0,1,False,77927,4908,82835,Very Positive,0.9407496831049678,2019-01-25 00:01:32,2756.0,5-10
1198090,The Legend of Heroes: Trails of Cold Steel IV,59.99,1617987600.0,1,False,2283,223,2506,Very Positive,0.9110135674381484,2021-04-09 17:00:00,1951.0,50+
1104280,The Slormancer,19.99,1747155682.0,2,False,5996,1359,7355,Very Positive,0.8152277362338545,2025-05-13 17:01:22,456.0,10-20
1113560,NieR Replicant™ ver.1.22474487139...,59.99,1619193600.0,15,False,24904,3308,28212,Very Positive,0.8827449312349355,2021-04-23 16:00:00,1937.0,50+
720620,TaleSpire,24.99,1618464418.0,1,False,4685,506,5191,Very Positive,0.9025235985359276,2021-04-15 05:26:58,1945.0,20-30
1259420,Days Gone,39.99,1621310400.0,34,False,107781,8450,116231,Very Positive,0.9272999457975927,2021-05-18 04:00:00,1912.0,30-40
1295270,SaGa Frontier Remastered,24.99,1618502534.0,1,False,589,54,643,Very Positive,0.9160186625194401,2021-04-15 16:02:14,1945.0,20-30
732050,Voxel Tycoon,24.99,1618491490.0,1,False,1400,386,1786,Mostly Positive,0.7838745800671892,2021-04-15 12:58:10,1945.0,20-30
597820,BIOMUTANT,39.99,1621962000.0,9,False,13329,6809,20138,Mixed,0.6618830072499752,2021-05-25 17:00:00,1905.0,30-40
1123830,Farm Manager 2021,25.48,1620313278.0,1,False,1883,499,2382,Mostly Positive,0.790512174643157,2021-05-06 15:01:18,1924.0,20-30
1073910,Before We Leave,19.99,1620921600.0,1,False,1345,377,1722,Mostly Positive,0.781068524970964,2021-05-13 16:00:00,1917.0,10-20
1520500,Succubus Cafe,29.99,1620889800.0,1,False,2193,270,2463,Very Positive,0.8903775883069428,2021-05-13 07:10:00,1917.0,20-30
1465360,SnowRunner,29.99,1621295581.0,34,False,49914,5473,55387,Very Positive,0.9011861989275461,2021-05-17 23:53:01,1912.0,20-30
1413480,Shin Megami Tensei III Nocturne HD Remaster,49.99,1621562400.0,3,False,4536,665,5201,Very Positive,0.8721399730820996,2021-05-21 02:00:00,1909.0,40-50
978300,Saints Row®: The Third™ Remastered,29.99,1621634487.0,1,False,3362,1267,4629,Mostly Positive,0.7262907755454742,2021-05-21 22:01:27,1908.0,20-30
1134100,Frozenheim,19.99,1655391659.0,1,False,2710,1197,3907,Mixed,0.6936268236498593,2022-06-16 15:00:59,1518.0,10-20
1167140,Siege Survival: Gloria Victis,24.99,1621335870.0,1,False,1398,366,1764,Mostly Positive,0.7925170068027211,2021-05-18 11:04:30,1912.0,20-30
534380,Dying Light 2 Stay Human: Reloaded Edition,59.99,1643932800.0,67,False,171791,46218,218009,Mostly Positive,0.7879995779990734,2022-02-04 00:00:00,1650.0,50+
784080,MechWarrior 5: Mercenaries,29.99,1622073652.0,11,False,13309,2390,15699,Very Positive,0.8477610038855978,2021-05-27 00:00:52,1903.0,20-30
629820,Maneater,39.99,1621951198.0,3,False,22819,3317,26136,Very Positive,0.8730869299051117,2021-05-25 13:59:58,1905.0,30-40
1222370,Necromunda: Hired Gun,39.99,1622498400.0,2,False,5181,2780,7961,Mixed,0.6507976384876272,2021-05-31 22:00:00,1898.0,30-40
1497950,EARTH DEFENSE FORCE: WORLD BROTHERS,39.99,1622099031.0,1,False,651,153,804,Very Positive,0.8097014925373134,2021-05-27 07:03:51,1903.0,30-40
1233590,Warhammer Age of Sigmar: Storm Ground,19.99,1622066400.0,1,False,674,454,1128,Mixed,0.5975177304964538,2021-05-26 22:00:00,1903.0,10-20
1199030,Tainted Grail: Conquest,19.99,1622123803.0,2,False,7485,841,8326,Very Positive,0.8989911121787173,2021-05-27 13:56:43,1903.0,10-20
1029780,Going Medieval,29.99,1773759831.0,5,False,18954,2306,21260,Very Positive,0.8915333960489181,2026-03-17 15:03:51,148.0,20-30
1338770,Sniper Ghost Warrior Contracts 2,39.99,1622833200.0,7,False,12411,2394,14805,Very Positive,0.8382978723404255,2021-06-04 19:00:00,1894.0,30-40
1105670,The Last Spell,24.99,1678374058.0,4,False,12396,1164,13560,Very Positive,0.9141592920353983,2023-03-09 15:00:58,1252.0,20-30
1335790,Operation: Tango,19.99,1622545072.0,1,False,7623,1195,8818,Very Positive,0.8644817418915854,2021-06-01 10:57:52,1898.0,10-20
1359090,Zero Hour,9.99,1725897730.0,5,False,25796,7502,33298,Mostly Positive,0.7747011832542495,2024-09-09 16:02:10,702.0,5-10
1517290,Battlefield™ 2042,59.99,1637308800.0,85,False,153415,172008,325423,Mixed,0.4714325662291848,2021-11-19 08:00:00,1727.0,50+
1599340,Lost Ark,24.99,1644617880.0,204,True,143078,60125,203203,Mostly Positive,0.704113620369778,2022-02-11 22:18:00,1642.0,20-30
1580780,NINJA GAIDEN Σ [NINJA GAIDEN: Master Collection],39.99,1623286800.0,1,False,2414,519,2933,Very Positive,0.8230480736447323,2021-06-10 01:00:00,1889.0,30-40
400750,Call to Arms - Gates of Hell: Ostfront,34.99,1623430740.0,7,False,28556,4965,33521,Very Positive,0.8518838936785895,2021-06-11 16:59:00,1888.0,30-40
1290000,PowerWash Simulator,24.99,1657814608.0,22,False,56401,2104,58505,Overwhelmingly Positive,0.964037261772498,2022-07-14 16:03:28,1490.0,20-30
1196470,WE ARE FOOTBALL,24.99,1623344352.0,1,False,1127,327,1454,Mostly Positive,0.7751031636863824,2021-06-10 16:59:12,1889.0,20-30
1643320,S.T.A.L.K.E.R. 2: Heart of Chornobyl,59.99,1732117544.0,22,False,108090,27419,135509,Mostly Positive,0.7976591960681578,2024-11-20 15:45:44,630.0,50+
1580790,NINJA GAIDEN Σ2 [NINJA GAIDEN: Master Collection],39.99,1623286920.0,1,False,1555,407,1962,Mostly Positive,0.7925586136595311,2021-06-10 01:02:00,1889.0,30-40
1369760,NINJA GAIDEN 3: Razor's Edge [NINJA GAIDEN: Master Collection],39.99,1623286920.0,1,False,1260,731,1991,Mixed,0.6328478151682572,2021-06-10 01:02:00,1889.0,30-40
763890,Wildermyth,24.99,1623776664.0,7,False,17241,971,18212,Very Positive,0.9466835053810674,2021-06-15 17:04:24,1884.0,20-30
997010,Police Simulator: Patrol Officers,29.99,1668095489.0,2,False,17112,5569,22681,Mostly Positive,0.7544640888849699,2022-11-10 15:51:29,1371.0,20-30
775500,SCARLET NEXUS,59.99,1624572000.0,12,False,14565,3570,18135,Very Positive,0.8031430934656741,2021-06-24 22:00:00,1874.0,50+
768520,Red Solstice 2: Survivors,14.99,1623944749.0,1,False,2307,1008,3315,Mixed,0.6959276018099547,2021-06-17 15:45:49,1882.0,10-20
1374840,Dark Deity,24.99,1623795649.0,1,False,2224,853,3077,Mostly Positive,0.7227819304517387,2021-06-15 22:20:49,1883.0,20-30
1076200,Roguebook,24.99,1623939893.0,1,False,3809,733,4542,Very Positive,0.8386173491853809,2021-06-17 14:24:53,1882.0,20-30
1466860,Age of Empires IV: Anniversary Edition,39.99,1635432960.0,83,False,81424,13571,94995,Very Positive,0.8571398494657614,2021-10-28 14:56:00,1749.0,30-40
1388880,Doki Doki Literature Club Plus!,14.99,1625071326.0,1,False,30913,969,31882,Overwhelmingly Positive,0.9696066746126341,2021-06-30 16:42:06,1869.0,10-20
1277400,Monster Hunter Stories 2: Wings of Ruin,39.99,1625803200.0,6,False,14171,2988,17159,Very Positive,0.8258639780873012,2021-07-09 04:00:00,1860.0,30-40
1213740,She Will Punish Them,15.99,1588208516.0,3,False,15655,2489,18144,Very Positive,0.8628196649029982,2020-04-30 01:01:56,2295.0,10-20
1351630,Ys IX: Monstrum Nox,59.99,1625590800.0,1,False,1809,110,1919,Very Positive,0.9426784783741532,2021-07-06 17:00:00,1863.0,50+
1618540,Ghost Exorcism INC.,11.99,1626386698.0,2,False,4110,1327,5437,Mostly Positive,0.7559315799153945,2021-07-15 22:04:58,1853.0,10-20
1509960,PICO PARK,4.99,1620382418.0,8,False,27141,2758,29899,Very Positive,0.9077561122445567,2021-05-07 10:13:38,1923.0,<5
898750,Super Robot Wars 30,59.99,1635371940.0,7,False,5567,904,6471,Very Positive,0.8602997991036934,2021-10-27 21:59:00,1749.0,50+
1522820,Orcs Must Die! 3,29.99,1627048800.0,8,False,12748,2107,14855,Very Positive,0.8581622349377314,2021-07-23 14:00:00,1846.0,20-30
894020,Death's Door,19.99,1626785410.0,4,False,20429,1491,21920,Very Positive,0.9319799270072993,2021-07-20 12:50:10,1849.0,10-20
1127500,Mini Motorways,9.99,1626792759.0,3,False,23386,906,24292,Overwhelmingly Positive,0.962703770788737,2021-07-20 14:52:39,1849.0,5-10
858820,Tribes of Midgard,19.99,1627405200.0,10,False,17742,5484,23226,Mostly Positive,0.7638853009558254,2021-07-27 17:00:00,1842.0,10-20
1295500,"Warhammer 40,000: Battlesector",35.99,1626962400.0,3,False,5911,889,6800,Very Positive,0.8692647058823529,2021-07-22 14:00:00,1847.0,30-40
1483870,Draw & Guess,4.99,1615544574.0,5,False,29472,5662,35134,Very Positive,0.838845562702795,2021-03-12 10:22:54,1979.0,<5
1591530,SAMURAI WARRIORS 5,59.99,1627347600.0,2,False,1282,283,1565,Very Positive,0.8191693290734824,2021-07-27 01:00:00,1842.0,50+
1248130,Farming Simulator 22,19.99,1637567369.0,94,False,85586,6738,92324,Very Positive,0.9270178935054807,2021-11-22 07:49:29,1724.0,10-20
979690,The Ascent,29.99,1627578000.0,8,False,18147,6454,24601,Mostly Positive,0.7376529409373602,2021-07-29 17:00:00,1840.0,20-30
454120,Starbase,34.99,1627570767.0,2,False,3750,3001,6751,Mixed,0.5554732632202637,2021-07-29 14:59:27,1840.0,30-40
924970,Back 4 Blood,59.99,1634050800.0,35,False,50301,22796,73097,Mixed,0.68814041615935,2021-10-12 15:00:00,1765.0,50+
1158850,The Great Ace Attorney Chronicles,39.99,1627358400.0,1,False,8862,533,9395,Very Positive,0.9432676955827568,2021-07-27 04:00:00,1842.0,30-40
1173790,FINAL FANTASY III,17.99,1627491360.0,1,False,2628,192,2820,Very Positive,0.9319148936170213,2021-07-28 16:56:00,1841.0,10-20
1434950,HighFleet,29.99,1627404807.0,1,False,6502,866,7368,Very Positive,0.8824647122692725,2021-07-27 16:53:27,1842.0,20-30
821880,Idol Manager,19.99,1627368707.0,1,False,3589,510,4099,Very Positive,0.8755794096121006,2021-07-27 06:51:47,1842.0,10-20
1173770,FINAL FANTASY,11.99,1627491360.0,1,False,8180,421,8601,Overwhelmingly Positive,0.9510522032321823,2021-07-28 16:56:00,1841.0,10-20
1173810,FINAL FANTASY V,17.99,1636563600.0,2,False,2206,257,2463,Very Positive,0.8956557044254974,2021-11-10 17:00:00,1736.0,10-20
1173800,FINAL FANTASY IV,17.99,1631116800.0,2,False,2744,255,2999,Very Positive,0.914971657219073,2021-09-08 16:00:00,1799.0,10-20
1173820,FINAL FANTASY VI,17.99,1645635657.0,3,False,4522,391,4913,Very Positive,0.9204152249134948,2022-02-23 17:00:57,1631.0,10-20
1173780,FINAL FANTASY II,11.99,1627488000.0,1,False,2855,618,3473,Very Positive,0.8220558594874748,2021-07-28 16:00:00,1841.0,10-20
1184370,Pathfinder: Wrath of the Righteous - Enhanced Edition,19.99,1630598400.0,27,False,36526,7219,43745,Very Positive,0.8349754257629444,2021-09-02 16:00:00,1805.0,10-20
941460,Death Trash,19.99,1628175545.0,1,False,3421,295,3716,Very Positive,0.9206135629709364,2021-08-05 14:59:05,1833.0,10-20
1123050,GRIME,24.99,1627908729.0,1,False,5691,1016,6707,Very Positive,0.8485164753242881,2021-08-02 12:52:09,1836.0,20-30
1040420,Dreamscaper,24.99,1628179200.0,1,False,2783,386,3169,Very Positive,0.8781950142000631,2021-08-05 16:00:00,1833.0,20-30
1190000,Car Mechanic Simulator 2021,24.99,1628686825.0,16,False,36434,1635,38069,Overwhelmingly Positive,0.957051669337256,2021-08-11 13:00:25,1827.0,20-30
1489630,Carrier Command 2,29.99,1628611260.0,1,False,3053,692,3745,Very Positive,0.8152202937249666,2021-08-10 16:01:00,1828.0,20-30
1480560,Lawn Mowing Simulator,19.99,1628614800.0,1,False,2136,892,3028,Mostly Positive,0.7054161162483488,2021-08-10 17:00:00,1828.0,10-20
1538570,Patron,19.99,1628611213.0,1,False,2303,888,3191,Mostly Positive,0.7217173299905986,2021-08-10 16:00:13,1828.0,10-20
1549970,Aliens: Fireteam Elite,29.99,1629777600.0,8,False,21481,5469,26950,Mostly Positive,0.7970686456400742,2021-08-24 04:00:00,1814.0,20-30
1097200,Twelve Minutes,24.99,1629388089.0,2,False,5871,2174,8045,Mostly Positive,0.7297700435052827,2021-08-19 15:48:09,1819.0,20-30
1110910,Mortal Shell,29.99,1629302400.0,1,False,7884,3790,11674,Mixed,0.6753469247901319,2021-08-18 16:00:00,1820.0,20-30
1003590,Tetris® Effect: Connected,39.99,1629259200.0,1,False,8466,492,8958,Very Positive,0.9450770261219023,2021-08-18 04:00:00,1820.0,30-40
1466640,Road 96 🛣️,19.96,1629115075.0,1,False,23631,2156,25787,Very Positive,0.9163919804552682,2021-08-16 11:57:55,1822.0,10-20
740130,Tales of ARISE,49.99,1699484400.0,26,False,31743,4908,36651,Very Positive,0.8660882377015634,2023-11-08 23:00:00,1007.0,40-50
1135300,King's Bounty II,39.99,1629824280.0,2,False,3428,2095,5523,Mixed,0.6206771682056853,2021-08-24 16:58:00,1814.0,30-40
607080,Psychonauts 2,59.99,1629849420.0,3,False,13712,618,14330,Overwhelmingly Positive,0.9568736915561759,2021-08-24 23:57:00,1813.0,50+
1149460,ICARUS,34.99,1638566880.0,29,False,49892,17054,66946,Mostly Positive,0.7452573716129418,2021-12-03 21:28:00,1712.0,30-40
1551360,Forza Horizon 5,59.99,1636433940.0,211,False,248641,30185,278826,Very Positive,0.8917425204249245,2021-11-09 04:59:00,1737.0,50+
1240440,Halo Infinite,59.99,1636999200.0,33,True,125432,55529,180961,Mixed,0.693143826570366,2021-11-15 18:00:00,1730.0,50+
1244460,Jurassic World Evolution 2,59.99,1636466460.0,40,False,42313,4527,46840,Very Positive,0.9033518360375747,2021-11-09 14:01:00,1737.0,50+
1674170,Sprocket,19.99,1630004424.0,3,False,11812,935,12747,Very Positive,0.9266494077037735,2021-08-26 19:00:24,1811.0,10-20
1255560,Myst,34.99,1629993587.0,1,False,1933,249,2182,Very Positive,0.885884509624198,2021-08-26 15:59:47,1812.0,30-40
1099410,A Total War Saga: TROY,39.99,1630592231.0,2,False,2681,1067,3748,Mostly Positive,0.7153148345784418,2021-09-02 14:17:11,1805.0,30-40
1454400,Cookie Clicker,4.99,1630523202.0,2,False,89139,3310,92449,Overwhelmingly Positive,0.9641964758948177,2021-09-01 19:06:42,1805.0,<5
1446650,BRAVELY DEFAULT II,59.99,1630602000.0,1,False,1662,394,2056,Very Positive,0.8083657587548638,2021-09-02 17:00:00,1805.0,50+
1118240,Lake,19.99,1630510500.0,1,False,5064,763,5827,Very Positive,0.8690578342200103,2021-09-01 15:35:00,1806.0,10-20
1252330,DEATHLOOP,59.99,1631592000.0,10,False,23113,7272,30385,Mostly Positive,0.7606713839065329,2021-09-14 04:00:00,1793.0,50+
976590,Bus Simulator 21 Next Stop,24.99,1631015520.0,1,False,4676,2000,6676,Mostly Positive,0.7004194128220491,2021-09-07 11:52:00,1800.0,20-30
921800,Encased: A Sci-Fi Post-Apocalyptic RPG,29.99,1631033986.0,1,False,3687,1097,4784,Mostly Positive,0.7706939799331104,2021-09-07 16:59:46,1800.0,20-30
1562420,FOREWARNED,12.99,1714064278.0,1,False,5992,651,6643,Very Positive,0.9020021074815595,2024-04-25 16:57:58,839.0,10-20
1062090,Timberborn,34.99,1773330554.0,14,False,39265,1646,40911,Overwhelmingly Positive,0.9597663220160837,2026-03-12 15:49:14,153.0,30-40
1149620,Gas Station Simulator,19.99,1631725118.0,5,False,24069,3291,27360,Very Positive,0.8797149122807018,2021-09-15 16:58:38,1792.0,10-20
977880,Eastward,24.99,1631775600.0,2,False,13913,2666,16579,Very Positive,0.8391941612883769,2021-09-16 07:00:00,1791.0,20-30
841190,"Honey, I Joined a Cult",21.99,1667491200.0,1,False,1397,528,1925,Mostly Positive,0.7257142857142858,2022-11-03 16:00:00,1378.0,20-30
1158370,Aragami 2,34.99,1631872800.0,1,False,3490,1118,4608,Mostly Positive,0.7573784722222222,2021-09-17 10:00:00,1790.0,30-40
1283410,Tails of Iron,24.99,1631879898.0,1,False,13129,1819,14948,Very Positive,0.8783114797966283,2021-09-17 11:58:18,1790.0,20-30
1210320,Potion Craft: Alchemist Simulator,19.99,1670950811.0,4,False,41178,3137,44315,Very Positive,0.929211327992779,2022-12-13 17:00:11,1338.0,10-20
699130,World War Z,29.99,1632227531.0,13,False,26348,5568,31916,Very Positive,0.8255420478756736,2021-09-21 12:32:11,1786.0,20-30
1672970,Minecraft Dungeons,19.99,1632323157.0,6,False,16828,1757,18585,Very Positive,0.9054613935969869,2021-09-22 15:05:57,1785.0,10-20
757310,Sable,24.99,1632401868.0,1,False,5525,880,6405,Very Positive,0.862607338017174,2021-09-23 12:57:48,1784.0,20-30
1393370,Actraiser Renaissance,29.99,1632438000.0,1,False,575,197,772,Mostly Positive,0.7448186528497409,2021-09-23 23:00:00,1783.0,20-30
1372280,MELTY BLOOD: TYPE LUMINA,49.99,1632981992.0,3,False,9341,1199,10540,Very Positive,0.8862428842504744,2021-09-30 06:06:32,1777.0,40-50
1271700,HOT WHEELS UNLEASHED™,39.99,1633014000.0,2,False,5986,1613,7599,Mostly Positive,0.7877352283195157,2021-09-30 15:00:00,1777.0,30-40
1414850,Nickelodeon All-Star Brawl,49.99,1633406436.0,2,False,3988,1682,5670,Mostly Positive,0.7033509700176367,2021-10-05 04:00:36,1772.0,40-50
1446780,MONSTER HUNTER RISE,39.99,1642006800.0,101,False,104529,20833,125362,Very Positive,0.8338172651999809,2022-01-12 17:00:00,1673.0,30-40
488860,MADNESS: Project Nexus,24.99,1632953032.0,1,False,16988,494,17482,Overwhelmingly Positive,0.9717423635739618,2021-09-29 22:03:52,1777.0,20-30
1330470,F.I.S.T.: Forged In Shadow Torch,15.99,1633243500.0,2,False,6202,980,7182,Very Positive,0.8635477582846004,2021-10-03 06:45:00,1774.0,10-20
1426450,Age of Darkness: Final Stand,27.99,1736970560.0,4,False,7895,2707,10602,Mostly Positive,0.7446708168270137,2025-01-15 19:49:20,573.0,20-30
985830,SUCCUBUS,24.99,1633453244.0,1,False,3961,1253,5214,Mostly Positive,0.7596854622171078,2021-10-05 17:00:44,1772.0,20-30
1490890,Demon Slayer -Kimetsu no Yaiba- The Hinokami Chronicles,59.99,1634313600.0,8,False,17091,2532,19623,Very Positive,0.8709677419354839,2021-10-15 16:00:00,1762.0,50+
1316910,Super Monkey Ball Banana Mania,29.99,1633406400.0,1,False,1329,285,1614,Very Positive,0.8234200743494424,2021-10-05 04:00:00,1772.0,20-30
780310,The Riftbreaker,29.99,1634198458.0,9,False,22199,2372,24571,Very Positive,0.9034634325017297,2021-10-14 08:00:58,1763.0,20-30
1552350,The Jackbox Party Pack 8,29.99,1634176794.0,2,False,1288,142,1430,Very Positive,0.9006993006993007,2021-10-14 01:59:54,1763.0,20-30
1227280,Despot's Game: Dystopian Battle Simulator,19.99,1664467176.0,1,False,2812,533,3345,Very Positive,0.8406576980568012,2022-09-29 15:59:36,1413.0,10-20
671970,Junkyard Simulator,19.99,1634129988.0,1,False,1447,788,2235,Mixed,0.647427293064877,2021-10-13 12:59:48,1764.0,10-20
1092790,Inscryption,19.99,1634655900.0,23,False,142931,4684,147615,Overwhelmingly Positive,0.9682688073705247,2021-10-19 15:05:00,1758.0,10-20
1543030,Sword and Fairy 7,29.99,1634874960.0,1,False,13842,5317,19159,Mostly Positive,0.7224802964664127,2021-10-22 03:56:00,1755.0,20-30
1281590,The Dark Pictures Anthology: House of Ashes,29.99,1634857200.0,2,False,9697,1203,10900,Very Positive,0.8896330275229358,2021-10-21 23:00:00,1755.0,20-30
1593500,God of War,49.99,1642175940.0,74,False,175918,7441,183359,Overwhelmingly Positive,0.9594184086955099,2022-01-14 15:59:00,1671.0,40-50
1088850,Marvel's Guardians of the Galaxy,59.99,1635264369.0,19,False,42116,2784,44900,Very Positive,0.9379955456570156,2021-10-26 16:06:09,1751.0,50+
1435790,Escape Simulator,19.99,1634651197.0,15,False,18095,1175,19270,Very Positive,0.9390243902439024,2021-10-19 13:46:37,1758.0,10-20
1493760,Youtubers Life 2,19.99,1634651629.0,1,False,1647,629,2276,Mostly Positive,0.7236379613356766,2021-10-19 13:53:49,1758.0,10-20
1287840,Disciples: Liberation,39.99,1634832000.0,1,False,2885,1081,3966,Mostly Positive,0.7274331820474029,2021-10-21 16:00:00,1756.0,30-40
1732190,FATAL FRAME / PROJECT ZERO: Maiden of Black Water,39.99,1635382800.0,3,False,5379,1122,6501,Very Positive,0.8274111675126904,2021-10-28 01:00:00,1749.0,30-40
509980,BIGFOOT,19.99,1485854385.0,1,False,18285,3987,22272,Very Positive,0.8209859913793104,2017-01-31 09:19:45,3480.0,10-20
1696810,Railroads Online,47.98,1733414160.0,1,False,4487,1520,6007,Mostly Positive,0.7469618778092225,2024-12-05 15:56:00,615.0,40-50
1245620,ELDEN RING,59.99,1645744078.0,236,False,1067988,79443,1147431,Very Positive,0.9307644642684396,2022-02-24 23:07:58,1629.0,50+
1135690,Unpacking,19.99,1635836387.0,6,False,37811,2755,40566,Very Positive,0.9320859833357985,2021-11-02 06:59:47,1744.0,10-20
842180,Prison Simulator,14.98,1636033851.0,1,False,2166,355,2521,Very Positive,0.8591828639428798,2021-11-04 13:50:51,1742.0,10-20
1547890,Let's Build a Zoo,19.99,1636123990.0,1,False,3652,439,4091,Very Positive,0.892691273527255,2021-11-05 14:53:10,1741.0,10-20
1721470,Poppy Playtime,58.46,1634053980.0,16,True,124142,17019,141161,Very Positive,0.8794355381443884,2021-10-12 15:53:00,1765.0,50+
1178830,Bright Memory: Infinite,19.99,1636678409.0,4,False,36516,3316,39832,Very Positive,0.9167503514762,2021-11-12 00:53:29,1734.0,10-20
1471410,SYNTHETIK 2,19.99,1636639299.0,1,False,2778,678,3456,Very Positive,0.8038194444444444,2021-11-11 14:01:39,1735.0,10-20
1276790,Ruined King: A League of Legends Story™,29.99,1637079720.0,3,False,10054,1257,11311,Very Positive,0.8888692423304747,2021-11-16 16:22:00,1730.0,20-30
1266840,The Last Stand: Aftermath,24.99,1637073801.0,1,False,5411,1309,6720,Very Positive,0.8052083333333333,2021-11-16 14:43:21,1730.0,20-30
1559390,Fate Seeker II,22.6,1637586114.0,2,False,12279,1514,13793,Very Positive,0.8902341767563257,2021-11-22 13:01:54,1724.0,20-30
1525700,Tavern Master,14.99,1637052711.0,1,False,12134,1036,13170,Very Positive,0.921336370539104,2021-11-16 08:51:51,1730.0,10-20
1137300,Sherlock Holmes Chapter One,44.99,1636999200.0,1,False,3475,1001,4476,Mostly Positive,0.7763628239499554,2021-11-15 18:00:00,1730.0,40-50
773370,Exo One,16.99,1637247628.0,1,False,4716,526,5242,Very Positive,0.8996566196108355,2021-11-18 15:00:28,1728.0,10-20
1195290,Moncage,14.99,1637028000.0,1,False,5116,421,5537,Very Positive,0.9239660465956294,2021-11-16 02:00:00,1730.0,10-20
846770,DYSMANTLE,19.99,1637064149.0,1,False,10475,1079,11554,Very Positive,0.9066124285961572,2021-11-16 12:02:29,1730.0,10-20
1380420,Grow: Song of the Evertree,24.99,1637074060.0,1,False,2068,492,2560,Very Positive,0.8078125,2021-11-16 14:47:40,1730.0,20-30
1527950,Wartales,34.99,1681306892.0,18,False,30432,4985,35417,Very Positive,0.8592483835446255,2023-04-12 13:41:32,1218.0,30-40
1206560,WorldBox - God Simulator,19.99,1638466470.0,7,False,53396,2618,56014,Overwhelmingly Positive,0.9532616845788553,2021-12-02 17:34:30,1714.0,10-20
751630,After the Fall®,19.99,1639072553.0,1,False,2402,708,3110,Mostly Positive,0.772347266881029,2021-12-09 17:55:53,1706.0,10-20
1580240,Rune Factory 4 Special,29.99,1638899623.0,1,False,2047,272,2319,Very Positive,0.8827080638206123,2021-12-07 17:53:43,1708.0,20-30
1716120,Monster Rancher 1 & 2 DX,29.99,1639011600.0,1,False,1030,109,1139,Very Positive,0.9043020193151887,2021-12-09 01:00:00,1707.0,20-30
1069660,Ultimate Admiral: Dreadnoughts,34.99,1674666244.0,1,False,4834,3108,7942,Mixed,0.6086628053387056,2023-01-25 17:04:04,1295.0,30-40
1144200,Ready or Not,49.99,1702490460.0,190,False,268067,73224,341291,Mostly Positive,0.7854499532656882,2023-12-13 18:01:00,972.0,40-50
747660,Five Nights at Freddy's: Security Breach,39.99,1639706418.0,12,False,60238,9438,69676,Very Positive,0.8645444629427637,2021-12-17 02:00:18,1699.0,30-40
1619750,Karryn's Prison,29.99,1639598616.0,1,False,4301,198,4499,Overwhelmingly Positive,0.9559902200488998,2021-12-15 20:03:36,1700.0,20-30
1769420,Noble Fates,24.99,1639504763.0,1,False,1228,253,1481,Very Positive,0.8291694800810263,2021-12-14 17:59:23,1701.0,20-30
1126320,Being a DIK - Season 1,13.99,1581665280.0,2,False,11219,431,11650,Overwhelmingly Positive,0.9630042918454935,2020-02-14 07:28:00,2371.0,10-20
1509510,Settlement Survival,21.49,1666629109.0,1,False,6841,1179,8020,Very Positive,0.8529925187032419,2022-10-24 16:31:49,1388.0,20-30
1563180,Internet Cafe Simulator 2,19.99,1641578411.0,1,False,9683,3508,13191,Mostly Positive,0.734061102266697,2022-01-07 18:00:11,1677.0,10-20
1522870,Supraland Six Inches Under,19.99,1642172398.0,1,False,4068,163,4231,Overwhelmingly Positive,0.9614748286457102,2022-01-14 14:59:58,1671.0,10-20
1296830,暖雪 Warm Snow,17.98,1642560060.0,6,False,36212,2742,38954,Very Positive,0.929609282743749,2022-01-19 02:41:00,1666.0,10-20
1832640,Mirror 2: Project X,1.99,1642745631.0,2,False,28221,87445,115666,Mostly Negative,0.2439869970432106,2022-01-21 06:13:51,1664.0,<5
1659040,HITMAN World of Assassination,29.99,1642701600.0,47,False,59060,8652,67712,Very Positive,0.8722235349716446,2022-01-20 18:00:00,1664.0,20-30
987840,Expeditions: Rome,44.99,1642701563.0,2,False,5858,843,6701,Very Positive,0.8741978809132965,2022-01-20 17:59:23,1664.0,40-50
1611600,WARNO,39.99,1716448500.0,2,False,12693,3215,15908,Mostly Positive,0.7979004274578828,2024-05-23 07:15:00,811.0,30-40
1432050,Nobody Saves the World,24.99,1642510824.0,2,False,6242,616,6858,Very Positive,0.910177894429863,2022-01-18 13:00:24,1667.0,20-30
920210,LEGO® Star Wars™: The Skywalker Saga,49.99,1649178000.0,31,False,43527,4789,48316,Very Positive,0.9008816955045947,2022-04-05 17:00:00,1590.0,40-50
1451940,NEEDY STREAMER OVERLOAD,15.99,1642755055.0,7,False,54073,3238,57311,Very Positive,0.9435012475789988,2022-01-21 08:50:55,1664.0,10-20
1794680,Vampire Survivors,4.99,1666281692.0,25,False,260097,4430,264527,Overwhelmingly Positive,0.983253127280013,2022-10-20 16:01:32,1392.0,<5
1109570,Word Game,34.99,1642759140.0,1,False,5981,429,6410,Very Positive,0.9330733229329173,2022-01-21 09:59:00,1664.0,30-40
1170950,Mortal Online 2,39.99,1643133705.0,1,False,8338,5542,13880,Mixed,0.6007204610951009,2022-01-25 18:01:45,1659.0,30-40
1843760,Rogue Tower,14.99,1643386143.0,2,False,4886,1028,5914,Very Positive,0.826175177544809,2022-01-28 16:09:03,1657.0,10-20
1272320,Diplomacy is Not an Option,29.99,1728060958.0,3,False,10657,1789,12446,Very Positive,0.8562590390486904,2024-10-04 16:55:58,677.0,20-30
1498570,THE KING OF FIGHTERS XV,39.99,1733990400.0,8,False,7635,1480,9115,Very Positive,0.8376302797586396,2024-12-12 08:00:00,608.0,30-40
1129540,Orc Massage,14.99,1644379680.0,1,False,6836,1481,8317,Very Positive,0.821930984730071,2022-02-09 04:08:00,1645.0,10-20
1164250,Model Builder: Complete Edition,19.99,1644339660.0,1,False,951,328,1279,Mostly Positive,0.743549648162627,2022-02-08 17:01:00,1646.0,10-20
1239020,TOGETHER BnB,17.99,1617987875.0,2,False,5493,3844,9337,Mixed,0.5883045946235408,2021-04-09 17:04:35,1951.0,10-20
1621310,Atelier Sophie 2: The Alchemist of the Mysterious Dream,59.99,1645750800.0,4,False,2418,156,2574,Very Positive,0.9393939393939394,2022-02-25 01:00:00,1629.0,50+
900040,ELEX II,49.99,1646157559.0,2,False,5051,1861,6912,Mostly Positive,0.7307581018518519,2022-03-01 17:59:19,1624.0,40-50
515960,Martha Is Dead,29.99,1645710775.0,1,False,3081,816,3897,Mostly Positive,0.7906081601231717,2022-02-24 13:52:55,1630.0,20-30
1656780,Hero's Hour,17.99,1646156954.0,1,False,4546,1173,5719,Mostly Positive,0.7948942122748732,2022-03-01 17:49:14,1624.0,10-20
1036890,Shadow Warrior 3: Definitive Edition,39.99,1646143260.0,1,False,3877,1754,5631,Mixed,0.6885100337417865,2022-03-01 14:01:00,1625.0,30-40
1621690,Core Keeper,19.99,1724749928.0,15,False,61213,4642,65855,Very Positive,0.929511806240984,2024-08-27 09:12:08,715.0,10-20
1531540,Distant Worlds 2,49.99,1646920971.0,1,False,2528,1019,3547,Mostly Positive,0.7127149703975191,2022-03-10 14:02:51,1616.0,40-50
1740720,Have a Nice Death,24.99,1679500826.0,2,False,9217,1516,10733,Very Positive,0.8587533774340818,2023-03-22 16:00:26,1239.0,20-30
982290,Airborne Kingdom,24.99,1646674935.0,1,False,2072,320,2392,Very Positive,0.8662207357859532,2022-03-07 17:42:15,1619.0,20-30
553420,TUNIC,29.99,1647450149.0,2,False,16625,1600,18225,Very Positive,0.9122085048010974,2022-03-16 17:02:29,1610.0,20-30
1602010,Persona 4 Arena Ultimax,29.99,1647489514.0,1,False,4084,571,4655,Very Positive,0.8773361976369495,2022-03-17 03:58:34,1609.0,20-30
1368030,ANNO: Mutationem,24.99,1647486060.0,1,False,5323,1270,6593,Very Positive,0.807371454573032,2022-03-17 03:01:00,1609.0,20-30
1475810,Ghostwire: Tokyo,59.99,1648180800.0,9,False,17315,3577,20892,Very Positive,0.828786138234731,2022-03-25 04:00:00,1601.0,50+
1029690,Sniper Elite 5,49.99,1653523305.0,20,False,25100,4872,29972,Very Positive,0.8374482850660616,2022-05-26 00:01:45,1539.0,40-50
1284190,The Planet Crafter,23.99,1712757296.0,23,False,69810,2878,72688,Overwhelmingly Positive,0.9604061193044244,2024-04-10 13:54:56,854.0,20-30
1239320,Animal Shelter,19.99,1648050561.0,1,False,3621,508,4129,Very Positive,0.8769677888108501,2022-03-23 15:49:21,1603.0,10-20
915810,Midnight Ghost Hunt,19.99,1711040635.0,5,False,5773,1773,7546,Mostly Positive,0.765041081367612,2024-03-21 17:03:55,874.0,10-20
1850570,DEATH STRANDING DIRECTOR'S CUT,39.99,1648650600.0,17,False,61921,5165,67086,Very Positive,0.9230092716811257,2022-03-30 14:30:00,1596.0,30-40
1097350,Weird West: Definitive Edition,39.99,1648731600.0,2,False,3499,959,4458,Mostly Positive,0.78488111260655,2022-03-31 13:00:00,1595.0,30-40
1218210,Coromon,19.99,1648742383.0,1,False,6749,1235,7984,Very Positive,0.8453156312625251,2022-03-31 15:59:43,1595.0,10-20
1588530,Dungeon Alchemist,44.99,1648735236.0,1,False,3688,204,3892,Very Positive,0.947584789311408,2022-03-31 14:00:36,1595.0,40-50
914800,Coffee Talk,12.99,1580318565.0,1,False,11839,663,12502,Very Positive,0.9469684850423932,2020-01-29 17:22:45,2387.0,10-20
1051690,Nightmare Reaper,24.99,1648485178.0,1,False,3535,248,3783,Very Positive,0.9344435633095427,2022-03-28 16:32:58,1598.0,20-30
1133760,CHRONO CROSS: THE RADICAL DREAMERS EDITION,19.99,1649347286.0,1,False,1523,956,2479,Mixed,0.6143606292860024,2022-04-07 16:01:26,1588.0,10-20
928960,Godfall Ultimate Edition,39.99,1649353187.0,1,False,1606,948,2554,Mixed,0.6288175411119812,2022-04-07 17:39:47,1588.0,30-40
1504570,Cultivation Tales,19.99,1713412982.0,1,False,5117,8507,13624,Mostly Negative,0.3755871990604815,2024-04-18 04:03:02,846.0,10-20
1846920,Lust Academy - Season 1,14.99,1649761482.0,1,False,1480,284,1764,Very Positive,0.8390022675736961,2022-04-12 11:04:42,1583.0,10-20
1924480,College Kings 2 - Episode 1,12.99,1649963011.0,1,False,1423,383,1806,Mostly Positive,0.7879291251384275,2022-04-14 19:03:31,1580.0,10-20
1021100,Aircraft Carrier Survival,19.99,1650457784.0,1,False,728,492,1220,Mixed,0.5967213114754099,2022-04-20 12:29:44,1575.0,10-20
1703340,The Stanley Parable: Ultra Deluxe,24.99,1651075200.0,5,False,33571,2093,35664,Very Positive,0.9413133692238672,2022-04-27 16:00:00,1568.0,20-30
1605220,Dune: Spice Wars,34.99,1694700102.0,3,False,10704,2815,13519,Mostly Positive,0.791774539536948,2023-09-14 14:01:42,1063.0,30-40
1157390,King Arthur: Knight's Tale,44.99,1650992400.0,2,False,6278,1223,7501,Very Positive,0.8369550726569791,2022-04-26 17:00:00,1569.0,40-50
1296610,Peglin,19.99,1724778360.0,3,False,14715,2862,17577,Very Positive,0.837173579109063,2024-08-27 17:06:00,715.0,10-20
666150,Prehistoric Kingdom,29.99,1651078826.0,1,False,5917,668,6585,Very Positive,0.8985573272589218,2022-04-27 17:00:26,1568.0,20-30
1226510,Trigon: Space Story,19.99,1651147253.0,1,False,966,454,1420,Mixed,0.680281690140845,2022-04-28 12:00:53,1567.0,10-20
1611910,"Warhammer 40,000: Chaos Gate - Daemonhunters",44.99,1651759235.0,9,False,11231,3422,14653,Mostly Positive,0.7664642052821947,2022-05-05 14:00:35,1560.0,40-50
1341290,We Were Here Forever,17.99,1652179614.0,3,False,16918,1762,18680,Very Positive,0.9056745182012848,2022-05-10 10:46:54,1555.0,10-20
867210,Songs of Conquest,29.99,1716217521.0,4,False,11559,1940,13499,Very Positive,0.8562856507889474,2024-05-20 15:05:21,814.0,20-30
1468720,Ultimate Epic Battle Simulator 2,19.99,1689958896.0,1,False,6270,1152,7422,Very Positive,0.8447857720291027,2023-07-21 17:01:36,1118.0,10-20
1608700,Soundfall,29.99,1652280585.0,1,False,847,308,1155,Mostly Positive,0.7333333333333333,2022-05-11 14:49:45,1554.0,20-30
1836860,Neptunia x SENRAN KAGURA: Ninja Wars,49.99,1652288442.0,1,False,1010,220,1230,Very Positive,0.8211382113821138,2022-05-11 17:00:42,1554.0,40-50
1843940,Brigandine The Legend of Runersia,39.99,1652252372.0,1,False,1175,205,1380,Very Positive,0.8514492753623188,2022-05-11 06:59:32,1554.0,30-40
1604030,V Rising,34.99,1715166032.0,36,False,121347,15064,136411,Very Positive,0.8895690230260023,2024-05-08 11:00:32,826.0,30-40
1874880,Arma Reforger,39.99,1700136000.0,32,False,44256,11186,55442,Mostly Positive,0.7982396017459688,2023-11-16 12:00:00,1000.0,30-40
597180,Old World,39.99,1652943590.0,4,False,5587,1195,6782,Very Positive,0.8237982895900914,2022-05-19 06:59:50,1546.0,30-40
1594940,Little Witch in the Woods,19.99,1757907055.0,1,False,11550,1421,12971,Very Positive,0.8904479222881814,2025-09-15 03:30:55,331.0,10-20
1922560,Plants vs. Zombies™ Garden Warfare 2: Deluxe Edition,29.99,1652720470.0,4,False,44772,5032,49804,Very Positive,0.8989639386394667,2022-05-16 17:01:10,1549.0,20-30
1084600,My Time at Sandrock,39.99,1698933641.0,4,False,25485,3417,28902,Very Positive,0.8817728876894333,2023-11-02 14:00:41,1014.0,30-40
1761390,Hatsune Miku: Project DIVA Mega Mix+,39.39,1653580807.0,4,False,22174,1225,23399,Very Positive,0.9476473353562118,2022-05-26 16:00:07,1539.0,30-40
747200,Keplerth,14.99,1653339600.0,1,False,3503,648,4151,Very Positive,0.8438930378222115,2022-05-23 21:00:00,1541.0,10-20
1259980,RIDE 4,39.99,1602161784.0,2,False,10213,2167,12380,Very Positive,0.8249596122778675,2020-10-08 12:56:24,2134.0,30-40
1332010,Stray,29.99,1658242831.0,40,False,171607,4919,176526,Overwhelmingly Positive,0.9721344164598983,2022-07-19 15:00:31,1485.0,20-30
1594320,Captain of Industry,34.99,1654002084.0,4,False,10266,1109,11375,Very Positive,0.9025054945054946,2022-05-31 13:01:24,1534.0,30-40
1361210,"Warhammer 40,000: Darktide",39.99,1669831200.0,61,False,98408,39005,137413,Mostly Positive,0.7161476716176781,2022-11-30 18:00:00,1350.0,30-40
1631080,HoneySelect2Libido DX,69.99,1654218674.0,2,False,1102,260,1362,Very Positive,0.8091042584434655,2022-06-03 01:11:14,1531.0,50+
1754000,The Elder Scrolls Online: High Isle,14.99,1654524000.0,2,False,164,108,272,Mixed,0.6029411764705882,2022-06-06 14:00:00,1528.0,10-20
1169040,Necesse,14.99,1760633972.0,3,False,26356,2041,28397,Very Positive,0.9281262105151953,2025-10-16 16:59:32,300.0,10-20
1371720,Card Shark,19.99,1654174523.0,1,False,2893,315,3208,Very Positive,0.9018079800498753,2022-06-02 12:55:23,1532.0,10-20
1938090,Call of Duty®,69.99,1666929600.0,186,False,455823,323030,778853,Mixed,0.5852490778105753,2022-10-28 04:00:00,1384.0,50+
1577120,The Quarry,59.99,1654834920.0,6,False,19984,4373,24357,Very Positive,0.8204622901014083,2022-06-10 04:22:00,1524.0,50+
1824220,Chivalry 2,39.99,1655042153.0,10,False,46111,12032,58143,Mostly Positive,0.7930619335087629,2022-06-12 13:55:53,1522.0,30-40
1966900,20 Minutes Till Dawn,4.99,1686225637.0,2,False,26247,2750,28997,Very Positive,0.9051626030278994,2023-06-08 12:00:37,1161.0,<5
1488200,Symphony of War: The Nephilim Saga,19.99,1654891182.0,2,False,13896,808,14704,Very Positive,0.9450489662676823,2022-06-10 19:59:42,1523.0,10-20
1120320,Builder Simulator,13.98,1654790297.0,1,False,1589,629,2218,Mostly Positive,0.7164111812443643,2022-06-09 15:58:17,1525.0,10-20
1462040,FINAL FANTASY VII REMAKE INTERGRADE,39.99,1655449235.0,54,False,44406,6624,51030,Very Positive,0.8701940035273369,2022-06-17 07:00:35,1517.0,30-40
1361510,Teenage Mutant Ninja Turtles: Shredder's Revenge,24.99,1655384280.0,3,False,13944,828,14772,Very Positive,0.9439480097481722,2022-06-16 12:58:00,1518.0,20-30
1202130,Starship Troopers: Terran Command,29.99,1655398808.0,1,False,10449,1521,11970,Very Positive,0.8729323308270677,2022-06-16 17:00:08,1518.0,20-30
1533420,Neon White,24.99,1655395200.0,2,False,20121,427,20548,Overwhelmingly Positive,0.9792193887482967,2022-06-16 16:00:00,1518.0,20-30
1286680,Tiny Tina's Wonderlands,29.99,1656003600.0,30,False,17364,7246,24610,Mostly Positive,0.7055668427468509,2022-06-23 17:00:00,1511.0,20-30
1216060,DNF Duel,49.99,1656399420.0,3,False,2648,1533,4181,Mixed,0.6333413059076776,2022-06-28 06:57:00,1506.0,40-50
1449200,AI: THE SOMNIUM FILES - nirvanA Initiative,39.99,1656086400.0,2,False,3233,511,3744,Very Positive,0.8635149572649573,2022-06-24 16:00:00,1510.0,30-40
523660,HYPERCHARGE: Unboxed,24.99,1588002358.0,1,False,3950,437,4387,Very Positive,0.9003875085479827,2020-04-27 15:45:58,2298.0,20-30
1730680,Klonoa Phantasy Reverie Series,39.99,1657231656.0,1,False,2102,128,2230,Very Positive,0.9426008968609866,2022-07-07 22:07:36,1496.0,30-40
1062520,Dinkum,19.99,1745373658.0,9,False,26649,2368,29017,Very Positive,0.9183926663679912,2025-04-23 02:00:58,476.0,10-20
1702330,Rune Factory 5,39.99,1657731727.0,1,False,1615,489,2104,Mostly Positive,0.7675855513307985,2022-07-13 17:02:07,1491.0,30-40
1677280,Company of Heroes 3,59.99,1677174720.0,13,False,22608,17174,39782,Mixed,0.5682972198481725,2023-02-23 17:52:00,1265.0,50+
1879330,WARRIORS OROCHI 3 Ultimate Definitive Edition,39.99,1657630836.0,1,False,2243,275,2518,Very Positive,0.8907863383637807,2022-07-12 13:00:36,1492.0,30-40
1700870,Clanfolk,29.99,1657814240.0,1,False,3684,332,4016,Very Positive,0.9173306772908366,2022-07-14 15:57:20,1490.0,20-30
1336980,NOBUNAGA'S AMBITION: Awakening,59.99,1658358000.0,4,False,2012,697,2709,Mostly Positive,0.7427094868955334,2022-07-20 23:00:00,1483.0,50+
1683340,Kayak VR: Mirage,22.99,1657620412.0,1,False,860,189,1049,Very Positive,0.8198284080076264,2022-07-12 10:06:52,1492.0,20-30
1817070,Marvel’s Spider-Man Remastered,59.99,1660316340.0,62,False,133074,5542,138616,Overwhelmingly Positive,0.960019045420442,2022-08-12 14:59:00,1461.0,50+
1889930,Baldur's Gate: Dark Alliance II,39.99,1658330863.0,1,False,520,145,665,Mostly Positive,0.7819548872180451,2022-07-20 15:27:43,1484.0,30-40
871980,Digimon Survive,59.99,1659049200.0,2,False,2925,775,3700,Mostly Positive,0.7905405405405406,2022-07-28 23:00:00,1475.0,50+
1850740,Ghost Watchers,14.99,1753365896.0,3,False,13956,2300,16256,Very Positive,0.858513779527559,2025-07-24 14:04:56,384.0,10-20
1136370,Bear and Breakfast,19.99,1659013508.0,1,False,4764,561,5325,Very Positive,0.8946478873239436,2022-07-28 13:05:08,1476.0,10-20
1987080,Inside the Backrooms,6.99,1655744359.0,8,False,37300,9400,46700,Mostly Positive,0.7987152034261242,2022-06-20 16:59:19,1514.0,5-10
1811950,The Legend of Heroes: Kuro no Kiseki,49.99,1658934000.0,1,False,1563,153,1716,Very Positive,0.9108391608391608,2022-07-27 15:00:00,1477.0,40-50
1060230,Sapiens,24.99,1658861795.0,1,False,1764,387,2151,Very Positive,0.8200836820083682,2022-07-26 18:56:35,1477.0,20-30
1612770,Sweet Transit,29.99,1713801970.0,1,False,857,406,1263,Mixed,0.6785431512272367,2024-04-22 16:06:10,842.0,20-30
1220140,Cartel Tycoon,29.99,1658851350.0,1,False,2891,908,3799,Mostly Positive,0.7609897341405633,2022-07-26 16:02:30,1478.0,20-30
1313140,Cult of the Lamb,24.99,1660233486.0,39,False,121800,5232,127032,Overwhelmingly Positive,0.9588135273002079,2022-08-11 15:58:06,1462.0,20-30
1295920,The Mortuary Assistant,24.99,1659448830.0,4,False,7978,703,8681,Very Positive,0.919018546250432,2022-08-02 14:00:30,1471.0,20-30
1866180,Hooked on You: A Dead by Daylight Dating Sim™,9.99,1659548212.0,1,False,6112,666,6778,Very Positive,0.9017409265269991,2022-08-03 17:36:52,1470.0,5-10
1282410,Hard West 2,29.99,1659632455.0,1,False,2618,579,3197,Very Positive,0.8188927119174226,2022-08-04 17:00:55,1469.0,20-30
1649080,Two Point Campus,29.99,1660053600.0,6,False,7109,993,8102,Very Positive,0.8774376697111824,2022-08-09 14:00:00,1464.0,20-30
1599600,PlateUp!,19.99,1659621694.0,10,False,25441,1417,26858,Very Positive,0.9472410454985479,2022-08-04 14:01:34,1469.0,10-20
1044720,Farthest Frontier,34.99,1761228008.0,10,False,21725,3513,25238,Very Positive,0.8608051351137174,2025-10-23 14:00:08,293.0,30-40
1288320,Way of the Hunter,29.99,1660669013.0,3,False,8936,2193,11129,Very Positive,0.8029472549195795,2022-08-16 16:56:53,1457.0,20-30
824550,SD GUNDAM BATTLE ALLIANCE,59.99,1661378217.0,5,False,3859,2241,6100,Mixed,0.6326229508196721,2022-08-24 21:56:57,1448.0,50+
1385380,Across the Obelisk,19.99,1660662275.0,4,False,10486,2551,13037,Very Positive,0.8043261486538315,2022-08-16 15:04:35,1457.0,10-20
1343240,Thymesia,24.99,1660838390.0,2,False,8193,1764,9957,Very Positive,0.8228382042783972,2022-08-18 15:59:50,1455.0,20-30
1350650,FreshWomen - Season 1,13.99,1660913084.0,2,False,17769,906,18675,Overwhelmingly Positive,0.9514859437751004,2022-08-19 12:44:44,1454.0,10-20
1109680,Regiments,29.99,1660643486.0,1,False,2562,357,2919,Very Positive,0.8776978417266187,2022-08-16 09:51:26,1457.0,20-30
1970580,Backpack Hero,22.73,1699984682.0,1,False,7335,1144,8479,Very Positive,0.8650784290600306,2023-11-14 17:58:02,1001.0,20-30
1294420,Rollerdrome,29.99,1660654806.0,1,False,2025,249,2274,Very Positive,0.8905013192612137,2022-08-16 13:00:06,1457.0,20-30
1777620,Soul Hackers 2,59.99,1661486407.0,2,False,2156,1133,3289,Mixed,0.6555183946488294,2022-08-26 04:00:07,1447.0,50+
990080,Hogwarts Legacy,59.99,1676052000.0,104,False,332955,37790,370745,Very Positive,0.8980701020917342,2023-02-10 18:00:00,1278.0,50+
1284210,Guild Wars 2®,19.99,1661279520.0,17,True,25728,3433,29161,Very Positive,0.8822742704296834,2022-08-23 18:32:00,1449.0,10-20
2060130,Return to Monkey Island,24.99,1663602981.0,4,False,8269,802,9071,Very Positive,0.9115863741594091,2022-09-19 15:56:21,1423.0,20-30
1372110,JoJo's Bizarre Adventure: All-Star Battle R,49.99,1662069621.0,2,False,16034,1610,17644,Very Positive,0.9087508501473589,2022-09-01 22:00:21,1440.0,40-50
529340,Victoria 3,49.99,1666713602.0,27,False,42678,17989,60667,Mostly Positive,0.7034796512107077,2022-10-25 16:00:02,1387.0,40-50
1266700,Destroy All Humans! 2 - Reprobed,39.99,1661878787.0,1,False,2471,691,3162,Mostly Positive,0.7814674256799494,2022-08-30 16:59:47,1443.0,30-40
1408610,Call of the Wild: The Angler™,29.99,1661950798.0,1,False,4835,2740,7575,Mixed,0.6382838283828383,2022-08-31 12:59:58,1442.0,20-30
1262580,Need for Speed™ Payback,29.99,1592505300.0,2,False,27248,4645,31893,Very Positive,0.8543567554008716,2020-06-18 18:35:00,2245.0,20-30
1324340,Made in Abyss: Binary Star Falling into Darkness,59.99,1662134155.0,1,False,2187,576,2763,Mostly Positive,0.7915309446254072,2022-09-02 15:55:55,1440.0,50+
1659600,Teenage Mutant Ninja Turtles: The Cowabunga Collection,39.99,1661879160.0,1,False,901,123,1024,Very Positive,0.8798828125,2022-08-30 17:06:00,1443.0,30-40
1401590,Disney Dreamlight Valley,39.99,1701785145.0,29,False,22684,1918,24602,Very Positive,0.9220388586293797,2023-12-05 14:05:45,981.0,30-40
1283400,Steelrising,59.98,1662652857.0,1,False,5177,2041,7218,Mostly Positive,0.7172346910501524,2022-09-08 16:00:57,1434.0,50+
1705180,"Gunner, HEAT, PC!",29.99,1662490861.0,1,False,7315,670,7985,Very Positive,0.9160926737633062,2022-09-06 19:01:01,1435.0,20-30
1150760,Gloomwood,19.99,1662418811.0,1,False,7915,414,8329,Overwhelmingly Positive,0.950294152959539,2022-09-05 23:00:11,1436.0,10-20
1944790,Train Sim World® 3,24.99,1662483600.0,2,False,3639,987,4626,Mostly Positive,0.7866407263294423,2022-09-06 17:00:00,1436.0,20-30
2058190,Lost Judgment,39.99,1663160316.0,2,False,8959,597,9556,Very Positive,0.9375261615738802,2022-09-14 12:58:36,1428.0,30-40
1061910,Metal: Hellsinger,29.99,1663228798.0,3,False,16247,710,16957,Overwhelmingly Positive,0.9581293860942384,2022-09-15 07:59:58,1427.0,20-30
1121640,The Wandering Village,29.99,1752764078.0,4,False,7715,674,8389,Very Positive,0.9196566932888306,2025-07-17 14:54:38,391.0,20-30
1556790,Isonzo,44.99,1663088400.0,1,False,14203,2916,17119,Very Positive,0.8296629476020796,2022-09-13 17:00:00,1429.0,40-50
2058180,Judgment,39.99,1663160292.0,1,False,11295,719,12014,Very Positive,0.9401531546529049,2022-09-14 12:58:12,1428.0,30-40
1273400,Construction Simulator,24.99,1663685047.0,5,False,11578,2763,14341,Very Positive,0.8073356111847152,2022-09-20 14:44:07,1422.0,20-30
1659420,UNCHARTED™: Legacy of Thieves Collection,49.99,1666192050.0,19,False,39063,4079,43142,Very Positive,0.90545176394233,2022-10-19 15:07:30,1393.0,40-50
1556200,Predator: Hunting Grounds,19.99,1619704518.0,1,False,4292,1355,5647,Mostly Positive,0.7600495838498318,2021-04-29 13:55:18,1931.0,10-20
1657630,Slime Rancher 2,28.49,1758646822.0,8,False,46754,2714,49468,Very Positive,0.9451362496967737,2025-09-23 17:00:22,323.0,20-30
1337760,Potion Permit,19.99,1663833639.0,1,False,4271,1109,5380,Mostly Positive,0.7938661710037175,2022-09-22 08:00:39,1420.0,10-20
1176470,Terra Invicta,39.99,1767636000.0,5,False,7814,1902,9716,Very Positive,0.8042404281597365,2026-01-05 18:00:00,218.0,30-40
1059990,Trombone Champ,14.99,1663298608.0,1,False,10912,234,11146,Overwhelmingly Positive,0.9790059214067827,2022-09-16 03:23:28,1426.0,10-20
1399080,The DioField Chronicle,59.99,1663862400.0,1,False,406,394,800,Mixed,0.5075,2022-09-22 16:00:00,1420.0,50+
1637320,Dome Keeper,17.99,1664296279.0,8,False,20359,1689,22048,Very Positive,0.923394412191582,2022-09-27 16:31:19,1415.0,10-20
1602080,Soulstice,39.99,1663657195.0,1,False,2013,745,2758,Mostly Positive,0.7298767222625091,2022-09-20 06:59:55,1422.0,30-40
1592190,BONELAB,39.99,1664470841.0,2,False,16470,3604,20074,Very Positive,0.8204642821560227,2022-09-29 17:00:41,1413.0,30-40
1954200,Kena: Bridge of Spirits,39.99,1664244000.0,5,False,16103,1390,17493,Very Positive,0.9205396444292002,2022-09-27 02:00:00,1415.0,30-40
1789480,Marauders,29.99,1664812783.0,4,False,14413,7007,21420,Mixed,0.6728758169934641,2022-10-03 15:59:43,1409.0,20-30
1668510,The Legend of Heroes: Trails from Zero,39.99,1664298000.0,1,False,1510,36,1546,Overwhelmingly Positive,0.9767141009055628,2022-09-27 17:00:00,1415.0,30-40
1942280,Brotato,4.99,1687514379.0,9,False,112850,4673,117523,Overwhelmingly Positive,0.9602375705181113,2023-06-23 09:59:39,1146.0,<5
1496790,Gotham Knights,59.99,1666371657.0,11,False,16946,8198,25144,Mixed,0.6739580019090041,2022-10-21 17:00:57,1391.0,50+
1846380,Need for Speed™ Unbound,69.99,1669964400.0,15,False,35763,23605,59368,Mixed,0.6023952297534025,2022-12-02 07:00:00,1349.0,50+
698670,Scorn,39.99,1665741120.0,2,False,14957,4548,19505,Mostly Positive,0.7668290182004615,2022-10-14 09:52:00,1398.0,30-40
1158160,Coral Island,29.99,1699974556.0,3,False,24347,3051,27398,Very Positive,0.8886415066793196,2023-11-14 15:09:16,1002.0,20-30
1324130,Stranded: Alien Dawn,34.99,1682427600.0,6,False,9446,1753,11199,Very Positive,0.8434681668006072,2023-04-25 13:00:00,1205.0,30-40
1276760,DRAGON BALL: THE BREAKERS,19.99,1665698798.0,1,False,3242,3291,6533,Mixed,0.4962498086637073,2022-10-13 22:06:38,1398.0,10-20
1850510,TRIANGLE STRATEGY,59.99,1665680444.0,1,False,2968,751,3719,Mostly Positive,0.7980639956977682,2022-10-13 17:00:44,1399.0,50+
1182900,A Plague Tale: Requiem,49.99,1666026000.0,5,False,23914,2424,26338,Very Positive,0.9079656769686385,2022-10-17 17:00:00,1395.0,40-50
1874490,Potionomics,24.99,1666026000.0,2,False,6639,701,7340,Very Positive,0.9044959128065395,2022-10-17 17:00:00,1395.0,20-30
1380910,Stardeus,29.99,1665586708.0,1,False,1346,202,1548,Very Positive,0.8695090439276486,2022-10-12 14:58:28,1400.0,20-30
1731070,Asterigos: Curse of the Stars,34.99,1665507393.0,1,False,2703,757,3460,Mostly Positive,0.78121387283237,2022-10-11 16:56:33,1401.0,30-40
1817190,Marvel’s Spider-Man: Miles Morales,49.99,1668787080.0,28,False,51244,3703,54947,Very Positive,0.9326077856843867,2022-11-18 15:58:00,1363.0,40-50
1580520,Lost Eidolons,34.99,1665672423.0,1,False,1627,752,2379,Mixed,0.6839007986548971,2022-10-13 14:47:03,1399.0,30-40
1898290,LEGO® Bricktales,29.99,1665586810.0,1,False,1709,349,2058,Very Positive,0.8304178814382897,2022-10-12 15:00:10,1400.0,20-30
1687950,Persona 5 Royal,59.99,1666324804.0,48,False,131549,4935,136484,Overwhelmingly Positive,0.9638419155358869,2022-10-21 04:00:04,1391.0,50+
2050650,Resident Evil 4,39.99,1679616000.0,85,False,264190,7227,271417,Overwhelmingly Positive,0.9733730753784766,2023-03-24 00:00:00,1237.0,30-40
1850960,The Jackbox Party Pack 9,29.99,1666241998.0,1,False,676,132,808,Very Positive,0.8366336633663366,2022-10-20 04:59:58,1392.0,20-30
1324530,"Warhammer 40,000: Shootas, Blood & Teef",19.99,1666277689.0,1,False,2724,407,3131,Very Positive,0.8700095816033216,2022-10-20 14:54:49,1392.0,10-20
1665190,Monster Prom 3: Monster Roadtrip,11.99,1666372245.0,1,False,3214,95,3309,Overwhelmingly Positive,0.9712904200664854,2022-10-21 17:10:45,1391.0,10-20
1647550,NEO: The World Ends with You,59.99,1666196922.0,1,False,1010,87,1097,Very Positive,0.9206927985414768,2022-10-19 16:28:42,1393.0,50+
1776380,STAR OCEAN THE DIVINE FORCE,59.99,1666886424.0,1,False,1395,690,2085,Mixed,0.6690647482014388,2022-10-27 16:00:24,1385.0,50+
799600,Cosmoteer: Starship Architect & Commander,19.99,1666627175.0,4,False,12065,720,12785,Very Positive,0.9436840046929996,2022-10-24 15:59:35,1388.0,10-20
1868140,DAVE THE DIVER,19.99,1687942854.0,34,False,154502,5559,160061,Overwhelmingly Positive,0.9652694910065538,2023-06-28 09:00:54,1141.0,10-20
1599660,Sackboy™: A Big Adventure,59.99,1666882619.0,3,False,3701,719,4420,Very Positive,0.8373303167420815,2022-10-27 14:56:59,1385.0,50+
1262350,SIGNALIS,19.99,1666879183.0,1,False,32763,1154,33917,Overwhelmingly Positive,0.9659757643659522,2022-10-27 13:59:43,1385.0,10-20
1237320,Sonic Frontiers,39.99,1667883780.0,8,False,25180,3034,28214,Very Positive,0.8924647338200893,2022-11-08 05:03:00,1373.0,30-40
1816300,HARVESTELLA,59.99,1667577589.0,1,False,1955,577,2532,Mostly Positive,0.7721169036334913,2022-11-04 15:59:49,1377.0,50+
1336490,Against the Storm,29.99,1702050764.0,8,False,35043,2048,37091,Very Positive,0.9447844490577229,2023-12-08 15:52:44,978.0,20-30
1515210,The Past Within,5.99,1667390498.0,2,False,15815,895,16710,Very Positive,0.9464392579293835,2022-11-02 12:01:38,1379.0,5-10
2066020,Soulstone Survivors,14.99,1750179552.0,3,False,24382,2304,26686,Very Positive,0.9136625946189013,2025-06-17 16:59:12,421.0,10-20
1451090,Tactics Ogre: Reborn,49.99,1668189422.0,2,False,3325,1219,4544,Mostly Positive,0.7317341549295775,2022-11-11 17:57:02,1369.0,40-50
1939160,Shadows Over Loathing,22.99,1668181087.0,1,False,3173,133,3306,Overwhelmingly Positive,0.9597701149425287,2022-11-11 15:38:07,1370.0,20-30
1614550,Astro Colony,19.99,1780423302.0,1,False,2169,515,2684,Very Positive,0.8081222056631893,2026-06-02 18:01:42,70.0,10-20
1849900,Among Us 3D: VR,9.99,1668103200.0,1,False,2049,716,2765,Mostly Positive,0.7410488245931284,2022-11-10 18:00:00,1370.0,5-10
1963210,VALKYRIE ELYSIUM,59.99,1668185946.0,1,False,765,445,1210,Mixed,0.6322314049586777,2022-11-11 16:59:06,1370.0,50+
1063660,Bendy and the Dark Revival,19.99,1668499230.0,1,False,14767,1260,16027,Very Positive,0.9213826667498596,2022-11-15 08:00:30,1366.0,10-20
1782120,ZERO Sievert,19.99,1729697047.0,2,False,12799,2319,15118,Very Positive,0.8466066940071438,2024-10-23 15:24:07,658.0,10-20
1065310,Evil West,49.99,1669071600.0,3,False,9868,3507,13375,Mostly Positive,0.7377943925233645,2022-11-21 23:00:00,1359.0,40-50
1567020,The Dark Pictures Anthology: The Devil in Me,39.99,1668730041.0,1,False,3407,2790,6197,Mixed,0.5497821526545102,2022-11-18 00:07:21,1363.0,30-40
973230,We Who Are About To Die,21.99,1668445201.0,2,False,7323,989,8312,Very Positive,0.8810153994225216,2022-11-14 17:00:01,1367.0,20-30
2096610,Crysis 3 Remastered,29.99,1668696943.0,1,False,7110,990,8100,Very Positive,0.8777777777777778,2022-11-17 14:55:43,1364.0,20-30
715400,Frozen Flame,19.99,1668693600.0,1,False,1870,1115,2985,Mixed,0.626465661641541,2022-11-17 14:00:00,1364.0,10-20
2096600,Crysis 2 Remastered,29.99,1668696875.0,1,False,8325,1029,9354,Very Positive,0.8899935856318153,2022-11-17 14:54:35,1364.0,20-30
1881420,Cardfight!! Vanguard Dear Days,69.99,1668610500.0,1,False,957,305,1262,Mostly Positive,0.7583201267828843,2022-11-16 14:55:00,1365.0,50+
1205520,Pentiment,19.99,1668495653.0,1,False,9190,469,9659,Overwhelmingly Positive,0.9514442488870484,2022-11-15 07:00:53,1366.0,10-20
1544020,The Callisto Protocol™,59.99,1669957200.0,7,False,28447,15102,43549,Mixed,0.6532182139658775,2022-12-02 05:00:00,1349.0,50+
368260,Marvel's Midnight Suns,59.99,1669957323.0,9,False,19711,4439,24150,Very Positive,0.8161904761904762,2022-12-02 05:02:03,1349.0,50+
1608070,CRISIS CORE –FINAL FANTASY VII– REUNION,49.99,1670950610.0,6,False,7963,939,8902,Very Positive,0.8945180858234105,2022-12-13 16:56:50,1338.0,40-50
1952250,SAMURAI MAIDEN,59.99,1670486400.0,1,False,444,318,762,Mixed,0.5826771653543307,2022-12-08 08:00:00,1343.0,50+
975370,Dwarf Fortress,29.99,1670338727.0,7,False,29720,1634,31354,Very Positive,0.9478854372647828,2022-12-06 14:58:47,1345.0,20-30
2208920,Assassin's Creed Valhalla,59.99,1670349651.0,34,False,30719,13494,44213,Mixed,0.6947956483387239,2022-12-06 18:00:51,1344.0,50+
1113120,IXION,34.99,1670435951.0,3,False,13818,3720,17538,Mostly Positive,0.7878891549777626,2022-12-07 17:59:11,1343.0,30-40
736820,Knights of Honor II: Sovereign,44.99,1670349497.0,1,False,5147,1519,6666,Mostly Positive,0.7721272127212722,2022-12-06 17:58:17,1344.0,40-50
1766740,Choo-Choo Charles,31.43,1670596282.0,3,False,15775,1587,17362,Very Positive,0.9085934800138233,2022-12-09 14:31:22,1342.0,30-40
1229240,Chained Echoes,24.99,1670504335.0,1,False,7147,914,8061,Very Positive,0.8866145639498821,2022-12-08 12:58:55,1343.0,20-30
1774580,STAR WARS Jedi: Survivor™,69.99,1682654400.0,49,False,60521,24778,85299,Mostly Positive,0.7095159380532011,2023-04-28 04:00:00,1202.0,50+
1583230,High On Life,39.99,1670918400.0,9,False,22656,2794,25450,Very Positive,0.8902161100196464,2022-12-13 08:00:00,1338.0,30-40
2221920,Immortals Fenyx Rising,39.99,1671127108.0,1,False,3386,1244,4630,Mostly Positive,0.7313174946004319,2022-12-15 17:58:28,1335.0,30-40
1920480,River City Girls 2,39.99,1671080424.0,1,False,1716,293,2009,Very Positive,0.8541562966650075,2022-12-15 05:00:24,1336.0,30-40
814000,ONE PIECE ODYSSEY,39.99,1673560777.0,3,False,2731,748,3479,Mostly Positive,0.7849956884162116,2023-01-12 21:59:37,1307.0,30-40
2221490,Tom Clancy’s The Division® 2,29.99,1673545980.0,23,False,27828,7492,35320,Mostly Positive,0.7878822197055493,2023-01-12 17:53:00,1307.0,20-30
1693980,Dead Space,59.99,1674835321.0,24,False,63078,6627,69705,Very Positive,0.9049279104798795,2023-01-27 16:02:01,1293.0,50+
2161440,Sailing Era,24.99,1673491993.0,1,False,3931,1080,5011,Mostly Positive,0.7844741568549192,2023-01-12 02:53:13,1308.0,20-30
1189490,觅长生,14.99,1673582449.0,2,False,29627,2198,31825,Very Positive,0.9309347996857816,2023-01-13 04:00:49,1307.0,10-20
1812300,Aquatico,24.99,1673542774.0,1,False,583,288,871,Mixed,0.669345579793341,2023-01-12 16:59:34,1308.0,20-30
1422130,SimRail - The Railway Simulator,34.99,1734116336.0,1,False,4620,805,5425,Very Positive,0.8516129032258064,2024-12-13 18:58:56,606.0,30-40
1816570,江湖十一,17.99,1673404791.0,1,False,2337,3274,5611,Mixed,0.41650329709499195,2023-01-11 02:39:51,1309.0,10-20
1680880,Forspoken,69.99,1674579595.0,3,False,5328,3189,8517,Mixed,0.6255723846424798,2023-01-24 16:59:55,1296.0,50+
1547000,Grand Theft Auto: San Andreas – The Definitive Edition,59.99,1674151680.0,4,False,12543,3172,15715,Mostly Positive,0.7981546293350302,2023-01-19 18:08:00,1300.0,50+
1809700,Persona 3 Portable,19.99,1674104448.0,1,False,4595,1088,5683,Very Positive,0.808551821221186,2023-01-19 05:00:48,1301.0,10-20
2231380,Tom Clancy's Ghost Recon® Breakpoint,59.99,1674493200.0,20,False,32375,11572,43947,Mostly Positive,0.7366828224907275,2023-01-23 17:00:00,1297.0,50+
939400,LoveChoice,1.99,1636981183.0,1,False,33676,2841,36517,Very Positive,0.9222006188898322,2021-11-15 12:59:43,1731.0,<5
312520,Rain World,24.99,1490720400.0,5,False,52500,3504,56004,Very Positive,0.9374330404971073,2017-03-28 17:00:00,3424.0,20-30
1254320,Surviving the Abyss,19.99,1730819142.0,1,False,698,379,1077,Mixed,0.6480965645311049,2024-11-05 15:05:42,645.0,10-20
1485590,ENDLESS Dungeon™ - Definitive Edition,14.99,1697724240.0,2,False,2494,1345,3839,Mixed,0.6496483459234176,2023-10-19 14:04:00,1028.0,10-20
1629520,A Little to the Left,14.99,1667919755.0,4,False,17224,1578,18802,Very Positive,0.9160727582172109,2022-11-08 15:02:35,1373.0,10-20
1888930,The Last of Us™ Part I,59.99,1680015509.0,48,False,90516,16924,107440,Very Positive,0.8424795234549516,2023-03-28 14:58:29,1233.0,50+
1817230,Hi-Fi RUSH,29.99,1674680409.0,8,False,34734,1083,35817,Overwhelmingly Positive,0.9697629617220873,2023-01-25 21:00:09,1294.0,20-30
2239550,Watch Dogs®: Legion,59.99,1674755640.0,4,False,6999,5418,12417,Mixed,0.5636627204638802,2023-01-26 17:54:00,1293.0,50+
2231450,Pizza Tower,19.99,1674756022.0,9,False,71107,1235,72342,Overwhelmingly Positive,0.9829283127367228,2023-01-26 18:00:22,1293.0,10-20
2172860,The Elder Scrolls Online: Necrom,14.99,1685973600.0,3,False,220,86,306,Mostly Positive,0.7189542483660131,2023-06-05 14:00:00,1164.0,10-20
1451190,Undisputed,49.99,1728401324.0,3,False,13409,9236,22645,Mixed,0.5921395451534555,2024-10-08 15:28:44,673.0,40-50
1581770,SpellForce: Conquest of Eo,29.99,1675432716.0,1,False,2126,525,2651,Very Positive,0.8019615239532252,2023-02-03 13:58:36,1286.0,20-30
1282150,SpongeBob SquarePants: The Cosmic Shake,39.99,1675187837.0,1,False,4539,387,4926,Very Positive,0.9214372716199757,2023-01-31 17:57:17,1288.0,30-40
2095300,Breakout 13,9.99,1673250900.0,1,False,6563,902,7465,Very Positive,0.8791694574681849,2023-01-09 07:55:00,1311.0,5-10
1448440,Wo Long: Fallen Dynasty,39.99,1677830400.0,6,False,14567,14649,29216,Mixed,0.49859665936473163,2023-03-03 08:00:00,1258.0,30-40
1943950,Escape the Backrooms,9.99,1761217224.0,17,False,143774,16036,159810,Very Positive,0.8996558413115575,2025-10-23 11:00:24,293.0,5-10
1938010,WILD HEARTS™,69.99,1676559694.0,5,False,6108,6930,13038,Mixed,0.4684767602393005,2023-02-16 15:01:34,1273.0,50+
695330,SEASON: A letter to the future,24.99,1675184340.0,1,False,1937,139,2076,Very Positive,0.9330443159922929,2023-01-31 16:59:00,1289.0,20-30
668580,Atomic Heart,49.6,1676933700.0,21,False,40739,9747,50486,Very Positive,0.806936576476647,2023-02-20 22:55:00,1268.0,40-50
1342260,SAMURAI SHODOWN,49.53,1623690000.0,1,False,1380,332,1712,Very Positive,0.8060747663551402,2021-06-14 17:00:00,1885.0,40-50
1805480,Like a Dragon: Ishin!,39.99,1676991780.0,3,False,5141,1228,6369,Very Positive,0.8071910818024808,2023-02-21 15:03:00,1268.0,30-40
1963370,No One Survived,16.99,1766828127.0,1,False,4997,2767,7764,Mixed,0.6436115404430706,2025-12-27 09:35:27,228.0,10-20
1649240,Returnal™,59.99,1676476646.0,2,False,8872,2079,10951,Very Positive,0.8101543238060451,2023-02-15 15:57:26,1274.0,50+
1351080,Pharaoh™: A New Era,22.99,1676473161.0,1,False,3987,1333,5320,Mostly Positive,0.7494360902255639,2023-02-15 14:59:21,1274.0,20-30
1201540,HELLCARD,24.99,1706810418.0,1,False,3986,669,4655,Very Positive,0.8562835660580022,2024-02-01 18:00:18,922.0,20-30
1894430,Plan B: Terraform,15.99,1756472660.0,1,False,3253,315,3568,Very Positive,0.9117152466367713,2025-08-29 13:04:20,348.0,10-20
1971650,OCTOPATH TRAVELER II,59.99,1677257938.0,14,False,15907,1136,17043,Very Positive,0.93334506835651,2023-02-24 16:58:58,1265.0,50+
1016950,Blood Bowl 3,29.99,1677171687.0,2,False,2796,2848,5644,Mixed,0.4953933380581148,2023-02-23 17:01:27,1266.0,20-30
1329880,Wild West Legacy,26.99,1724345830.0,1,False,789,1352,2141,Mostly Negative,0.36851938346567026,2024-08-22 16:57:10,720.0,20-30
1998340,Labyrinth of Galleria: The Moon Society,49.99,1676397737.0,1,False,480,108,588,Very Positive,0.8163265306122449,2023-02-14 18:02:17,1274.0,40-50
1326470,Sons Of The Forest,29.99,1708624858.0,123,False,280050,36628,316678,Very Positive,0.8843367711050342,2024-02-22 18:00:58,901.0,20-30
954850,Kerbal Space Program 2,49.99,1677247203.0,3,False,8204,23690,31894,Mostly Negative,0.2572270646516586,2023-02-24 14:00:03,1265.0,40-50
1530160,Digimon World: Next Order,59.99,1677020340.0,1,False,2385,544,2929,Very Positive,0.8142710822806418,2023-02-21 22:59:00,1267.0,50+
553540,Phantom Brigade,39.98,1677606351.0,1,False,3640,853,4493,Very Positive,0.8101491208546628,2023-02-28 17:45:51,1260.0,30-40
1347970,Patch Quest,14.99,1677776663.0,1,False,2604,179,2783,Very Positive,0.9356809198706432,2023-03-02 17:04:23,1259.0,10-20
1669000,Age of Wonders 4,49.99,1683043231.0,27,False,18579,4267,22846,Very Positive,0.8132276985030202,2023-05-02 16:00:31,1198.0,40-50
756800,Contraband Police,29.99,1678284082.0,6,False,24133,1262,25395,Overwhelmingly Positive,0.9503051781846821,2023-03-08 14:01:22,1253.0,20-30
1948980,Hero's Adventure: Road to Passion,17.98,1700103000.0,2,False,21073,3863,24936,Very Positive,0.845083413538659,2023-11-16 02:50:00,1000.0,10-20
1331550,Big Ambitions,25.99,1678471242.0,5,False,12333,987,13320,Very Positive,0.9259009009009009,2023-03-10 18:00:42,1250.0,20-30
1985810,Call of Duty®: Black Ops Cold War,59.99,1678294760.0,13,False,18245,4696,22941,Mostly Positive,0.795300989494791,2023-03-08 16:59:20,1253.0,50+
2000950,Call of Duty®: Modern Warfare®,59.99,1678294809.0,13,False,35007,9322,44329,Mostly Positive,0.7897087685262469,2023-03-08 17:00:09,1253.0,50+
1432860,Sun Haven,24.99,1678494712.0,8,False,20411,4920,25331,Very Positive,0.8057715842248628,2023-03-11 00:31:52,1250.0,20-30
1214470,Hotel Renovator,24.99,1678208400.0,1,False,2143,646,2789,Mostly Positive,0.7683757619218358,2023-03-07 17:00:00,1254.0,20-30
2130460,FATAL FRAME / PROJECT ZERO: Mask of the Lunar Eclipse,49.99,1678323600.0,1,False,1756,205,1961,Very Positive,0.8954614992350841,2023-03-09 01:00:00,1252.0,40-50
1985820,Call of Duty®: Vanguard,59.99,1678294770.0,1,False,2885,1387,4272,Mixed,0.6753277153558053,2023-03-08 16:59:30,1253.0,50+
820520,Deceive Inc.,19.99,1679410841.0,5,False,6379,1484,7863,Very Positive,0.8112679638814702,2023-03-21 15:00:41,1240.0,10-20
1562430,DREDGE,39.99,1680192098.0,20,False,53681,2335,56016,Overwhelmingly Positive,0.9583154812910597,2023-03-30 16:01:38,1231.0,30-40
768200,Smalland: Survive the Wilds,34.99,1708005572.0,3,False,8494,1900,10394,Very Positive,0.817202232056956,2024-02-15 13:59:32,909.0,30-40
2138710,Sifu,45.48,1680011092.0,10,False,26055,2311,28366,Very Positive,0.9185292251286752,2023-03-28 13:44:52,1233.0,40-50
1929610,Demonologist,19.99,1695653691.0,10,False,20448,3540,23988,Very Positive,0.8524262131065533,2023-09-25 14:54:51,1052.0,10-20
1593030,Terra Nil,24.99,1680018708.0,2,False,7608,1089,8697,Very Positive,0.8747844084166954,2023-03-28 15:51:48,1233.0,20-30
2109370,The Great War: Western Front™,34.99,1680192042.0,1,False,2171,1102,3273,Mixed,0.663305835624809,2023-03-30 16:00:42,1231.0,30-40
774801,Crab Champions,9.99,1680364802.0,4,False,30291,656,30947,Overwhelmingly Positive,0.9788024687368727,2023-04-01 16:00:02,1229.0,5-10
1466060,Tainted Grail: The Fall of Avalon,44.99,1748012455.0,21,False,30443,4246,34689,Very Positive,0.8775980858485399,2025-05-23 15:00:55,446.0,40-50
2071280,Ravenswatch,24.99,1727366487.0,7,False,17866,4502,22368,Mostly Positive,0.7987303290414879,2024-09-26 16:01:27,685.0,20-30
1358700,STRANGER OF PARADISE FINAL FANTASY ORIGIN,39.99,1680796699.0,3,False,3842,768,4610,Very Positive,0.8334056399132321,2023-04-06 15:58:19,1224.0,30-40
1194810,Meet Your Maker,19.99,1680623424.0,1,False,2465,984,3449,Mostly Positive,0.7146999130182662,2023-04-04 15:50:24,1226.0,10-20
1677350,EA SPORTS™ PGA TOUR™,69.99,1680840000.0,1,False,1396,1212,2608,Mixed,0.5352760736196319,2023-04-07 04:00:00,1223.0,50+
1798020,Mega Man Battle Network Legacy Collection Vol. 2,39.99,1681444800.0,2,False,519,78,597,Very Positive,0.8693467336683417,2023-04-14 04:00:00,1216.0,30-40
1571100,Passpartout 2: The Lost Artist,24.99,1680625688.0,1,False,1290,67,1357,Overwhelmingly Positive,0.9506263817243921,2023-04-04 16:28:08,1226.0,20-30
1798010,Mega Man Battle Network Legacy Collection Vol. 1,39.99,1681444800.0,1,False,1339,188,1527,Very Positive,0.876882776686313,2023-04-14 04:00:00,1216.0,30-40
1811990,Wildfrost,19.99,1681290029.0,2,False,7296,1508,8804,Very Positive,0.8287142208087233,2023-04-12 09:00:29,1218.0,10-20
1651560,Fabledom,20.99,1715605143.0,2,False,6576,1146,7722,Very Positive,0.8515928515928516,2024-05-13 12:59:03,821.0,20-30
1928870,Minecraft Legends,39.99,1681832885.0,2,False,1654,1196,2850,Mixed,0.5803508771929825,2023-04-18 15:48:05,1212.0,30-40
1457080,The Mageseeker: A League of Legends Story™,29.99,1681833645.0,1,False,2301,451,2752,Very Positive,0.8361191860465116,2023-04-18 16:00:45,1212.0,20-30
1669980,Volcano Princess,10.99,1682049259.0,3,False,47731,1076,48807,Overwhelmingly Positive,0.9779539820107771,2023-04-21 03:54:19,1209.0,10-20
1364780,Street Fighter™ 6,39.99,1685678400.0,95,False,64381,13809,78190,Very Positive,0.8233917380739225,2023-06-02 04:00:00,1167.0,30-40
986130,Shadows of Doubt,24.99,1727366311.0,5,False,14496,3150,17646,Very Positive,0.8214892893573614,2024-09-26 15:58:31,685.0,20-30
1888160,ARMORED CORE™ VI FIRES OF RUBICON™,59.99,1692914439.0,25,False,78224,7105,85329,Very Positive,0.9167340529011239,2023-08-24 22:00:39,1083.0,50+
1294810,Redfall,39.99,1682985798.0,1,False,1807,2896,4703,Mostly Negative,0.3842228364873485,2023-05-02 00:03:18,1198.0,30-40
1245560,Roots of Pacha,24.99,1682441589.0,1,False,4236,289,4525,Very Positive,0.9361325966850829,2023-04-25 16:53:09,1205.0,20-30
1321440,Cassette Beasts,19.99,1682521253.0,1,False,10342,654,10996,Very Positive,0.9405238268461259,2023-04-26 15:00:53,1204.0,10-20
1940340,Darkest Dungeon® II,39.99,1683560828.0,9,False,19866,6706,26572,Mostly Positive,0.7476290832455216,2023-05-08 15:47:08,1192.0,30-40
1494420,Silica,19.99,1683121878.0,2,False,3725,1154,4879,Mostly Positive,0.7634761221561795,2023-05-03 13:51:18,1197.0,10-20
1566200,Tape to Tape,19.99,1683125503.0,1,False,3371,288,3659,Very Positive,0.9212899699371413,2023-05-03 14:51:43,1197.0,10-20
2369390,Far Cry® 6,59.99,1683824300.0,14,False,25087,10133,35220,Mostly Positive,0.7122941510505395,2023-05-11 16:58:20,1189.0,50+
1159690,Voidtrain,29.99,1762534799.0,3,False,7190,2567,9757,Mostly Positive,0.7369068361176592,2025-11-07 16:59:59,278.0,20-30
669330,Mechabellum,14.99,1727362800.0,2,False,16100,3125,19225,Very Positive,0.8374512353706112,2024-09-26 15:00:00,685.0,10-20
758690,Occupy Mars: The Game,29.99,1769796855.0,1,False,2184,939,3123,Mixed,0.6993275696445725,2026-01-30 18:14:15,193.0,20-30
2126680,Lust Academy - Season 2,14.99,1683636584.0,1,False,586,119,705,Very Positive,0.8312056737588652,2023-05-09 12:49:44,1191.0,10-20
1304930,The Outlast Trials,39.99,1709650061.0,37,False,101983,8239,110222,Very Positive,0.9252508573605995,2024-03-05 14:47:41,890.0,30-40
1268750,Starship Troopers: Extermination,29.99,1728604776.0,7,False,26441,6811,33252,Mostly Positive,0.795170215325394,2024-10-10 23:59:36,670.0,20-30
1971870,Mortal Kombat 1,49.99,1695142740.0,33,False,35412,13519,48931,Mostly Positive,0.7237129835891357,2023-09-19 16:59:00,1058.0,40-50
2005010,"Warhammer 40,000: Boltgun",21.99,1684857482.0,2,False,16144,1892,18036,Very Positive,0.8950986915058772,2023-05-23 15:58:02,1177.0,20-30
1644320,Railway Empire 2,49.99,1685033710.0,1,False,1911,725,2636,Mostly Positive,0.7249620637329287,2023-05-25 16:55:10,1175.0,40-50
2231010,Fetish Locator Week Three,19.99,1684961896.0,1,False,677,243,920,Mostly Positive,0.7358695652173913,2023-05-24 20:58:16,1175.0,10-20
482400,System Shock,36.38,1685459032.0,5,False,11619,1239,12858,Very Positive,0.9036397573495101,2023-05-30 15:03:52,1170.0,30-40
1649010,Miasma Chronicles,34.99,1684853402.0,1,False,2387,604,2991,Mostly Positive,0.7980608492143096,2023-05-23 14:50:02,1177.0,30-40
1589120,Above Snakes,24.99,1685023125.0,1,False,1481,505,1986,Mostly Positive,0.7457200402819738,2023-05-25 13:58:45,1175.0,20-30
1607680,Bread & Fred,14.99,1684850464.0,1,False,4022,1158,5180,Mostly Positive,0.7764478764478765,2023-05-23 14:01:04,1177.0,10-20
1608230,Planet of Lana,23.98,1684853871.0,1,False,9631,716,10347,Very Positive,0.9308011984149995,2023-05-23 14:57:51,1177.0,20-30
1785150,Friends vs Friends,9.99,1685455026.0,1,False,12149,2537,14686,Very Positive,0.827250442598393,2023-05-30 13:57:06,1170.0,5-10
1730700,We Love Katamari REROLL+ Royal Reverie,29.99,1685656685.0,1,False,2527,115,2642,Overwhelmingly Positive,0.9564723694171082,2023-06-01 21:58:05,1167.0,20-30
1810820,Etrian Odyssey III HD,39.99,1686751200.0,1,False,659,95,754,Very Positive,0.8740053050397878,2023-06-14 14:00:00,1155.0,30-40
1139980,Travellers Rest,17.99,1595951905.0,3,False,15728,2153,17881,Very Positive,0.8795928639337844,2020-07-28 15:58:25,2206.0,10-20
1850160,Poly Bridge 3,19.99,1685465940.0,1,False,2031,81,2112,Overwhelmingly Positive,0.9616477272727273,2023-05-30 16:59:00,1170.0,10-20
1868180,Etrian Odyssey HD,39.99,1686751200.0,1,False,1193,200,1393,Very Positive,0.8564249820531228,2023-06-14 14:00:00,1155.0,30-40
1868170,Etrian Odyssey II HD,39.99,1686751200.0,1,False,304,84,388,Mostly Positive,0.7835051546391752,2023-06-14 14:00:00,1155.0,30-40
1716740,Starfield,49.99,1693958400.0,33,False,99379,75343,174722,Mixed,0.5687835533018166,2023-09-06 00:00:00,1071.0,40-50
2290180,Riders Republic,39.99,1686243574.0,14,False,25790,5749,31539,Very Positive,0.8177177462823806,2023-06-08 16:59:34,1161.0,30-40
1944430,Amnesia: The Bunker,24.99,1686034841.0,1,False,11479,819,12298,Very Positive,0.9334038054968288,2023-06-06 07:00:41,1163.0,20-30
949230,Cities: Skylines II,49.99,1698163140.0,48,False,50640,40607,91247,Mixed,0.5549771499336964,2023-10-24 15:59:00,1023.0,40-50
1272080,PAYDAY 3,29.99,1695308460.0,14,False,29546,35537,65083,Mixed,0.453974156077624,2023-09-21 15:01:00,1056.0,20-30
1282100,REMNANT II®,49.99,1690300800.0,35,False,55980,11994,67974,Very Positive,0.8235501809515403,2023-07-25 16:00:00,1114.0,40-50
1084160,Jagged Alliance 3,44.99,1689339441.0,5,False,13109,1594,14703,Very Positive,0.8915867510031966,2023-07-14 12:57:21,1125.0,40-50
671860,BattleBit Remastered,14.99,1686840122.0,18,False,119465,26883,146348,Very Positive,0.8163077049225135,2023-06-15 14:42:02,1154.0,10-20
1150440,Aliens: Dark Descent,39.99,1687186800.0,3,False,16286,2304,18590,Very Positive,0.8760623991393223,2023-06-19 15:00:00,1150.0,30-40
2379390,Tom Clancy’s Rainbow Six® Extraction,39.99,1686847810.0,1,False,2067,1082,3149,Mixed,0.6563988567799302,2023-06-15 16:50:10,1154.0,30-40
1368130,Park Beyond,29.99,1686866378.0,1,False,831,496,1327,Mixed,0.6262245666917859,2023-06-15 21:59:38,1153.0,20-30
1946700,Layers of Fear,29.99,1686846522.0,1,False,1342,357,1699,Mostly Positive,0.7898763978811065,2023-06-15 16:28:42,1154.0,20-30
1548850,Six Days in Fallujah,39.99,1687441904.0,7,False,13004,3337,16341,Mostly Positive,0.7957897313505905,2023-06-22 13:51:44,1147.0,30-40
1641960,Forever Skies,29.99,1744650161.0,2,False,6934,1891,8825,Mostly Positive,0.7857223796033994,2025-04-14 17:02:41,485.0,20-30
1164940,Trepang2,39.99,1687363208.0,1,False,17722,1366,19088,Very Positive,0.9284367141659682,2023-06-21 16:00:08,1148.0,30-40
1501610,Nova Lands,19.99,1687453230.0,1,False,3125,376,3501,Very Positive,0.8926021136818052,2023-06-22 17:00:30,1147.0,10-20
1913210,AEW: Fight Forever,39.99,1688043367.0,1,False,1009,744,1753,Mixed,0.5755847119224187,2023-06-29 12:56:07,1140.0,30-40
1668540,The Legend of Heroes: Trails into Reverie,59.99,1688749260.0,1,False,1152,68,1220,Very Positive,0.9442622950819672,2023-07-07 17:01:00,1132.0,50+
2218750,Halls of Torment,6.66,1727182812.0,2,False,30269,1459,31728,Overwhelmingly Positive,0.9540153807362582,2024-09-24 13:00:12,687.0,5-10
872670,SCP: 5K,19.99,1645549200.0,4,False,12019,3099,15118,Mostly Positive,0.7950125677999735,2022-02-22 17:00:00,1632.0,10-20
1286320,Exoprimal,59.99,1689307200.0,2,False,3042,1363,4405,Mixed,0.6905788876276958,2023-07-14 04:00:00,1125.0,50+
2163330,Yet Another Zombie Survivors,14.99,1689267766.0,2,False,12392,1187,13579,Very Positive,0.9125856101332941,2023-07-13 17:02:46,1126.0,10-20
538030,Xenonauts 2,39.99,1775149224.0,2,False,4628,1052,5680,Very Positive,0.8147887323943662,2026-04-02 17:00:24,132.0,30-40
1382070,Viewfinder,24.99,1689685016.0,1,False,12190,714,12904,Very Positive,0.9446683199008059,2023-07-18 12:56:56,1121.0,20-30
1457320,Techtonica,29.99,1731001216.0,1,False,2102,1142,3244,Mixed,0.6479654747225647,2024-11-07 17:40:16,643.0,20-30
1161590,Punch Club 2: Fast Forward,19.99,1689872400.0,1,False,3724,791,4515,Very Positive,0.8248062015503876,2023-07-20 17:00:00,1119.0,10-20
1135230,Ember Knights,19.99,1689681673.0,1,False,6537,424,6961,Very Positive,0.9390892113202126,2023-07-18 12:01:13,1121.0,10-20
1574260,My Friendly Neighborhood,29.99,1689681530.0,1,False,3250,167,3417,Overwhelmingly Positive,0.9511267193444543,2023-07-18 11:58:50,1121.0,20-30
1895880,Ratchet & Clank: Rift Apart,59.99,1690383503.0,8,False,16200,1670,17870,Very Positive,0.906547285954113,2023-07-26 14:58:23,1113.0,50+
1101120,Gunsmith Simulator,13.05,1728053480.0,1,False,2748,495,3243,Very Positive,0.84736355226642,2024-10-04 14:51:20,677.0,10-20
1584940,Lakeburg Legacies,22.99,1689859907.0,1,False,1024,401,1425,Mostly Positive,0.7185964912280701,2023-07-20 13:31:47,1119.0,20-30
1880330,Sanfu,10.99,1690527013.0,1,False,14722,3057,17779,Very Positive,0.8280555711794814,2023-07-28 06:50:13,1111.0,10-20
1937500,Let's School,19.99,1690422600.0,1,False,6845,537,7382,Very Positive,0.927255486318071,2023-07-27 01:50:00,1112.0,10-20
2239150,Thronefall,12.99,1728650983.0,3,False,22524,896,23420,Overwhelmingly Positive,0.9617421007685739,2024-10-11 12:49:43,670.0,10-20
1702010,Sengoku Dynasty,27.73,1731001402.0,2,False,5795,1959,7754,Mostly Positive,0.7473562032499356,2024-11-07 17:43:22,643.0,20-30
2357570,Overwatch®,14.99,1691692200.0,88,True,129811,286264,416075,Mostly Negative,0.31198942498347654,2023-08-10 18:30:00,1097.0,10-20
1449690,The Walking Dead: The Telltale Definitive Series,49.99,1603991832.0,4,False,44679,1612,46291,Overwhelmingly Positive,0.9651768162277765,2020-10-29 17:17:12,2113.0,40-50
1658040,I Am Future: Cozy Apocalypse Survival,19.99,1731520848.0,1,False,3915,706,4621,Very Positive,0.8472192166197793,2024-11-13 18:00:48,636.0,10-20
1230530,Atlas Fallen: Reign Of Sand,39.99,1691618020.0,1,False,3275,1212,4487,Mostly Positive,0.7298863383106753,2023-08-09 21:53:40,1098.0,30-40
1920780,Stray Gods: The Roleplaying Musical,29.99,1691650720.0,1,False,3532,347,3879,Very Positive,0.9105439546274813,2023-08-10 06:58:40,1098.0,20-30
1171690,Wayfinder,24.99,1729526761.0,5,False,15917,10632,26549,Mixed,0.5995329390937512,2024-10-21 16:06:01,660.0,20-30
1433140,The Texas Chain Saw Massacre,14.99,1692365454.0,4,False,15307,7843,23150,Mixed,0.6612095032397408,2023-08-18 13:30:54,1090.0,10-20
1353230,Bomb Rush Cyberfunk,39.99,1692367221.0,2,False,15183,327,15510,Overwhelmingly Positive,0.978916827852998,2023-08-18 14:00:21,1090.0,30-40
1545560,Shadow Gambit: The Cursed Crew,39.99,1692287820.0,2,False,5902,580,6482,Very Positive,0.9105214439987658,2023-08-17 15:57:00,1091.0,30-40
1538970,Hammerwatch II,24.99,1692115199.0,1,False,1365,853,2218,Mixed,0.6154192966636609,2023-08-15 15:59:59,1093.0,20-30
2273430,BlazBlue Entropy Effect,19.99,1707933600.0,5,False,33748,2056,35804,Very Positive,0.9425762484638588,2024-02-14 18:00:00,909.0,10-20
1028310,BOOK OF HOURS,24.99,1692291600.0,1,False,3913,490,4403,Very Positive,0.8887122416534181,2023-08-17 17:00:00,1091.0,20-30
1450900,Desynced,29.99,1772712028.0,1,False,1606,417,2023,Mostly Positive,0.7938704893722195,2026-03-05 12:00:28,160.0,20-30
2201940,Ship Graveyard Simulator 2,24.99,1692189985.0,1,False,3140,944,4084,Mostly Positive,0.7688540646425074,2023-08-16 12:46:25,1092.0,20-30
2114740,Blasphemous 2,44.99,1692893068.0,4,False,18847,1935,20782,Very Positive,0.906890578385141,2023-08-24 16:04:28,1084.0,40-50
2080690,Sunkenland,19.99,1693011743.0,11,False,19078,4637,23715,Very Positive,0.8044697448872022,2023-08-26 01:02:23,1082.0,10-20
742420,Saints Row,29.99,1692888034.0,1,False,4916,3730,8646,Mixed,0.5685866296553319,2023-08-24 14:40:34,1084.0,20-30
1260320,Party Animals,19.99,1695208320.0,38,False,62673,15873,78546,Mostly Positive,0.797914597815293,2023-09-20 11:12:00,1057.0,10-20
1244090,Sea of Stars: Sunset Edition,34.99,1693279980.0,4,False,13450,1706,15156,Very Positive,0.8874373185537081,2023-08-29 03:33:00,1079.0,30-40
1778820,TEKKEN 8,39.99,1706223600.0,31,False,40418,31392,71810,Mixed,0.5628464002228102,2024-01-25 23:00:00,929.0,30-40
1696440,The Matchless Kungfu,19.99,1730854800.0,1,False,6284,1588,7872,Mostly Positive,0.7982723577235772,2024-11-06 01:00:00,644.0,10-20
2183650,MEGA MAN X DiVE Offline,29.99,1693540867.0,1,False,1566,381,1947,Very Positive,0.8043143297380585,2023-09-01 04:01:07,1076.0,20-30
2230110,Fae Farm,29.99,1694189088.0,2,False,2844,720,3564,Mostly Positive,0.797979797979798,2023-09-08 16:04:48,1069.0,20-30
1063420,Void Crew,24.99,1732553978.0,1,False,7267,1140,8407,Very Positive,0.8643987153562508,2024-11-25 16:59:38,625.0,20-30
1206610,Rubber Bandits,9.99,1638449748.0,1,False,6012,1161,7173,Very Positive,0.8381430363864492,2021-12-02 12:55:48,1714.0,5-10
1627720,Lies of P,59.99,1695048142.0,42,False,74203,6735,80938,Very Positive,0.9167881588376288,2023-09-18 14:42:22,1059.0,50+
1876890,Wandering Sword,24.99,1694746032.0,3,False,41926,2278,44204,Very Positive,0.9484662021536513,2023-09-15 02:47:12,1062.0,20-30
1658150,Moonstone Island,19.99,1695228828.0,1,False,4184,811,4995,Very Positive,0.8376376376376377,2023-09-20 16:53:48,1057.0,10-20
1902690,Fate/Samurai Remnant,39.99,1695949200.0,5,False,6340,657,6997,Very Positive,0.9061026154066029,2023-09-29 01:00:00,1048.0,30-40
1766060,HumanitZ,19.99,1770400717.0,2,False,10276,3536,13812,Mostly Positive,0.7439907326962062,2026-02-06 17:58:37,186.0,10-20
1755830,Astrea: Six-Sided Oracles,24.99,1695311140.0,2,False,4126,375,4501,Very Positive,0.9166851810708732,2023-09-21 15:45:40,1056.0,20-30
2440510,Forza Motorsport,69.99,1696910333.0,4,False,6473,6196,12669,Mixed,0.5109321967006077,2023-10-10 03:58:53,1037.0,50+
1958220,WitchSpring R,34.99,1695693383.0,1,False,7801,333,8134,Overwhelmingly Positive,0.9590607327268257,2023-09-26 01:56:23,1051.0,30-40
1202200,Paleo Pines,29.99,1695731304.0,1,False,2193,463,2656,Very Positive,0.8256777108433735,2023-09-26 12:28:24,1051.0,20-30
1501750,Lords of the Fallen,29.99,1697202293.0,11,False,37145,17670,54815,Mixed,0.6776429809358753,2023-10-13 13:04:53,1034.0,20-30
1937780,Total War: PHARAOH,39.99,1697032565.0,4,False,3408,1995,5403,Mixed,0.6307606885063853,2023-10-11 13:56:05,1036.0,30-40
1599330,Wildmender,24.99,1695915883.0,1,False,1871,344,2215,Very Positive,0.8446952595936794,2023-09-28 15:44:43,1049.0,20-30
2250600,Disgaea 7: Vows of the Virtueless,59.99,1696352400.0,1,False,724,244,968,Mostly Positive,0.7479338842975206,2023-10-03 17:00:00,1044.0,50+
2395210,Tony Hawk's™ Pro Skater™ 1 + 2,39.99,1696352460.0,1,False,4202,439,4641,Very Positive,0.9054083171730231,2023-10-03 17:01:00,1044.0,30-40
1332720,Thief Simulator 2,19.99,1696424183.0,2,False,5850,787,6637,Very Positive,0.8814223293656772,2023-10-04 12:56:23,1043.0,10-20
1676840,For The King II,24.99,1698944426.0,5,False,11327,4655,15982,Mostly Positive,0.708734826680015,2023-11-02 17:00:26,1014.0,20-30
1566880,SWORD ART ONLINE Last Recollection,59.99,1696543287.0,1,False,342,229,571,Mixed,0.5989492119089317,2023-10-05 22:01:27,1041.0,50+
1167750,The Lamplighters League,49.99,1696348724.0,1,False,841,376,1217,Mixed,0.6910435497124076,2023-10-03 15:58:44,1044.0,40-50
2285150,The Front,19.99,1761824793.0,2,False,7184,3560,10744,Mixed,0.6686522710349962,2025-10-30 11:46:33,286.0,10-20
1622900,Star Trek: Infinite,29.99,1697119305.0,1,False,1494,2014,3508,Mixed,0.4258836944127708,2023-10-12 14:01:45,1035.0,20-30
2022670,SONIC SUPERSTARS,39.99,1697515200.0,2,False,2622,1207,3829,Mixed,0.6847740924523374,2023-10-17 04:00:00,1030.0,30-40
1150530,Wizard with a Gun,24.99,1697558100.0,2,False,3163,773,3936,Very Positive,0.8036077235772358,2023-10-17 15:55:00,1030.0,20-30
2344520,Diablo® IV,49.99,1697568600.0,105,False,48615,25979,74594,Mixed,0.6517280210204575,2023-10-17 18:50:00,1029.0,40-50
2322560,Love Is All Around,9.99,1697601540.0,5,False,42778,3102,45880,Very Positive,0.9323888404533566,2023-10-18 03:59:00,1029.0,5-10
2131680,METAL GEAR & METAL GEAR 2: Solid Snake,19.99,1698134820.0,4,False,789,148,937,Very Positive,0.8420490928495198,2023-10-24 08:07:00,1023.0,10-20
2216830,The Jackbox Party Pack 10,29.99,1697691636.0,1,False,408,214,622,Mixed,0.6559485530546624,2023-10-19 05:00:36,1028.0,20-30
849100,Alaskan Road Truckers,33.28,1697640675.0,1,False,2024,1235,3259,Mixed,0.62104940165695,2023-10-18 14:51:15,1029.0,30-40
1357210,Galactic Civilizations IV,39.99,1697727797.0,1,False,1843,701,2544,Mostly Positive,0.7244496855345912,2023-10-19 15:03:17,1028.0,30-40
2399830,ARK: Survival Ascended,44.99,1698296845.0,81,False,68866,46048,114914,Mixed,0.5992829420262109,2023-10-26 05:07:25,1021.0,40-50
2144740,Ghostrunner 2,39.99,1698332112.0,2,False,9138,2286,11424,Mostly Positive,0.7998949579831933,2023-10-26 14:55:12,1021.0,30-40
1989270,Slay the Princess — The Pristine Cut,17.99,1698069541.0,1,False,32208,1093,33301,Overwhelmingly Positive,0.9671781628179333,2023-10-23 13:59:01,1024.0,10-20
1849250,EA SPORTS™ WRC,49.99,1698940980.0,2,False,6972,4368,11340,Mixed,0.6148148148148148,2023-11-02 16:03:00,1014.0,40-50
1966720,Lethal Company,9.99,1698095392.0,64,False,494674,15444,510118,Overwhelmingly Positive,0.9697246519432758,2023-10-23 21:09:52,1023.0,5-10
1681430,RoboCop: Rogue City,39.99,1698944402.0,10,False,31681,4669,36350,Very Positive,0.8715543328748281,2023-11-02 17:00:02,1014.0,30-40
2238900,STAR OCEAN THE SECOND STORY R,49.99,1698940560.0,2,False,3702,269,3971,Very Positive,0.9322588768572148,2023-11-02 15:56:00,1014.0,40-50
835960,The Talos Principle 2,29.99,1698939940.0,2,False,12634,675,13309,Very Positive,0.9492824404538283,2023-11-02 15:45:40,1014.0,20-30
2375550,Like a Dragon Gaiden: The Man Who Erased His Name,49.99,1699455600.0,3,False,11927,589,12516,Overwhelmingly Positive,0.9529402364972834,2023-11-08 15:00:00,1008.0,40-50
1333200,Song of Nunu: A League of Legends Story,29.99,1698854550.0,1,False,2933,178,3111,Very Positive,0.9427836708453874,2023-11-01 16:02:30,1015.0,20-30
1735700,Back to the Dawn,23.99,1752805989.0,1,False,9741,570,10311,Very Positive,0.9447192318882747,2025-07-18 02:33:09,390.0,20-30
1337520,Risk of Rain Returns,14.99,1699469751.0,2,False,25801,2857,28658,Very Positive,0.9003070695791751,2023-11-08 18:55:51,1007.0,10-20
2140020,Stronghold: Definitive Edition,14.99,1699375537.0,2,False,8901,1395,10296,Very Positive,0.8645104895104895,2023-11-07 16:45:37,1009.0,10-20
1643310,Dungeons 4,59.99,1699552552.0,1,False,2867,410,3277,Very Positive,0.8748855660665242,2023-11-09 17:55:52,1006.0,50+
2017080,Nickelodeon All-Star Brawl 2,49.99,1699376400.0,1,False,1351,408,1759,Mostly Positive,0.7680500284252416,2023-11-07 17:00:00,1009.0,40-50
692890,Roboquest,24.99,1699363960.0,3,False,23132,1154,24286,Overwhelmingly Positive,0.9524829119657415,2023-11-07 13:32:40,1009.0,20-30
1963570,Cuisineer,24.99,1699550514.0,1,False,1606,469,2075,Mostly Positive,0.7739759036144578,2023-11-09 17:21:54,1007.0,20-30
2103140,Magicraft,15.99,1730514735.0,1,False,15521,1212,16733,Very Positive,0.9275682782525548,2024-11-02 02:32:15,648.0,10-20
2244130,Ratopia,22.0,1746064527.0,1,False,4223,592,4815,Very Positive,0.8770508826583593,2025-05-01 01:55:27,468.0,20-30
2254740,Persona 5 Tactica,59.99,1700197177.0,1,False,1596,575,2171,Mostly Positive,0.7351450944265315,2023-11-17 04:59:37,999.0,50+
1844380,Warhammer Age of Sigmar: Realms of Ruin,59.99,1700236806.0,1,False,1627,1499,3126,Mixed,0.5204734484964811,2023-11-17 16:00:06,999.0,50+
1020790,NARUTO X BORUTO Ultimate Ninja STORM CONNECTIONS,59.99,1700175554.0,1,False,3086,1992,5078,Mixed,0.6077195746356834,2023-11-16 22:59:14,999.0,50+
2334730,Death Must Die,6.99,1699997662.0,4,False,19532,2136,21668,Very Positive,0.9014214509876315,2023-11-14 21:34:22,1001.0,5-10
1274600,The Last Faith,27.99,1700060040.0,1,False,4744,871,5615,Very Positive,0.844879786286732,2023-11-15 14:54:00,1001.0,20-30
2005160,Naheulbeuk's Dungeon Master,24.99,1700055128.0,1,False,1146,462,1608,Mostly Positive,0.7126865671641791,2023-11-15 13:32:08,1001.0,20-30
1748620,FlipWitch - Forbidden Sex Hex,14.99,1700278735.0,1,False,5644,325,5969,Very Positive,0.945552018763612,2023-11-18 03:38:55,998.0,10-20
1469610,Last Train Home,39.99,1701179883.0,2,False,4754,705,5459,Very Positive,0.8708554680344386,2023-11-28 13:58:03,988.0,30-40
2054970,Dragon's Dogma 2,39.99,1711065840.0,17,False,71349,44534,115883,Mixed,0.61569859254593,2024-03-22 00:04:00,873.0,30-40
2230650,TEVI,35.68,1701309316.0,1,False,3581,440,4021,Very Positive,0.8905744839592141,2023-11-30 01:55:16,986.0,30-40
2134770,SteamWorld Build,24.77,1701439223.0,1,False,1889,346,2235,Very Positive,0.8451901565995525,2023-12-01 14:00:23,985.0,20-30
2351560,Apocalypse Party,9.99,1701399571.0,1,False,4006,1421,5427,Mostly Positive,0.738161046618758,2023-12-01 02:59:31,985.0,5-10
2653790,The Exit 8,3.99,1701255646.0,1,False,10607,788,11395,Very Positive,0.930846862659061,2023-11-29 11:00:46,987.0,<5
2186680,"Warhammer 40,000: Rogue Trader",49.99,1701964560.0,34,False,41278,5774,47052,Very Positive,0.877284706282411,2023-12-07 15:56:00,979.0,40-50
2073850,THE FINALS,39.99,1702007340.0,58,True,214465,59467,273932,Mostly Positive,0.7829132777477622,2023-12-08 03:49:00,978.0,30-40
1540210,Arizona Sunshine® VR 2,39.99,1701972000.0,1,False,2279,412,2691,Very Positive,0.8468970642883686,2023-12-07 18:00:00,978.0,30-40
1190970,House Flipper 2,39.99,1702558427.0,14,False,17158,2523,19681,Very Positive,0.8718052944464204,2023-12-14 12:53:47,972.0,30-40
2157560,Granblue Fantasy Versus: Rising,49.99,1702528938.0,9,False,5861,1183,7044,Very Positive,0.8320556501987507,2023-12-14 04:42:18,972.0,40-50
2155180,Pioneers of Pagonia,34.99,1765460158.0,1,False,4436,1019,5455,Very Positive,0.8131989000916591,2025-12-11 13:35:58,244.0,30-40
2287520,Five Nights at Freddy's: Help Wanted 2,39.99,1702562394.0,2,False,5078,269,5347,Very Positive,0.9496914157471479,2023-12-14 13:59:54,972.0,30-40
2052410,WITCH ON THE HOLY NIGHT,39.99,1702540842.0,1,False,8122,144,8266,Overwhelmingly Positive,0.9825792402613114,2023-12-14 08:00:42,972.0,30-40
2273420,Peeping Dorm Manager,10.99,1702692075.0,1,False,5992,434,6426,Very Positive,0.9324618736383442,2023-12-16 02:01:15,970.0,10-20
2495450,Winter Memories,19.99,1704499200.0,2,False,10281,268,10549,Overwhelmingly Positive,0.974594748317376,2024-01-06 00:00:00,949.0,10-20
2072450,Like a Dragon: Infinite Wealth,69.99,1706194800.0,13,False,21485,2225,23710,Very Positive,0.906157739350485,2024-01-25 15:00:00,930.0,50+
2161700,Persona 3 Reload,59.99,1706850044.0,37,False,57613,3426,61039,Very Positive,0.9438719507200315,2024-02-02 05:00:44,922.0,50+
1708010,The Expanse: A Telltale Series,24.99,1700488959.0,1,False,2166,688,2854,Mostly Positive,0.7589348283111422,2023-11-20 14:02:39,996.0,20-30
1747760,Momodora: Moonlit Farewell,16.99,1704960026.0,1,False,2971,259,3230,Very Positive,0.9198142414860682,2024-01-11 08:00:26,944.0,10-20
1623730,Palworld,29.99,1783652772.0,80,False,444939,25973,470912,Very Positive,0.9448453214188638,2026-07-10 03:06:12,33.0,20-30
2198510,New Cycle,29.99,1705598422.0,1,False,2269,588,2857,Mostly Positive,0.7941897094854743,2024-01-18 17:20:22,937.0,20-30
2201710,Three Kingdoms Zhao Yun,19.99,1705564304.0,1,False,2860,1459,4319,Mixed,0.6621903218337578,2024-01-18 07:51:44,937.0,10-20
2511500,Dominions 6 - Rise of the Pantokrator,44.99,1705486605.0,1,False,1574,160,1734,Very Positive,0.9077277970011534,2024-01-17 10:16:45,938.0,40-50
553850,HELLDIVERS™ 2,39.99,1707382200.0,126,False,867198,286000,1153198,Mostly Positive,0.7519940201075618,2024-02-08 08:50:00,916.0,30-40
1830970,The Last Flame,19.99,1736445768.0,1,False,2461,432,2893,Very Positive,0.8506740407881093,2025-01-09 18:02:48,579.0,10-20
2076010,UNDER NIGHT IN-BIRTH II Sys:Celes,49.99,1706137206.0,2,False,2288,335,2623,Very Positive,0.8722836446816622,2024-01-24 23:00:06,930.0,40-50
2662630,The Elder Scrolls Online: Gold Road,14.99,1717423200.0,2,False,162,209,371,Mixed,0.4366576819407008,2024-06-03 14:00:00,800.0,10-20
1203620,Enshrouded,29.99,1706107189.0,63,False,89480,14806,104286,Very Positive,0.8580250465067218,2024-01-24 14:39:49,931.0,20-30
315210,Suicide Squad: Kill the Justice League,69.99,1706896615.0,4,False,11025,6960,17985,Mixed,0.6130108423686406,2024-02-02 17:56:55,921.0,50+
2420110,Horizon Forbidden West™ Complete Edition,59.99,1711032960.0,20,False,26415,3547,29962,Very Positive,0.8816167145050398,2024-03-21 14:56:00,874.0,50+
2187220,Apollo Justice: Ace Attorney Trilogy,49.99,1706159032.0,1,False,3859,520,4379,Very Positive,0.8812514272664992,2024-01-25 05:03:52,930.0,40-50
881020,Granblue Fantasy: Relink,39.99,1706763579.0,18,False,49700,5457,55157,Very Positive,0.901064234820603,2024-02-01 04:59:39,923.0,30-40
1877020,Jujutsu Kaisen Cursed Clash,59.99,1706828455.0,1,False,2479,1540,4019,Mixed,0.6168201045036079,2024-02-01 23:00:55,922.0,50+
2190220,Touhou Danmaku Kagura Phantasia Lost,19.99,1707318014.0,1,False,2034,440,2474,Very Positive,0.8221503637833468,2024-02-07 15:00:14,917.0,10-20
2362300,Train Sim World® 4,29.99,1695747623.0,2,False,3179,828,4007,Mostly Positive,0.7933616171699526,2023-09-26 17:00:23,1051.0,20-30
2321470,Deep Rock Galactic: Survivor,12.99,1758106855.0,6,False,41418,6596,48014,Very Positive,0.8626234015078935,2025-09-17 11:00:55,329.0,10-20
2478970,Tomb Raider I-III Remastered Starring Lara Croft,29.99,1707889138.0,2,False,7189,1343,8532,Very Positive,0.8425925925925926,2024-02-14 05:38:58,910.0,20-30
1493640,Banishers: Ghosts of New Eden,49.8,1707757080.0,2,False,7654,1421,9075,Very Positive,0.8434159779614325,2024-02-12 16:58:00,912.0,40-50
850190,Goat Simulator 3,29.99,1708005701.0,3,False,15413,348,15761,Overwhelmingly Positive,0.9779201827295222,2024-02-15 14:01:41,909.0,20-30
2071500,Islands of Insight,29.99,1707847097.0,1,False,2316,914,3230,Mostly Positive,0.7170278637770898,2024-02-13 17:58:17,910.0,20-30
1718570,ASTLIBRA Revision,24.99,1665665987.0,1,False,29942,1549,31491,Overwhelmingly Positive,0.9508113429233749,2022-10-13 12:59:47,1399.0,20-30
1928980,Nightingale,29.99,1708448158.0,3,False,11964,6055,18019,Mixed,0.6639658138631445,2024-02-20 16:55:58,904.0,20-30
2379780,Balatro,14.99,1708440403.0,34,False,192199,4237,196436,Overwhelmingly Positive,0.9784306338960272,2024-02-20 14:46:43,904.0,10-20
1458140,Pacific Drive,29.99,1708588765.0,7,False,22083,4460,26543,Very Positive,0.8319707644199977,2024-02-22 07:59:25,902.0,20-30
1371580,Myth of Empires,29.99,1708542000.0,4,False,11822,5685,17507,Mixed,0.6752727480436397,2024-02-21 19:00:00,902.0,20-30
2399420,Le Mans Ultimate,39.99,1753174844.0,4,False,15297,4083,19380,Mostly Positive,0.7893188854489164,2025-07-22 09:00:44,386.0,30-40
2670630,Supermarket Simulator,19.99,1750355007.0,22,False,76924,6629,83553,Very Positive,0.9206611372422295,2025-06-19 17:43:27,419.0,10-20
2446550,STAR WARS™: Battlefront Classic Collection,35.01,1710392072.0,4,False,1877,5892,7769,Mostly Negative,0.24160123568026773,2024-03-14 04:54:32,881.0,30-40
1839950,Terminator: Dark Fate - Defiance,39.99,1708527651.0,1,False,3666,747,4413,Very Positive,0.8307273963290279,2024-02-21 15:00:51,903.0,30-40
1893810,Solium Infernum,39.99,1708632002.0,1,False,1508,199,1707,Very Positive,0.8834212067955477,2024-02-22 20:00:02,901.0,30-40
1759380,Bandle Tale: A League of Legends Story,24.99,1708534686.0,1,False,1132,306,1438,Mostly Positive,0.7872044506258693,2024-02-21 16:58:06,903.0,20-30
2477340,Expeditions: A MudRunner Game,39.99,1709658275.0,2,False,2686,2066,4752,Mixed,0.5652356902356902,2024-03-05 17:04:35,890.0,30-40
2292260,STAR WARS™: Dark Forces Remaster,29.99,1709125217.0,1,False,1445,168,1613,Very Positive,0.8958462492250465,2024-02-28 13:00:17,896.0,20-30
1684350,The Thaumaturge,34.99,1709575226.0,2,False,4842,995,5837,Very Positive,0.8295357204043173,2024-03-04 18:00:26,890.0,30-40
2427700,Backpack Battles,14.99,1749833998.0,4,False,18762,1796,20558,Very Positive,0.9126374160910594,2025-06-13 16:59:58,425.0,10-20
2215430,Ghost of Tsushima DIRECTOR'S CUT,59.99,1715871540.0,46,False,89304,5783,95087,Very Positive,0.9391820122624543,2024-05-16 14:59:00,818.0,50+
1601580,Frostpunk 2,44.99,1726851665.0,10,False,20062,6751,26813,Mostly Positive,0.7482191474284862,2024-09-20 17:01:05,691.0,40-50
2497920,A Difficult Game About Climbing,9.99,1709744433.0,1,False,4929,721,5650,Very Positive,0.8723893805309735,2024-03-06 17:00:33,889.0,5-10
266410,iRacing,9.99,1421092320.0,24,False,6354,1095,7449,Very Positive,0.8530004027386227,2015-01-12 19:52:00,4229.0,5-10
1677110,Lightyear Frontier,20.28,1710870371.0,2,False,3904,751,4655,Very Positive,0.8386680988184747,2024-03-19 17:46:11,875.0,20-30
1310410,Alone in the Dark,39.99,1710943014.0,1,False,3773,1048,4821,Mostly Positive,0.7826177141671853,2024-03-20 13:56:54,875.0,30-40
1214650,SOUTH PARK: SNOW DAY!,29.99,1711461451.0,2,False,2042,2060,4102,Mixed,0.4978059483178937,2024-03-26 13:57:31,869.0,20-30
1268590,Millennia,39.99,1711472175.0,2,False,2527,1247,3774,Mixed,0.6695813460519343,2024-03-26 16:56:15,869.0,30-40
2313330,TerraTech Worlds,29.99,1711130418.0,1,False,1430,849,2279,Mixed,0.6274681878016674,2024-03-22 18:00:18,872.0,20-30
1566690,Outpost: Infinity Siege,24.99,1711468698.0,2,False,8900,4719,13619,Mixed,0.6534987884573022,2024-03-26 15:58:18,869.0,20-30
2786680,"Knowledge, or know Lady",6.99,1711677270.0,1,False,8513,427,8940,Overwhelmingly Positive,0.9522371364653244,2024-03-29 01:54:30,866.0,5-10
2725260,ENDER MAGNOLIA: Bloom in the Mist,24.99,1737557958.0,2,False,17645,858,18503,Overwhelmingly Positive,0.9536291412203427,2025-01-22 14:59:18,567.0,20-30
2881650,Content Warning,7.99,1711987152.0,14,False,152329,9971,162300,Very Positive,0.9385643869377696,2024-04-01 15:59:12,863.0,5-10
2524890,Pixel Gun 3D: PC Edition,27.98,1712071560.0,2,True,31187,15169,46356,Mixed,0.6727715937526966,2024-04-02 15:26:00,862.0,20-30
2835570,Buckshot Roulette,2.99,1712250013.0,6,False,117581,5932,123513,Overwhelmingly Positive,0.9519726668447855,2024-04-04 17:00:13,860.0,<5
871540,BMX Streets,24.99,1712299564.0,1,False,3521,865,4386,Very Positive,0.802781577747378,2024-04-05 06:46:04,859.0,20-30
1465460,Infection Free Zone,24.99,1712854321.0,3,False,14820,3570,18390,Very Positive,0.8058727569331158,2024-04-11 16:52:01,853.0,20-30
1924490,Gigantic: Rampage Edition,19.99,1712667646.0,1,False,2923,1520,4443,Mixed,0.6578888138645059,2024-04-09 13:00:46,855.0,10-20
2437170,SMITE 2,29.99,1724756340.0,7,True,12667,10425,23092,Mixed,0.5485449506322536,2024-08-27 10:59:00,715.0,20-30
2116120,Incursion Red River,21.99,1712771990.0,2,False,6920,2191,9111,Mostly Positive,0.759521457578751,2024-04-10 17:59:50,853.0,20-30
1062810,Inkbound,29.99,1712676673.0,1,False,3483,533,4016,Very Positive,0.8672808764940239,2024-04-09 15:31:13,855.0,20-30
1823950,Laysara: Summit Kingdom,24.99,1772215327.0,1,False,1196,265,1461,Very Positive,0.8186173853524983,2026-02-27 18:02:07,165.0,20-30
1371980,No Rest for the Wicked,39.99,1713456041.0,14,False,64503,15820,80323,Very Positive,0.8030452049848735,2024-04-18 16:00:41,846.0,30-40
1492070,Sker Ritual,19.99,1713445298.0,3,False,4885,1108,5993,Very Positive,0.8151176372434507,2024-04-18 13:01:38,846.0,10-20
934700,Dead Island 2,49.99,1713797578.0,15,False,22244,6501,28745,Mostly Positive,0.7738389285093059,2024-04-22 14:52:58,842.0,40-50
2654470,BUNNY GARDEN,24.99,1713463514.0,2,False,1177,98,1275,Very Positive,0.9231372549019607,2024-04-18 18:05:14,845.0,20-30
1658280,Eiyuden Chronicle: Hundred Heroes,49.99,1713879651.0,2,False,3478,1125,4603,Mostly Positive,0.755594177710189,2024-04-23 13:40:51,841.0,40-50
1162750,Songs of Syx,24.99,1600704159.0,1,False,8556,503,9059,Very Positive,0.9444751076277735,2020-09-21 16:02:39,2151.0,20-30
2698940,The Crew Motorfest,69.99,1713459600.0,6,False,19644,5295,24939,Mostly Positive,0.7876819439432214,2024-04-18 17:00:00,846.0,50+
1363080,Manor Lords,39.99,1714136367.0,30,False,75611,14221,89832,Very Positive,0.8416933832042034,2024-04-26 12:59:27,838.0,30-40
1812450,Bellwright,29.99,1713873625.0,9,False,16983,4174,21157,Very Positive,0.8027130500543556,2024-04-23 12:00:25,841.0,20-30
1887840,Another Crab's Treasure,29.99,1714060476.0,4,False,19963,1595,21558,Very Positive,0.9260135448557381,2024-04-25 15:54:36,839.0,20-30
2015270,Rotwood,29.99,1772551519.0,2,False,6096,2040,8136,Mostly Positive,0.7492625368731564,2026-03-03 15:25:19,162.0,20-30
1785650,TopSpin 2K25,19.99,1714104480.0,1,False,2224,1908,4132,Mixed,0.5382381413359149,2024-04-26 04:08:00,838.0,10-20
1979440,SAND LAND,59.99,1714082632.0,1,False,1187,165,1352,Very Positive,0.8779585798816568,2024-04-25 22:03:52,838.0,50+
2666510,Rusty's Retirement,6.99,1714133095.0,2,False,14273,486,14759,Overwhelmingly Positive,0.9670709397655668,2024-04-26 12:04:55,838.0,5-10
2450450,MEGATON MUSASHI W: WIRED,49.99,1714003116.0,1,False,576,146,722,Mostly Positive,0.7977839335180056,2024-04-24 23:58:36,839.0,40-50
2479810,Gray Zone Warfare,39.99,1714469908.0,15,False,56498,21652,78150,Mostly Positive,0.7229430582213692,2024-04-30 09:38:28,834.0,30-40
1145350,Hades II,29.99,1758816089.0,27,False,116878,5239,122117,Overwhelmingly Positive,0.9570985202715429,2025-09-25 16:01:29,321.0,20-30
427410,Abiotic Factor,34.99,1753205877.0,19,False,55520,2434,57954,Overwhelmingly Positive,0.9580011733443766,2025-07-22 17:37:57,386.0,30-40
983870,FOUNDRY,29.99,1714666576.0,3,False,3160,747,3907,Very Positive,0.8088047094957768,2024-05-02 16:16:16,832.0,20-30
1188930,Chrono Ark,24.99,1714706946.0,1,False,12408,1285,13693,Very Positive,0.9061564302928503,2024-05-03 03:29:06,831.0,20-30
1536090,Echoes of the Plum Grove,19.99,1714406387.0,1,False,2742,382,3124,Very Positive,0.8777208706786171,2024-04-29 15:59:47,835.0,10-20
813230,ANIMAL WELL,24.99,1715259611.0,3,False,23340,1032,24372,Overwhelmingly Positive,0.9576563269325455,2024-05-09 13:00:11,825.0,20-30
1840080,Homeworld 3,53.06,1715622480.0,2,False,3544,5156,8700,Mixed,0.40735632183908044,2024-05-13 17:48:00,820.0,50+
1177980,"Little Kitty, Big City",30.58,1715270262.0,2,False,13325,432,13757,Overwhelmingly Positive,0.9685978047539434,2024-05-09 15:57:42,825.0,30-40
2132850,Rabbit and Steel,14.99,1715270182.0,2,False,11119,339,11458,Overwhelmingly Positive,0.9704136847617385,2024-05-09 15:56:22,825.0,10-20
2418520,Farm Together 2,25.99,1748624338.0,1,False,5032,337,5369,Very Positive,0.9372322592661576,2025-05-30 16:58:58,439.0,20-30
1996010,Crow Country,19.99,1715266844.0,1,False,7894,157,8051,Overwhelmingly Positive,0.9804993168550491,2024-05-09 15:00:44,825.0,10-20
1128860,Men of War II,44.99,1715791914.0,1,False,4511,2930,7441,Mixed,0.6062357210052413,2024-05-15 16:51:54,819.0,40-50
2111190,MULLET MADJACK,19.99,1715782329.0,1,False,9212,219,9431,Overwhelmingly Positive,0.9767787085144736,2024-05-15 14:12:09,819.0,10-20
2461850,Hellblade II: Senua’s Saga,49.99,1716278303.0,2,False,8550,1313,9863,Very Positive,0.8668762039947278,2024-05-21 07:58:23,813.0,40-50
2183900,"Warhammer 40,000: Space Marine 2",59.99,1725898212.0,73,False,185769,35464,221233,Very Positive,0.8396984175055259,2024-09-09 16:10:12,702.0,50+
2488620,F1® 24,1.99,1717167600.0,10,False,14029,5048,19077,Mostly Positive,0.7353881637574042,2024-05-31 15:00:00,803.0,<5
2703850,Rooftops & Alleys: The Parkour Game,24.99,1750085952.0,1,False,6575,368,6943,Very Positive,0.9469969753708771,2025-06-16 14:59:12,422.0,20-30
2739590,Mad Island,19.99,1716476557.0,2,False,4198,379,4577,Very Positive,0.9171946689971597,2024-05-23 15:02:37,811.0,10-20
1266540,Ships At Sea,24.99,1716457523.0,1,False,1854,820,2674,Mixed,0.6933433059087509,2024-05-23 09:45:23,811.0,20-30
2646460,Soulmask,29.99,1775790000.0,6,False,17086,5051,22137,Mostly Positive,0.7718299679270001,2026-04-10 03:00:00,124.0,20-30
1809540,Nine Sols,29.99,1716965608.0,5,False,42016,2487,44503,Very Positive,0.944116127002674,2024-05-29 06:53:28,805.0,20-30
1556100,Killer Klowns From Outer Space: The Game,39.99,1717516800.0,2,False,2853,986,3839,Mostly Positive,0.7431622818442303,2024-06-04 16:00:00,799.0,30-40
1592280,Selaco,24.99,1717164081.0,1,False,4760,322,5082,Very Positive,0.9366391184573003,2024-05-31 14:01:21,803.0,20-30
1875060,Reus 2,24.99,1716904686.0,1,False,2160,126,2286,Very Positive,0.9448818897637795,2024-05-28 13:58:06,806.0,20-30
2358720,Black Myth: Wukong,59.99,1724119114.0,68,False,1162587,41872,1204459,Overwhelmingly Positive,0.9652358444745732,2024-08-20 01:58:34,722.0,50+
2406770,Bodycam,33.32,1717801177.0,15,False,33979,10651,44630,Mostly Positive,0.7613488684741205,2024-06-07 22:59:37,795.0,30-40
1790600,DRAGON BALL: Sparking! ZERO,49.99,1728597600.0,22,False,62561,9652,72213,Very Positive,0.8663398557046516,2024-10-10 22:00:00,670.0,40-50
380600,Fishing Planet,95.97,1503936120.0,3,True,66560,10111,76671,Very Positive,0.8681248451174499,2017-08-28 16:02:00,3271.0,50+
1875830,Shin Megami Tensei V: Vengeance,59.99,1718334000.0,4,False,11520,1019,12539,Very Positive,0.918733551319882,2024-06-14 03:00:00,789.0,50+
2695940,PANICORE,9.99,1717164027.0,1,False,10135,2716,12851,Mostly Positive,0.7886545794101626,2024-05-31 14:00:27,803.0,5-10
2552430,KINGDOM HEARTS -HD 1.5+2.5 ReMIX-,49.99,1718294274.0,14,False,9720,1523,11243,Very Positive,0.8645379347149338,2024-06-13 15:57:54,790.0,40-50
1859910,Legend of Mortal,19.99,1718348400.0,1,False,28474,8891,37365,Mostly Positive,0.7620500468352737,2024-06-14 07:00:00,789.0,10-20
1411910,Fallen Aces,14.99,1718391915.0,1,False,6622,214,6836,Overwhelmingly Positive,0.9686951433586893,2024-06-14 19:05:15,788.0,10-20
2356560,Monster Hunter Stories,29.99,1718337542.0,1,False,1882,188,2070,Very Positive,0.9091787439613527,2024-06-14 03:59:02,789.0,20-30
2567870,Chained Together,4.99,1718811835.0,13,False,56733,6418,63151,Very Positive,0.8983705721207899,2024-06-19 15:43:55,784.0,<5
1995520,Pax Dei,29.99,1760626399.0,1,False,6353,4881,11234,Mixed,0.5655153996795442,2025-10-16 14:53:19,300.0,20-30
1898300,ASKA,24.99,1718895248.0,1,False,9597,2422,12019,Mostly Positive,0.7984857309260338,2024-06-20 14:54:08,783.0,20-30
2933080,Crime Boss: Rockay City,19.99,1718721960.0,2,False,7042,3254,10296,Mixed,0.683954933954934,2024-06-18 14:46:00,785.0,10-20
1708850,Drug Dealer Simulator 2,40.48,1718893274.0,1,False,4106,1784,5890,Mixed,0.6971137521222411,2024-06-20 14:21:14,783.0,40-50
1622910,Still Wakes the Deep,32.98,1718701237.0,1,False,11178,1568,12746,Very Positive,0.8769810136513416,2024-06-18 09:00:37,785.0,30-40
2840770,Avatar: Frontiers of Pandora™,29.99,1718643620.0,12,False,11946,3426,15372,Mostly Positive,0.7771272443403591,2024-06-17 17:00:20,786.0,20-30
2195120,Go-Go Town!,27.99,1784246416.0,1,False,2456,177,2633,Very Positive,0.9327763007975693,2026-07-17 00:00:16,26.0,20-30
1712350,Riven,34.99,1719331193.0,1,False,2636,216,2852,Very Positive,0.9242636746143057,2024-06-25 15:59:53,778.0,30-40
2300320,Farming Simulator 25,29.99,1731414840.0,58,False,49072,7296,56368,Very Positive,0.8705648594947488,2024-11-12 12:34:00,638.0,20-30
2458860,Summer Clover,17.99,1719453780.0,1,False,8866,197,9063,Overwhelmingly Positive,0.9782632682334768,2024-06-27 02:03:00,776.0,10-20
1934680,Age of Mythology: Retold,29.99,1725469217.0,13,False,21034,2219,23253,Very Positive,0.9045714531458307,2024-09-04 17:00:17,707.0,20-30
1978590,Anger Foot,19.99,1720718198.0,1,False,3749,282,4031,Very Positive,0.9300421731580253,2024-07-11 17:16:38,762.0,10-20
2291060,EARTH DEFENSE FORCE 6,59.99,1721890800.0,4,False,5002,2171,7173,Mixed,0.6973372368604489,2024-07-25 07:00:00,748.0,50+
1465470,The Crust,36.77,1721056098.0,2,False,2843,854,3697,Mostly Positive,0.769001893427103,2024-07-15 15:08:18,758.0,30-40
1857090,Norland,29.99,1721307370.0,2,False,8400,1894,10294,Very Positive,0.8160093258208665,2024-07-18 12:56:10,755.0,20-30
2669320,EA SPORTS FC™ 25,0.99,1727409120.0,54,False,56787,50146,106933,Mixed,0.5310521541526002,2024-09-27 03:52:00,684.0,<5
1939970,Nobody Wants to Die,24.99,1721227289.0,1,False,6006,1229,7235,Very Positive,0.8301313061506566,2024-07-17 14:41:29,756.0,20-30
2510710,Kunitsu-Gami: Path of the Goddess,39.99,1721361600.0,1,False,2321,189,2510,Very Positive,0.9247011952191235,2024-07-19 04:00:00,754.0,30-40
1416920,Chinese Online Game,9.99,1721369230.0,1,False,8882,1495,10377,Very Positive,0.8559313867206322,2024-07-19 06:07:10,754.0,5-10
1422440,Cataclismo,29.99,1742488793.0,3,False,3797,463,4260,Very Positive,0.8913145539906103,2025-03-20 16:39:53,510.0,20-30
2591280,F1® Manager 2024,34.99,1721743256.0,2,False,5744,1141,6885,Very Positive,0.8342774146695715,2024-07-23 14:00:56,750.0,30-40
2290000,TerraScape,14.99,1721217834.0,1,False,1966,252,2218,Very Positive,0.8863841298467088,2024-07-17 12:03:54,756.0,10-20
2816950,Yaoling: Mythical Journey,19.99,1750319798.0,1,False,3158,343,3501,Very Positive,0.902027992002285,2025-06-19 07:56:38,419.0,10-20
2849080,Kingdom Rush 5: Alliance TD,19.99,1721908863.0,2,False,10228,1363,11591,Very Positive,0.8824087654214476,2024-07-25 12:01:03,748.0,10-20
2307350,Into the Radius 2,39.99,1776962485.0,1,False,4507,1120,5627,Very Positive,0.8009596587879865,2026-04-23 16:41:25,111.0,30-40
2445690,Lost Castle 2,17.99,1781150313.0,2,False,10498,2994,13492,Mostly Positive,0.7780907204269196,2026-06-11 03:58:33,62.0,10-20
2012510,Stormgate,64.99,1754419930.0,1,True,4351,4875,9226,Mixed,0.4716019943637546,2025-08-05 18:52:10,371.0,50+
983380,Car Manufacture,19.99,1722527918.0,1,False,923,474,1397,Mixed,0.6607015032211883,2024-08-01 15:58:38,741.0,10-20
2142790,Fields of Mistria,13.99,1785944790.0,5,False,29596,757,30353,Overwhelmingly Positive,0.9750601258524693,2026-08-05 15:46:30,7.0,10-20
2366980,Thank Goodness You're Here!,19.99,1722527998.0,2,False,8000,314,8314,Overwhelmingly Positive,0.9622323791195574,2024-08-01 15:59:58,741.0,10-20
2638370,Five Nights at Freddy's: Into the Pit,19.99,1723064413.0,2,False,10430,465,10895,Overwhelmingly Positive,0.9573198715006884,2024-08-07 21:00:13,734.0,10-20
2396980,Fate/stay night REMASTERED,29.99,1723042709.0,1,False,4581,206,4787,Overwhelmingly Positive,0.9569667850428243,2024-08-07 14:58:29,735.0,20-30
2751000,Prince of Persia The Lost Crown,29.99,1723136365.0,2,False,5833,1087,6920,Very Positive,0.8429190751445087,2024-08-08 16:59:25,734.0,20-30
2400510,Dungeons & Degenerate Gamblers,14.99,1723136498.0,1,False,2851,634,3485,Very Positive,0.818077474892396,2024-08-08 17:01:38,734.0,10-20
2396240,SteamWorld Heist II,29.99,1723129087.0,1,False,2299,163,2462,Very Positive,0.9337936636880585,2024-08-08 14:58:07,734.0,20-30
2305840,Cat Quest III,19.99,1723100509.0,1,False,3980,203,4183,Overwhelmingly Positive,0.9514702366722448,2024-08-08 07:01:49,734.0,10-20
1575940,Sins of a Solar Empire II,49.99,1723723590.0,3,False,7182,1388,8570,Very Positive,0.8380396732788798,2024-08-15 12:06:30,727.0,40-50
2162800,shapez 2 - Factory,29.99,1776943550.0,5,False,14573,440,15013,Overwhelmingly Positive,0.9706920668753747,2026-04-23 11:25:50,111.0,20-30
1040200,Crime Scene Cleaner,29.99,1723647079.0,4,False,33147,646,33793,Overwhelmingly Positive,0.9808836149498417,2024-08-14 14:51:19,728.0,20-30
1845910,Dragon Age™: The Veilguard,59.99,1730390463.0,14,False,30542,14226,44768,Mixed,0.6822283774124375,2024-10-31 16:01:03,650.0,50+
1456940,Level Zero: Extraction,19.99,1738170184.0,1,False,1486,1455,2941,Mixed,0.5052703162189731,2025-01-29 17:03:04,560.0,10-20
2059530,Dawn of Defiance,19.99,1723723245.0,1,False,1422,411,1833,Mostly Positive,0.7757774140752864,2024-08-15 12:00:45,727.0,10-20
2515020,FINAL FANTASY XVI,49.99,1726581577.0,17,False,25843,7082,32925,Mostly Positive,0.7849050873196659,2024-09-17 13:59:37,694.0,40-50
2780980,LOCKDOWN Protocol,9.99,1763485360.0,10,False,17035,2753,19788,Very Positive,0.8608752779462301,2025-11-18 17:02:40,267.0,5-10
1295660,Sid Meier's Civilization VII,69.99,1739228460.0,29,False,28122,30003,58125,Mixed,0.4838193548387097,2025-02-10 23:01:00,547.0,50+
1043810,Tactical Breach Wizards,19.99,1724345700.0,2,False,11798,245,12043,Overwhelmingly Positive,0.9796562318359213,2024-08-22 16:55:00,720.0,10-20
1672500,GUNDAM BREAKER 4,59.99,1724882572.0,3,False,3076,1120,4196,Mostly Positive,0.7330791229742613,2024-08-28 22:02:52,713.0,50+
1771300,Kingdom Come: Deliverance II,59.99,1738683276.0,52,False,179894,11603,191497,Very Positive,0.9394089724643205,2025-02-04 15:34:36,554.0,50+
2853730,Skull and Bones,29.99,1724346083.0,1,False,3134,1579,4713,Mixed,0.6649692340335243,2024-08-22 17:01:23,720.0,20-30
2490990,Visions of Mana,59.99,1724947920.0,2,False,2111,601,2712,Mostly Positive,0.7783923303834809,2024-08-29 16:12:00,713.0,50+
2933130,The Lord of the Rings: Return to Moria™,29.99,1724778000.0,6,False,9965,2319,12284,Very Positive,0.8112178443503745,2024-08-27 17:00:00,715.0,20-30
1114150,CarX Street,19.99,1724914860.0,3,False,13657,5597,19254,Mostly Positive,0.709307156954399,2024-08-29 07:01:00,713.0,10-20
2878980,NBA 2K25,69.99,1730145600.0,50,False,25318,17548,42866,Mixed,0.5906312695376289,2024-10-28 20:00:00,652.0,50+
2067050,Squirrel with a Gun,19.99,1724947244.0,1,False,3313,583,3896,Very Positive,0.8503593429158111,2024-08-29 16:00:44,713.0,10-20
2369900,Castlevania Dominus Collection,24.99,1724770980.0,1,False,2556,154,2710,Very Positive,0.9431734317343173,2024-08-27 15:03:00,715.0,20-30
2228280,MEMORIAPOLIS,32.0,1746031676.0,1,False,1351,424,1775,Mostly Positive,0.7611267605633802,2025-04-30 16:47:56,469.0,30-40
2696050,Yarimono,24.99,1725004861.0,1,False,3629,538,4167,Very Positive,0.8708903287736981,2024-08-30 08:01:01,712.0,20-30
2440380,Megaloot,9.99,1725026667.0,1,False,2882,1127,4009,Mostly Positive,0.7188825143427289,2024-08-30 14:04:27,712.0,5-10
2223840,The Casting of Frank Stone™,29.99,1725379330.0,2,False,3687,2248,5935,Mixed,0.6212299915754002,2024-09-03 16:02:10,708.0,20-30
2878600,Harry Potter: Quidditch Champions,29.99,1725368400.0,2,False,2553,855,3408,Mostly Positive,0.7491197183098591,2024-09-03 13:00:00,708.0,20-30
2313020,Umamusume: Pretty Derby - Party Dash,44.99,1724943652.0,1,False,1157,399,1556,Mostly Positive,0.743573264781491,2024-08-29 15:00:52,713.0,40-50
2380050,Star Trucker,24.99,1725371760.0,1,False,4134,1129,5263,Mostly Positive,0.7854835645069352,2024-09-03 13:56:00,708.0,20-30
2683150,Ale & Tale Tavern,14.99,1725530304.0,1,False,9159,1108,10267,Very Positive,0.8920814259277297,2024-09-05 09:58:24,706.0,10-20
2401970,Ace Attorney Investigations Collection,39.99,1725595431.0,1,False,4570,153,4723,Overwhelmingly Positive,0.9676053355917849,2024-09-06 04:03:51,705.0,30-40
2920570,Dale & Dawson Stationery Supplies,7.99,1725030032.0,2,False,8171,763,8934,Very Positive,0.9145959256771883,2024-08-30 15:00:32,712.0,5-10
2322010,God of War Ragnarök,59.99,1726758000.0,26,False,43629,5486,49115,Very Positive,0.8883029624351013,2024-09-19 15:00:00,692.0,50+
1249970,Test Drive Unlimited Solar Crown,49.99,1726156807.0,2,False,4483,7641,12124,Mostly Negative,0.36976245463543383,2024-09-12 16:00:07,699.0,40-50
2634890,MARVEL vs. CAPCOM Fighting Collection: Arcade Classics,49.99,1726113756.0,1,False,2346,145,2491,Very Positive,0.941790445604175,2024-09-12 04:02:36,699.0,40-50
2658450,LOLLIPOP CHAINSAW RePOP,44.99,1726114314.0,1,False,2489,312,2801,Very Positive,0.8886112102820422,2024-09-12 04:11:54,699.0,40-50
3070070,TCG Card Shop Simulator,19.99,1726399396.0,11,False,47182,1693,48875,Overwhelmingly Positive,0.9653606138107417,2024-09-15 11:23:16,696.0,10-20
2688950,Planet Coaster 2,49.99,1730905185.0,6,False,10483,3711,14194,Mostly Positive,0.7385515006340707,2024-11-06 14:59:45,644.0,40-50
1737870,REKA,19.99,1726131242.0,1,False,2854,599,3453,Very Positive,0.8265276571097596,2024-09-12 08:54:02,699.0,10-20
2644470,PICO PARK 2,8.99,1726124435.0,2,False,4151,532,4683,Very Positive,0.8863976083707026,2024-09-12 07:00:35,699.0,5-10
2175540,DRAGON QUEST MONSTERS: The Dark Prince,39.99,1726070486.0,1,False,955,344,1299,Mostly Positive,0.7351809083910701,2024-09-11 16:01:26,700.0,30-40
1796790,Chef RPG,19.99,1726149547.0,1,False,2373,329,2702,Very Positive,0.8782383419689119,2024-09-12 13:59:07,699.0,10-20
2527390,Dead Rising Deluxe Remaster,49.99,1726704287.0,1,False,3278,799,4077,Very Positive,0.8040225656119696,2024-09-19 00:04:47,692.0,40-50
2198150,Tiny Glade,14.99,1727106693.0,8,False,23660,657,24317,Overwhelmingly Positive,0.9729818645392112,2024-09-23 15:51:33,688.0,10-20
1147860,UFO 50,24.99,1726671139.0,2,False,7068,362,7430,Overwhelmingly Positive,0.951278600269179,2024-09-18 14:52:19,693.0,20-30
1627570,The Plucky Squire,29.99,1726588291.0,1,False,3484,629,4113,Very Positive,0.8470702650133722,2024-09-17 15:51:31,694.0,20-30
3156770,Witchfire,39.99,1727106719.0,4,False,15641,1452,17093,Very Positive,0.9150529456502662,2024-09-23 15:51:59,688.0,30-40
2246340,Monster Hunter Wilds,39.99,1740718895.0,59,False,160293,166850,327143,Mixed,0.48997838865572546,2025-02-28 05:01:35,530.0,30-40
2828860,The Forever Winter,29.99,1727204404.0,2,False,16886,7759,24645,Mixed,0.6851694055589369,2024-09-24 19:00:04,686.0,20-30
1858630,SWORD ART ONLINE Fractured Daydream,84.99,1727992870.0,3,False,1853,1002,2855,Mixed,0.6490367775831873,2024-10-03 22:01:10,677.0,50+
2537590,Microsoft Flight Simulator 2024,69.99,1732032103.0,28,False,12665,8850,21515,Mixed,0.5886590750639089,2024-11-19 16:01:43,631.0,50+
2679460,Metaphor: ReFantazio,69.99,1728619150.0,20,False,38076,4363,42439,Very Positive,0.8971936190767926,2024-10-11 03:59:10,670.0,50+
2021880,Ara History Untold: Anniversary Edition ,49.99,1727197200.0,1,False,1577,705,2282,Mixed,0.6910604732690623,2024-09-24 17:00:00,687.0,40-50
2124490,SILENT HILL 2,69.99,1728360060.0,12,False,60225,3401,63626,Very Positive,0.9465470090843366,2024-10-08 04:01:00,673.0,50+
2172010,Until Dawn™,59.99,1728053880.0,2,False,4268,876,5144,Very Positive,0.8297045101088647,2024-10-04 14:58:00,677.0,50+
3097560,Liar's Bar,6.99,1727877687.0,16,False,50220,5813,56033,Very Positive,0.8962575625078079,2024-10-02 14:01:27,679.0,5-10
2458560,Zoochosis,24.99,1727701369.0,1,False,1448,932,2380,Mixed,0.6084033613445378,2024-09-30 13:02:49,681.0,20-30
2193540,Wizard of Legend 2,24.99,1749736814.0,1,False,1321,1207,2528,Mixed,0.5225474683544303,2025-06-12 14:00:14,426.0,20-30
3021100,Five Hearts Under One Roof,19.99,1727913625.0,1,False,6191,580,6771,Very Positive,0.914340570078275,2024-10-03 00:00:25,678.0,10-20
2668510,Red Dead Redemption,49.99,1730210569.0,18,False,19376,1579,20955,Very Positive,0.9246480553567168,2024-10-29 14:02:49,652.0,40-50
1442430,Storage Hunter Simulator,38.68,1764248499.0,1,False,3222,903,4125,Mostly Positive,0.7810909090909091,2025-11-27 13:01:39,258.0,30-40
3170540,Backyard Baseball '97,9.99,1728567270.0,1,False,2190,60,2250,Overwhelmingly Positive,0.9733333333333334,2024-10-10 13:34:30,671.0,5-10
3035570,Assassin's Creed Mirage,49.99,1729184426.0,8,False,9201,2878,12079,Mostly Positive,0.7617352429836907,2024-10-17 17:00:26,664.0,40-50
2000890,MechWarrior 5: Clans,29.99,1729123003.0,1,False,4329,1505,5834,Mostly Positive,0.7420294823448749,2024-10-16 23:56:43,664.0,20-30
2513280,SONIC X SHADOW GENERATIONS,49.99,1729828630.0,6,False,14794,511,15305,Overwhelmingly Positive,0.9666122182293369,2024-10-25 03:57:10,656.0,40-50
2288150,ROMANCE OF THE THREE KINGDOMS 8 REMAKE,59.99,1729731600.0,2,False,1948,1970,3918,Mixed,0.49719244512506383,2024-10-24 01:00:00,657.0,50+
3146520,WEBFISHING,4.99,1728673231.0,6,False,68468,1850,70318,Overwhelmingly Positive,0.9736909468414915,2024-10-11 19:00:31,669.0,<5
2420660,Neva,19.99,1729007124.0,1,False,9773,672,10445,Very Positive,0.9356629966491145,2024-10-15 15:45:24,666.0,10-20
1585180,Drova - Forsaken Kin,24.99,1729000686.0,1,False,9067,601,9668,Very Positive,0.9378361605295821,2024-10-15 13:58:06,666.0,20-30
2233120,A Quiet Place: The Road Ahead,29.99,1729170018.0,1,False,1857,623,2480,Mostly Positive,0.7487903225806452,2024-10-17 13:00:18,664.0,20-30
1874000,Life is Strange: Double Exposure,49.99,1730217444.0,3,False,7168,3289,10457,Mixed,0.6854738452711102,2024-10-29 15:57:24,652.0,40-50
2217000,Rivals of Aether II,29.99,1729702308.0,2,False,7841,1969,9810,Mostly Positive,0.7992864424057085,2024-10-23 16:51:48,658.0,20-30
1911610,Windblown,24.99,1729785561.0,2,False,9150,1142,10292,Very Positive,0.8890400310921104,2024-10-24 15:59:21,657.0,20-30
2455640,Romancing SaGa 2: Revenge of the Seven,49.99,1729785576.0,3,False,4402,316,4718,Very Positive,0.9330224671470962,2024-10-24 15:59:36,657.0,40-50
292000,No More Room in Hell 2,29.99,1729609428.0,2,False,10458,10838,21296,Mixed,0.4910781367392938,2024-10-22 15:03:48,659.0,20-30
2731870,Ys X: Nordics,59.99,1729875660.0,1,False,729,222,951,Mostly Positive,0.7665615141955836,2024-10-25 17:01:00,656.0,50+
2772750,Age of History 3,9.99,1729677837.0,1,False,15720,2773,18493,Very Positive,0.8500513707889472,2024-10-23 10:03:57,658.0,5-10
2135150,Elin,19.99,1730444404.0,4,False,8469,599,9068,Very Positive,0.9339435377150419,2024-11-01 07:00:04,649.0,10-20
2701660,DRAGON QUEST III HD-2D Remake,59.99,1731603430.0,3,False,3843,1113,4956,Mostly Positive,0.7754237288135594,2024-11-14 16:57:10,636.0,50+
2272900,Mirthwood,24.99,1730912443.0,1,False,1664,697,2361,Mostly Positive,0.7047861075815333,2024-11-06 17:00:43,644.0,20-30
2996040,Teenage Mutant Ninja Turtles: Splintered Fate,29.99,1730908982.0,1,False,3637,728,4365,Very Positive,0.8332187857961054,2024-11-06 16:03:02,644.0,20-30
2288630,Taiko no Tatsujin: Rhythm Festival,79.99,1730934353.0,1,False,1336,246,1582,Very Positive,0.8445006321112516,2024-11-06 23:05:53,643.0,50+
2287330,Empire of the Ants,39.99,1730966121.0,1,False,873,281,1154,Mostly Positive,0.7564991334488734,2024-11-07 07:55:21,643.0,30-40
1590760,Metal Slug Tactics,24.99,1730815170.0,1,False,1172,356,1528,Mostly Positive,0.7670157068062827,2024-11-05 13:59:30,645.0,20-30
1481170,ZEPHON,39.99,1731074418.0,1,False,1564,313,1877,Very Positive,0.8332445391582313,2024-11-08 14:00:18,642.0,30-40
2669410,Metro Awakening,29.99,1730998712.0,1,False,2622,891,3513,Mostly Positive,0.7463706233988044,2024-11-07 16:58:32,643.0,20-30
2211170,Unrailed 2: Back on Track,19.99,1781197792.0,1,False,1814,274,2088,Very Positive,0.8687739463601533,2026-06-11 17:09:52,62.0,10-20
1286220,Sea Power : Naval Combat in the Missile Age,49.99,1731405333.0,1,False,5709,577,6286,Very Positive,0.9082087177855552,2024-11-12 09:55:33,638.0,40-50
2716400,The Rise of the Golden Idol,19.99,1731434337.0,1,False,3796,304,4100,Very Positive,0.9258536585365854,2024-11-12 17:58:57,637.0,10-20
2475490,Mouthwashing,12.99,1727369986.0,1,False,36257,1800,38057,Overwhelmingly Positive,0.9527025251596289,2024-09-26 16:59:46,685.0,10-20
2510960,Temtem: Swarm,12.99,1775149176.0,1,False,2147,587,2734,Mostly Positive,0.7852962692026335,2026-04-02 16:59:36,132.0,10-20
2694490,Path of Exile 2,29.99,1733510040.0,55,False,167327,56809,224136,Mostly Positive,0.7465422779027019,2024-12-06 18:34:00,613.0,20-30
2408820,Luma Island,19.99,1732096458.0,3,False,10589,1994,12583,Very Positive,0.8415322260192323,2024-11-20 09:54:18,630.0,10-20
2842040,Star Wars Outlaws,69.99,1732211905.0,12,False,8688,3452,12140,Mostly Positive,0.7156507413509061,2024-11-21 17:58:25,628.0,50+
2768430,ATLYSS,9.99,1732316420.0,3,False,22128,724,22852,Overwhelmingly Positive,0.9683178715210923,2024-11-22 23:00:20,627.0,5-10
2178070,Towers of Aghasba,29.99,1732035692.0,1,False,1402,646,2048,Mixed,0.6845703125,2024-11-19 17:01:32,631.0,20-30
2384580,DYNASTY WARRIORS: ORIGINS,69.99,1737075600.0,15,False,27867,2006,29873,Very Positive,0.9328490610250059,2025-01-17 01:00:00,572.0,50+
2647680,ICBM: Escalation,29.99,1732200260.0,1,False,1219,197,1416,Very Positive,0.8608757062146892,2024-11-21 14:44:20,629.0,20-30
2356780,Dungeon Clawler,14.99,1777561234.0,1,False,3496,430,3926,Very Positive,0.8904737646459501,2026-04-30 15:00:34,104.0,10-20
2677660,Indiana Jones and the Great Circle,69.99,1733702499.0,8,False,18235,1954,20189,Very Positive,0.9032146218237654,2024-12-09 00:01:39,611.0,50+
2909110,Nuclear Nightmare,6.99,1729486446.0,1,False,15335,3567,18902,Very Positive,0.8112898106020527,2024-10-21 04:54:06,660.0,5-10
333640,Caves of Qud,29.99,1733417760.0,1,False,11901,618,12519,Overwhelmingly Positive,0.9506350347471842,2024-12-05 16:56:00,615.0,20-30
2909400,FINAL FANTASY VII REBIRTH,49.99,1737641006.0,16,False,25632,8429,34061,Mostly Positive,0.7525322216024192,2025-01-23 14:03:26,566.0,40-50
2916430,Fast Food Simulator,14.99,1733857145.0,6,False,8480,1158,9638,Very Positive,0.879850591409006,2024-12-10 18:59:05,609.0,10-20
2527500,MiSide,14.99,1733889561.0,9,False,137984,3105,141089,Overwhelmingly Positive,0.9779926145907902,2024-12-11 03:59:21,609.0,10-20
2289720,Kaiju Princess 2,17.99,1734055247.0,1,False,3049,117,3166,Overwhelmingly Positive,0.9630448515476943,2024-12-13 02:00:47,607.0,10-20
2521380,Legacy of Kain™ Soul Reaver 1&2 Remastered,29.99,1733846420.0,1,False,3350,415,3765,Very Positive,0.8897742363877822,2024-12-10 16:00:20,610.0,20-30
2667120,Ballionaire,12.34,1733839122.0,1,False,2206,372,2578,Very Positive,0.8557020946470132,2024-12-10 13:58:42,610.0,10-20
2353250,Astrometica,19.99,1733837556.0,1,False,2620,553,3173,Very Positive,0.8257169870784746,2024-12-10 13:32:36,610.0,10-20
2141730,Backrooms: Escape Together,9.99,1666098221.0,4,False,42332,5379,47711,Very Positive,0.8872587034436503,2022-10-18 13:03:41,1394.0,5-10
3004100,FREEDOM WARS Remastered,39.99,1736463677.0,1,False,946,404,1350,Mostly Positive,0.7007407407407408,2025-01-09 23:01:17,579.0,30-40
1750770,Starcom: Unknown Space,24.99,1725296672.0,1,False,4105,340,4445,Very Positive,0.9235095613048369,2024-09-02 17:04:32,709.0,20-30
2531310,The Last of Us™ Part II Remastered,49.99,1743699480.0,17,False,48867,4856,53723,Very Positive,0.9096104089496119,2025-04-03 16:58:00,496.0,40-50
3058630,Assetto Corsa EVO,39.99,1737042893.0,2,False,12356,8516,20872,Mixed,0.5919892679187428,2025-01-16 15:54:53,573.0,30-40
619820,Heroes of Hammerwatch II,19.99,1736893073.0,2,False,5310,1127,6437,Very Positive,0.8249184402672052,2025-01-14 22:17:53,574.0,10-20
1660080,Aloft,24.99,1736953015.0,2,False,3076,596,3672,Very Positive,0.8376906318082789,2025-01-15 14:56:55,574.0,20-30
1534840,Hyper Light Breaker,29.99,1736874000.0,1,False,2112,1862,3974,Mixed,0.5314544539506794,2025-01-14 17:00:00,575.0,20-30
2530980,Tales of Graces f Remastered,39.99,1737068502.0,1,False,873,118,991,Very Positive,0.8809283551967709,2025-01-16 23:01:42,572.0,30-40
1245480,SYNDUALITY Echo of Ada,39.99,1737673277.0,1,False,1530,2179,3709,Mixed,0.41251011054192505,2025-01-23 23:01:17,565.0,30-40
2854740,Nunholy,7.99,1737079931.0,1,False,4689,580,5269,Very Positive,0.8899221863731258,2025-01-17 02:12:11,572.0,5-10
2634950,Tokyo Xtreme Racer,49.99,1758767065.0,3,False,14601,987,15588,Very Positive,0.9366820631254812,2025-09-25 02:24:25,321.0,40-50
3287520,NINJA GAIDEN 2 Black,49.99,1737658854.0,1,False,3211,889,4100,Mostly Positive,0.7831707317073171,2025-01-23 19:00:54,565.0,40-50
1133870,Space Engineers 2,29.99,1738002058.0,2,False,3939,1336,5275,Mostly Positive,0.7467298578199052,2025-01-27 18:20:58,561.0,20-30
3017860,DOOM: The Dark Ages,69.99,1747267245.0,15,False,39010,5153,44163,Very Positive,0.8833186151303127,2025-05-15 00:00:45,454.0,50+
2820820,Jotunnslayer: Hordes of Hel,14.99,1756917692.0,1,False,6318,1347,7665,Very Positive,0.82426614481409,2025-09-03 16:41:32,343.0,10-20
3159330,Assassin’s Creed Shadows,69.99,1742430660.0,31,False,29401,9603,39004,Mostly Positive,0.7537944826171674,2025-03-20 00:31:00,510.0,50+
2651280,Marvel's Spider-Man 2,59.99,1738252800.0,21,False,35706,7398,43104,Very Positive,0.82836859688196,2025-01-30 16:00:00,559.0,50+
2495100,Hello Kitty Island Adventure,39.99,1738224044.0,6,False,11467,743,12210,Very Positive,0.9391482391482392,2025-01-30 08:00:44,559.0,30-40
2169200,Sniper Elite: Resistance,49.99,1738246187.0,1,False,4474,1459,5933,Mostly Positive,0.7540873082757459,2025-01-30 14:09:47,559.0,40-50
2273980,Orcs Must Die! Deathtrap,29.99,1738065957.0,1,False,3272,1357,4629,Mostly Positive,0.706848131345863,2025-01-28 12:05:57,561.0,20-30
3059070,The Headliners,7.99,1738238747.0,4,False,8925,1420,10345,Very Positive,0.8627356210729821,2025-01-30 12:05:47,559.0,5-10
2457540,Cardfight!! Vanguard Dear Days 2,69.99,1738198585.0,1,False,440,202,642,Mixed,0.6853582554517134,2025-01-30 00:56:25,559.0,50+
1763250,SWORN,30.99,1758643151.0,2,False,3945,974,4919,Very Positive,0.8019922748526124,2025-09-23 15:59:11,323.0,30-40
2073250,Rift of the NecroDancer,19.99,1738776630.0,1,False,5716,354,6070,Very Positive,0.9416803953871499,2025-02-05 17:30:30,553.0,10-20
3244220,A Game About Digging A Hole™,4.99,1738929661.0,3,False,17823,2120,19943,Very Positive,0.8936970365541794,2025-02-07 12:01:01,551.0,<5
2457220,Avowed,49.99,1739901660.0,5,False,9998,2993,12991,Mostly Positive,0.7696097298129474,2025-02-18 18:01:00,539.0,40-50
2967990,Train Sim World® 5,39.99,1726592413.0,3,False,4117,1104,5221,Mostly Positive,0.788546255506608,2024-09-17 17:00:13,694.0,30-40
2622380,ELDEN RING NIGHTREIGN,39.99,1748555952.0,36,False,154528,34505,189033,Very Positive,0.8174657334962678,2025-05-29 21:59:12,439.0,30-40
3061810,Like a Dragon: Pirate Yakuza in Hawaii,59.99,1740063660.0,3,False,8595,1191,9786,Very Positive,0.878295524218271,2025-02-20 15:01:00,538.0,50+
2668430,The Legend of Heroes: Trails through Daybreak II,59.99,1739556015.0,1,False,589,109,698,Very Positive,0.8438395415472779,2025-02-14 18:00:15,543.0,50+
3178350,WARRIORS: Abyss,24.99,1739401212.0,1,False,1975,321,2296,Very Positive,0.860191637630662,2025-02-12 23:00:12,545.0,20-30
371970,Barony,19.99,1435075199.0,3,False,16000,1629,17629,Very Positive,0.9075954393329173,2015-06-23 15:59:59,4068.0,10-20
2001120,Split Fiction,49.99,1741277100.0,50,False,121206,3810,125016,Overwhelmingly Positive,0.9695239009406796,2025-03-06 16:05:00,524.0,40-50
1270580,Mind Over Magic,24.99,1739382727.0,1,False,3861,588,4449,Very Positive,0.8678354686446392,2025-02-12 17:52:07,545.0,20-30
2385530,PGA TOUR 2K25,39.99,1740718620.0,5,False,3231,1435,4666,Mixed,0.6924560651521646,2025-02-28 04:57:00,530.0,30-40
1902960,Lost Records: Bloom & Rage,34.98,1739869254.0,1,False,5420,859,6279,Very Positive,0.8631947762382545,2025-02-18 09:00:54,540.0,30-40
2104890,RoadCraft,39.99,1747752675.0,8,False,12057,4065,16122,Mostly Positive,0.7478600669892073,2025-05-20 14:51:15,449.0,30-40
3123410,Atelier Yumia: The Alchemist of Memories & the Envisioned Land,69.99,1742518800.0,4,False,2095,1172,3267,Mixed,0.6412610958065503,2025-03-21 01:00:00,509.0,50+
2026820,Die in the Dungeon,14.99,1777658610.0,1,False,3163,272,3435,Very Positive,0.9208151382823871,2026-05-01 18:03:30,102.0,10-20
2750000,Microtopia,19.99,1739893852.0,1,False,841,120,961,Very Positive,0.8751300728407908,2025-02-18 15:50:52,540.0,10-20
3241660,R.E.P.O.,9.99,1740578356.0,68,False,399432,16462,415894,Overwhelmingly Positive,0.9604177987660317,2025-02-26 13:59:16,532.0,5-10
2185060,Two Point Museum,29.99,1741107507.0,10,False,12427,604,13031,Overwhelmingly Positive,0.9536489908679303,2025-03-04 16:58:27,526.0,20-30
2878960,WWE 2K25,59.99,1741906800.0,3,False,4552,2038,6590,Mixed,0.6907435508345979,2025-03-13 23:00:00,516.0,50+
3013550,Yu-Gi-Oh! EARLY DAYS COLLECTION,49.99,1740664935.0,1,False,385,121,506,Mostly Positive,0.7608695652173914,2025-02-27 14:02:15,531.0,40-50
1932640,Suikoden I&II HD Remaster Gate Rune and Dunan Unification Wars,49.99,1741248120.0,1,False,2420,131,2551,Very Positive,0.9486475891807135,2025-03-06 08:02:00,524.0,40-50
3240220,Grand Theft Auto V Enhanced,29.99,1741091880.0,57,False,175587,37207,212794,Very Positive,0.8251501452108612,2025-03-04 12:38:00,526.0,20-30
1340990,Rise of the Ronin,49.99,1741654815.0,2,False,6844,4018,10862,Mixed,0.6300865402320015,2025-03-11 01:00:15,519.0,40-50
1984020,Everhood 2,19.99,1741096865.0,1,False,1765,609,2374,Mostly Positive,0.7434709351305813,2025-03-04 14:01:05,526.0,10-20
1299460,Wanderstop,24.99,1741697962.0,1,False,2934,228,3162,Very Positive,0.9278937381404174,2025-03-11 12:59:22,519.0,20-30
3164500,Schedule I,19.99,1742853611.0,55,False,304726,6826,311552,Overwhelmingly Positive,0.9780903348397699,2025-03-24 22:00:11,505.0,10-20
1203190,Wreckfest 2,34.99,1742489789.0,2,False,4149,1464,5613,Mostly Positive,0.7391769107429182,2025-03-20 16:56:29,510.0,30-40
2680010,The First Berserker: Khazan,59.99,1743087633.0,7,False,27044,4757,31801,Very Positive,0.8504135090091507,2025-03-27 15:00:33,503.0,50+
1689620,BLEACH Rebirth of Souls,59.99,1742508037.0,1,False,4654,2294,6948,Mixed,0.6698330454807139,2025-03-20 22:00:37,509.0,50+
801800,Atomfall,49.99,1743083820.0,4,False,4379,1261,5640,Mostly Positive,0.7764184397163121,2025-03-27 13:57:00,503.0,40-50
2456740,inZOI,39.99,1743120004.0,10,False,24890,7373,32263,Mostly Positive,0.7714719647893872,2025-03-28 00:00:04,502.0,30-40
2407270,AI LIMIT,34.99,1743084027.0,3,False,33508,2946,36454,Very Positive,0.9191858232292752,2025-03-27 14:00:27,503.0,30-40
1172710,Dune: Awakening,49.99,1749564063.0,22,False,55013,22799,77812,Mostly Positive,0.706998920474991,2025-06-10 14:01:03,428.0,40-50
1324780,Easy Red 2,8.99,1641503362.0,3,False,13050,1407,14457,Very Positive,0.9026769039219755,2022-01-06 21:09:22,1678.0,5-10
3028310,Nordhold,19.99,1742921998.0,2,False,2879,436,3315,Very Positive,0.8684766214177979,2025-03-25 16:59:58,505.0,10-20
3020510,Legend of Heroes: Three Kingdoms,19.99,1742959771.0,1,False,7124,918,8042,Very Positive,0.8858492912210892,2025-03-26 03:29:31,504.0,10-20
3117820,Sultan's Game,24.99,1743390037.0,5,False,32618,2144,34762,Very Positive,0.9383234566480639,2025-03-31 03:00:37,499.0,20-30
2452080,SaGa Frontier 2 Remastered,29.99,1743091026.0,1,False,353,24,377,Very Positive,0.9363395225464191,2025-03-27 15:57:06,503.0,20-30
1796470,Haste,19.99,1743512588.0,2,False,12741,1078,13819,Very Positive,0.9219914610319125,2025-04-01 13:03:08,498.0,10-20
1934570,South of Midnight,39.99,1744128081.0,2,False,4407,268,4675,Very Positive,0.9426737967914438,2025-04-08 16:01:21,491.0,30-40
1569580,Blue Prince,29.99,1744293403.0,9,False,16902,2645,19547,Very Positive,0.8646851179209086,2025-04-10 13:56:43,489.0,20-30
2239710,Into the Dead: Our Darkest Days,24.99,1744236022.0,2,False,8374,1013,9387,Very Positive,0.8920847981250666,2025-04-09 22:00:22,489.0,20-30
1401730,Crashlands 2,24.99,1744297245.0,1,False,2149,294,2443,Very Positive,0.8796561604584527,2025-04-10 15:00:45,489.0,20-30
1479730,Commandos: Origins,49.99,1744207121.0,1,False,1947,531,2478,Mostly Positive,0.7857142857142857,2025-04-09 13:58:41,490.0,40-50
2680550,Hollywood Animal,19.99,1744300651.0,1,False,3046,1111,4157,Mostly Positive,0.732739956699543,2025-04-10 15:57:31,489.0,10-20
2827230,Wild Assault,14.99,1779969883.0,1,False,2924,1361,4285,Mixed,0.6823803967327888,2026-05-28 12:04:43,76.0,10-20
2608270,Intravenous 2,19.99,1723741321.0,1,False,4436,242,4678,Very Positive,0.9482684908080377,2024-08-15 17:02:01,727.0,10-20
2625420,Drive Beyond Horizons,24.99,1742835787.0,10,False,15522,4417,19939,Mostly Positive,0.7784743467576107,2025-03-24 17:03:07,506.0,20-30
1374490,RuneScape: Dragonwilds,29.99,1744735534.0,6,False,23325,5412,28737,Very Positive,0.8116713644430525,2025-04-15 16:45:34,484.0,20-30
1486920,Tempest Rising,39.99,1745513962.0,3,False,10303,1488,11791,Very Positive,0.8738020524128572,2025-04-24 16:59:22,475.0,30-40
2492040,FATAL FURY: City of the Wolves,19.99,1769068848.0,2,False,2957,693,3650,Very Positive,0.8101369863013699,2026-01-22 08:00:48,202.0,10-20
1903340,Clair Obscur: Expedition 33,49.99,1745478027.0,49,False,262102,12946,275048,Overwhelmingly Positive,0.952931851894942,2025-04-24 07:00:27,475.0,40-50
1721060,Mandragora: Whispers of the Witch Tree,39.99,1744873314.0,1,False,2815,879,3694,Mostly Positive,0.7620465619924202,2025-04-17 07:01:54,482.0,30-40
3255380,LUNAR Remastered Collection,49.99,1744959559.0,1,False,571,51,622,Very Positive,0.9180064308681672,2025-04-18 06:59:19,481.0,40-50
1931180,Lost Skies,24.99,1758113967.0,1,False,1801,1165,2966,Mixed,0.6072151045178692,2025-09-17 12:59:27,329.0,20-30
2138720,REMATCH,49.99,1750327103.0,10,False,36144,16221,52365,Mixed,0.6902320252076769,2025-06-19 09:58:23,419.0,40-50
2623190,The Elder Scrolls IV: Oblivion Remastered,49.99,1745334060.0,14,False,52668,16927,69595,Mostly Positive,0.7567785042028882,2025-04-22 15:01:00,477.0,40-50
3014080,The Hundred Line -Last Defense Academy-,59.99,1745467231.0,3,False,7552,1033,8585,Very Positive,0.879673849737915,2025-04-24 04:00:31,475.0,50+
2869860,Monster Prom 4: Monster Con,14.99,1745515180.0,1,False,2092,21,2113,Overwhelmingly Positive,0.9900615238996687,2025-04-24 17:19:40,475.0,10-20
2414270,Sunderfolk,49.99,1745420125.0,1,False,1996,228,2224,Very Positive,0.8974820143884892,2025-04-23 14:55:25,476.0,40-50
3228590,Deadzone: Rogue,24.99,1754931634.0,5,False,13308,2836,16144,Very Positive,0.8243310208126858,2025-08-11 17:00:34,366.0,20-30
2277560,WUCHANG: Fallen Feathers,49.99,1753321583.0,7,False,59041,45456,104497,Mixed,0.5650018660822799,2025-07-24 01:46:23,384.0,40-50
3238670,Conquest Dark,9.99,1746013693.0,1,False,2337,267,2604,Very Positive,0.8974654377880185,2025-04-30 11:48:13,469.0,5-10
1604270,Broken Arrow,49.99,1750348800.0,5,False,18723,15620,34343,Mixed,0.545176600762892,2025-06-19 16:00:00,419.0,40-50
2488370,Cash Cleaner Simulator,19.99,1746719941.0,2,False,7211,596,7807,Very Positive,0.9236582554118099,2025-05-08 15:59:01,461.0,10-20
2787320,Revenge of the Savage Planet,29.99,1746727200.0,1,False,3048,488,3536,Very Positive,0.8619909502262444,2025-05-08 18:00:00,460.0,20-30
3226530,Tower Dominion,17.49,1746672836.0,1,False,4631,777,5408,Very Positive,0.8563239644970414,2025-05-08 02:53:56,461.0,10-20
2525310,Drop Duchy,14.99,1746456799.0,1,False,2829,337,3166,Very Positive,0.8935565382185723,2025-05-05 14:53:19,464.0,10-20
2863640,The Midnight Walk,29.99,1746712615.0,1,False,2651,202,2853,Very Positive,0.9291973361373992,2025-05-08 13:56:55,461.0,20-30
2993780,FANTASY LIFE i: The Girl Who Steals Time,59.99,1747839591.0,7,False,12349,1122,13471,Very Positive,0.9167099695642491,2025-05-21 14:59:51,448.0,50+
3168600,Among Us 3D,9.99,1746550787.0,1,False,2283,877,3160,Mostly Positive,0.7224683544303797,2025-05-06 16:59:47,463.0,5-10
3489700,Stellar Blade™,59.99,1749678927.0,23,False,86861,5726,92587,Very Positive,0.9381554645900613,2025-06-11 21:55:27,426.0,50+
490110,The Precinct,29.99,1747147921.0,2,False,7973,1139,9112,Very Positive,0.875,2025-05-13 14:52:01,456.0,20-30
2400430,Capcom Fighting Collection 2,39.99,1747368020.0,1,False,862,139,1001,Very Positive,0.8611388611388612,2025-05-16 04:00:20,453.0,30-40
3400000,Cubic Odyssey,24.99,1747238452.0,1,False,1975,738,2713,Mostly Positive,0.7279764098783634,2025-05-14 16:00:52,455.0,20-30
2292800,Blacksmith Master,19.99,1747313717.0,1,False,2262,447,2709,Very Positive,0.8349944629014396,2025-05-15 12:55:17,454.0,10-20
2742830,Monster Train 2,24.99,1747834582.0,3,False,9568,470,10038,Overwhelmingly Positive,0.953177923889221,2025-05-21 13:36:22,448.0,20-30
1153410,JDM: Japanese Drift Master,34.99,1747835563.0,1,False,4536,1448,5984,Mostly Positive,0.7580213903743316,2025-05-21 13:52:43,448.0,30-40
2784470,9 Kings,19.99,1748004922.0,3,False,21068,1708,22776,Very Positive,0.9250087811731648,2025-05-23 12:55:22,446.0,10-20
3059520,F1® 25,49.99,1748617380.0,33,False,24418,3629,28047,Very Positive,0.8706100474204015,2025-05-30 15:03:00,439.0,40-50
1857740,MOBILE SUIT GUNDAM SEED BATTLE DESTINY REMASTERED,39.99,1747864831.0,1,False,668,179,847,Mostly Positive,0.7886658795749705,2025-05-21 22:00:31,447.0,30-40
2404880,Car Dealer Simulator,19.99,1748537256.0,2,False,8999,1119,10118,Very Positive,0.88940502075509,2025-05-29 16:47:36,440.0,10-20
2543180,POPUCOM,19.99,1748831400.0,2,False,3646,551,4197,Very Positive,0.86871574934477,2025-06-02 02:30:00,436.0,10-20
3400930,Guilty as Sock!,5.5,1748508043.0,3,False,5069,590,5659,Very Positive,0.8957412970489486,2025-05-29 08:40:43,440.0,5-10
2393160,Nice Day for Fishing,23.99,1748534329.0,1,False,2605,514,3119,Very Positive,0.8352035908945175,2025-05-29 15:58:49,440.0,20-30
1671210,DELTARUNE,24.99,1749048929.0,11,False,126495,2416,128911,Overwhelmingly Positive,0.9812583875697186,2025-06-04 14:55:29,434.0,20-30
2864560,Rune Factory: Guardians of Azuma,59.99,1749095465.0,2,False,3199,418,3617,Very Positive,0.8844346143212607,2025-06-05 03:51:05,433.0,50+
3008130,Dying Light: The Beast,59.99,1758211254.0,20,False,60868,9410,70278,Very Positive,0.8661031901875409,2025-09-18 16:00:54,328.0,50+
1004640,FINAL FANTASY TACTICS - The Ivalice Chronicles,49.99,1759247896.0,5,False,5915,708,6623,Very Positive,0.8930998037143288,2025-09-30 15:58:16,316.0,40-50
2215390,Five Nights at Freddy's: Secret of the Mimic,39.99,1749834015.0,2,False,9775,1550,11325,Very Positive,0.8631346578366446,2025-06-13 17:00:15,425.0,30-40
1601570,The Alters,34.99,1749816029.0,2,False,17326,1847,19173,Very Positive,0.903666614509988,2025-06-13 12:00:29,425.0,30-40
2201320,Date Everything!,29.99,1750175956.0,8,False,7066,501,7567,Very Positive,0.9337914629311485,2025-06-17 15:59:16,421.0,20-30
1285190,Borderlands 4,99.99,1757606481.0,24,False,48140,34156,82296,Mixed,0.5849616020219695,2025-09-11 16:01:21,335.0,50+
3527290,PEAK,7.99,1750093261.0,46,False,324689,18379,343068,Very Positive,0.946427530402136,2025-06-16 17:01:01,422.0,5-10
3350200,Revenge on gold diggers ,6.99,1750320768.0,2,False,41095,10112,51207,Very Positive,0.8025269982619564,2025-06-19 08:12:48,419.0,5-10
2288350,RAIDOU Remastered: The Mystery of the Soulless Army,49.99,1750305653.0,1,False,1345,104,1449,Very Positive,0.9282263630089717,2025-06-19 04:00:53,419.0,40-50
3483740,Cast n Chill,14.99,1750089887.0,1,False,7812,419,8231,Very Positive,0.9490948851901349,2025-06-16 16:04:47,422.0,10-20
2272540,FBC: Firebreak,19.99,1750154635.0,1,False,1488,825,2313,Mixed,0.6433203631647212,2025-06-17 10:03:55,421.0,10-20
2695570,Kindergarten 3,19.99,1750262159.0,1,False,1741,101,1842,Very Positive,0.9451682953311618,2025-06-18 15:55:59,420.0,10-20
2545710,Tony Hawk's™ Pro Skater™ 3 + 4,49.99,1752206438.0,1,False,1104,502,1606,Mixed,0.6874221668742216,2025-07-11 04:00:38,397.0,40-50
2383200,PATAPON 1+2 REPLAY,29.99,1752184813.0,1,False,1950,379,2329,Very Positive,0.8372692142550451,2025-07-10 22:00:13,397.0,20-30
3024040,Stronghold Crusader: Definitive Edition,19.99,1752590643.0,3,False,10558,859,11417,Very Positive,0.9247613208373479,2025-07-15 14:44:03,393.0,10-20
3405690,EA SPORTS FC™ 26,69.99,1758841140.0,48,False,50129,49532,99661,Mixed,0.5029951535706043,2025-09-25 22:59:00,320.0,50+
1430190,Killing Floor 3,39.99,1753362060.0,3,False,10202,12986,23188,Mixed,0.43996894945661547,2025-07-24 13:01:00,384.0,30-40
2235200,Neon Abyss 2,19.99,1752745933.0,1,False,1577,686,2263,Mixed,0.6968625718073354,2025-07-17 09:52:13,391.0,10-20
3101040,Magical Girl Witch Trials,29.99,1752834333.0,3,False,32140,1163,33303,Overwhelmingly Positive,0.965078221181275,2025-07-18 10:25:33,390.0,20-30
3249650,Little Fighter 2 Remastered,15.88,1752846372.0,1,False,1389,423,1812,Mostly Positive,0.7665562913907285,2025-07-18 13:46:12,390.0,10-20
2824490,He is Coming,19.99,1752757029.0,1,False,3464,616,4080,Very Positive,0.8490196078431372,2025-07-17 12:57:09,391.0,10-20
3504780,Wildgate,29.99,1753195440.0,2,False,4311,1321,5632,Mostly Positive,0.7654474431818182,2025-07-22 14:44:00,386.0,20-30
2753900,The King is Watching,14.99,1753091458.0,1,False,9137,1140,10277,Very Positive,0.8890726865816873,2025-07-21 09:50:58,387.0,10-20
1782460,Hell Clock,19.99,1753195537.0,1,False,3476,679,4155,Very Positive,0.8365824308062575,2025-07-22 14:45:37,386.0,10-20
3716600,Mage Arena,2.99,1753373693.0,4,False,18500,1861,20361,Very Positive,0.908599774077894,2025-07-24 16:14:53,384.0,<5
2661300,Grounded 2,29.99,1753808815.0,6,False,18330,4346,22676,Very Positive,0.8083436232139707,2025-07-29 17:06:55,379.0,20-30
2807960,Battlefield™ 6,69.99,1760108280.0,46,False,231449,127401,358850,Mixed,0.6449742232130417,2025-10-10 14:58:00,306.0,50+
1154030,Titan Quest II,34.99,1754074735.0,3,False,14453,3181,17634,Very Positive,0.819609844618351,2025-08-01 18:58:55,375.0,30-40
2016460,Tales of the Shire: A The Lord of The Rings™ Game,34.99,1753804164.0,1,False,3065,685,3750,Very Positive,0.8173333333333334,2025-07-29 15:49:24,379.0,30-40
1941540,Mafia: The Old Country,59.99,1754582400.0,4,False,21142,7823,28965,Mostly Positive,0.729915415156223,2025-08-07 16:00:00,370.0,50+
2928600,Demon Slayer -Kimetsu no Yaiba- The Hinokami Chronicles 2,59.99,1754409646.0,3,False,2961,619,3580,Very Positive,0.8270949720670391,2025-08-05 16:00:46,372.0,50+
2542120,NINJA GAIDEN: Ragebound,24.99,1753973640.0,1,False,2455,198,2653,Very Positive,0.9253675084809649,2025-07-31 14:54:00,377.0,20-30
2347080,Frosthaven,39.99,1753977327.0,1,False,668,261,929,Mostly Positive,0.7190527448869752,2025-07-31 15:55:27,377.0,30-40
2133760,Tiny Bookshop,19.99,1754584164.0,2,False,7245,286,7531,Overwhelmingly Positive,0.9620236356393573,2025-08-07 16:29:24,370.0,10-20
3230400,EA SPORTS™ Madden NFL 26,69.99,1755187212.0,12,False,3046,2737,5783,Mixed,0.5267162372471036,2025-08-14 16:00:12,363.0,50+
3035120,Is This Seat Taken?,9.99,1754575261.0,1,False,8972,245,9217,Overwhelmingly Positive,0.9734186828686123,2025-08-07 14:01:01,370.0,5-10
1909950,SUPER ROBOT WARS Y,59.99,1756332024.0,3,False,2275,469,2744,Very Positive,0.8290816326530612,2025-08-27 22:00:24,349.0,50+
3556750,"Warhammer 40,000: Dawn of War - Definitive Edition",29.99,1755190560.0,3,False,10706,1776,12482,Very Positive,0.8577151097580515,2025-08-14 16:56:00,363.0,20-30
1721110,Abyssus,24.99,1755010060.0,2,False,4637,811,5448,Very Positive,0.8511380323054332,2025-08-12 14:47:40,365.0,20-30
1617400,The Bazaar,19.99,1755114660.0,2,False,10765,4472,15237,Mostly Positive,0.7065039049681696,2025-08-13 19:51:00,363.0,10-20
2417610,METAL GEAR SOLID Δ: SNAKE EATER,69.99,1756386023.0,8,False,15724,3098,18822,Very Positive,0.8354053766868558,2025-08-28 13:00:23,349.0,50+
3339880,OFF,14.99,1755277256.0,1,False,3131,122,3253,Overwhelmingly Positive,0.9624961573931755,2025-08-15 17:00:56,362.0,10-20
3450310,Europa Universalis V,59.99,1762275513.0,9,False,20171,10033,30204,Mixed,0.6678254535823069,2025-11-04 16:58:33,281.0,50+
3606480,Call of Duty®: Black Ops 7,69.99,1763096400.0,29,False,1811,2944,4755,Mostly Negative,0.3808622502628812,2025-11-14 05:00:00,271.0,50+
2274620,Discounty,19.99,1755788135.0,1,False,2277,454,2731,Very Positive,0.8337605272793849,2025-08-21 14:55:35,356.0,10-20
3472040,NBA 2K26,69.99,1757044839.0,43,False,20553,11400,31953,Mixed,0.6432259881701249,2025-09-05 04:00:39,341.0,50+
2615540,VOID/BREAKER,19.99,1755626413.0,1,False,2479,225,2704,Very Positive,0.9167899408284024,2025-08-19 18:00:13,357.0,10-20
1943730,Wicked Island,34.99,1755791894.0,1,False,896,265,1161,Mostly Positive,0.7717484926787253,2025-08-21 15:58:14,356.0,30-40
2453160,Sword of the Sea,29.99,1755619257.0,1,False,1512,173,1685,Very Positive,0.8973293768545995,2025-08-19 16:00:57,358.0,20-30
2508780,STORY OF SEASONS: Grand Bazaar,49.99,1756313460.0,3,False,3741,249,3990,Very Positive,0.937593984962406,2025-08-27 16:51:00,350.0,40-50
2523720,Gears of War: Reloaded,39.99,1756220414.0,1,False,2151,1395,3546,Mixed,0.6065989847715736,2025-08-26 15:00:14,351.0,30-40
3293260,Waterpark Simulator,12.99,1785510022.0,4,False,11676,468,12144,Overwhelmingly Positive,0.9614624505928854,2026-07-31 15:00:22,12.0,10-20
2589500,Whisper of the House,14.99,1756281423.0,1,False,5278,168,5446,Overwhelmingly Positive,0.9691516709511568,2025-08-27 07:57:03,350.0,10-20
2486820,Sonic Racing: CrossWorlds,69.99,1758816058.0,9,False,15325,1177,16502,Very Positive,0.9286753120833838,2025-09-25 16:00:58,321.0,50+
2361770,SHINOBI: Art of Vengeance,29.99,1756440082.0,1,False,3912,841,4753,Very Positive,0.8230591205554386,2025-08-29 04:01:22,348.0,20-30
1030300,Hollow Knight: Silksong,19.99,1756994412.0,14,False,373438,44302,417740,Very Positive,0.8939483889500647,2025-09-04 14:00:12,342.0,10-20
2101960,Cronos: The New Dawn,59.99,1757080603.0,2,False,10046,1372,11418,Very Positive,0.8798388509371168,2025-09-05 13:56:43,341.0,50+
1342490,Daemon X Machina: Titanic Scion,69.99,1757055632.0,1,False,1561,911,2472,Mixed,0.6314724919093851,2025-09-05 07:00:32,341.0,50+
1620730,Hell is Us,49.99,1757001588.0,2,False,5539,940,6479,Very Positive,0.854915882080568,2025-09-04 15:59:48,342.0,40-50
2730810,EVERYBODY'S GOLF HOT SHOTS,39.99,1757023221.0,1,False,814,500,1314,Mixed,0.619482496194825,2025-09-04 22:00:21,341.0,30-40
2444750,Shape of Dreams,24.99,1757555859.0,7,False,18008,1996,20004,Very Positive,0.9002199560087982,2025-09-11 01:57:39,335.0,20-30
3551340,Football Manager 26,59.99,1762272098.0,12,False,12121,22794,34915,Mostly Negative,0.34715738221394815,2025-11-04 16:01:38,281.0,50+
1984270,Digimon Story Time Stranger,69.99,1759442400.0,14,False,19864,2330,22194,Very Positive,0.8950166711723889,2025-10-02 22:00:00,313.0,50+
1669480,Firefighting Simulator: Ignite,34.99,1757429247.0,1,False,2023,495,2518,Very Positive,0.8034154090548054,2025-09-09 14:47:27,337.0,30-40
3602290,FEMBOY FUTA HOUSE,14.99,1757691871.0,1,False,4222,476,4698,Very Positive,0.8986802894848872,2025-09-12 15:44:31,334.0,10-20
3478050,Road to Empress I,7.11,1757376033.0,3,False,11333,1744,13077,Very Positive,0.8666360786113023,2025-09-09 00:00:33,337.0,5-10
2719750,Star Birds,19.99,1757515275.0,1,False,2818,238,3056,Very Positive,0.9221204188481675,2025-09-10 14:41:15,336.0,10-20
2947440,SILENT HILL f,69.99,1758772832.0,15,False,22902,5562,28464,Very Positive,0.8045952782462057,2025-09-25 04:00:32,321.0,50+
3180070,"No, I'm not a Human",14.99,1757955595.0,6,False,28011,2024,30035,Very Positive,0.9326119527218245,2025-09-15 16:59:55,331.0,10-20
3585800,Keep Digging,6.99,1757581772.0,1,False,2567,661,3228,Mostly Positive,0.7952292441140025,2025-09-11 09:09:32,335.0,5-10
1757300,Jump Space,19.99,1758290424.0,2,False,10212,1734,11946,Very Positive,0.8548468106479156,2025-09-19 14:00:24,327.0,10-20
3375780,Trails in the Sky 1st Chapter,59.99,1758265218.0,2,False,4382,205,4587,Overwhelmingly Positive,0.9553084804883366,2025-09-19 07:00:18,327.0,50+
3447040,Sora no Kiseki the 1st,59.99,1758265226.0,1,False,9069,232,9301,Overwhelmingly Positive,0.9750564455434899,2025-09-19 07:00:26,327.0,50+
3405340,Megabonk,9.99,1758218421.0,14,False,98904,5847,104751,Very Positive,0.9441819171177364,2025-09-18 18:00:21,327.0,5-10
3115220,Town to City,29.99,1779807403.0,1,False,6764,166,6930,Overwhelmingly Positive,0.976046176046176,2026-05-26 14:56:43,78.0,20-30
2949320,Ratatan,24.99,1758207610.0,1,False,2639,444,3083,Very Positive,0.8559844307492702,2025-09-18 15:00:10,328.0,20-30
3407390,ENDLESS Legend™ 2,49.99,1758545776.0,2,False,2315,455,2770,Very Positive,0.8357400722021661,2025-09-22 12:56:16,324.0,40-50
2748340,Goblin Cleanup,19.99,1758211102.0,1,False,2030,284,2314,Very Positive,0.8772687986171133,2025-09-18 15:58:22,328.0,10-20
2686630,Voyagers of Nera,29.99,1758026726.0,1,False,2197,387,2584,Very Positive,0.8502321981424149,2025-09-16 12:45:26,330.0,20-30
1808500,ARC Raiders,39.99,1761816609.0,38,False,339449,72022,411471,Very Positive,0.82496457830564,2025-10-30 09:30:09,286.0,30-40
2885870,Strange Antiquities,17.99,1758116531.0,1,False,3273,158,3431,Overwhelmingly Positive,0.9539492859224716,2025-09-17 13:42:11,329.0,10-20
2755480,The Censor DX Edition,17.99,1758243775.0,1,False,1224,261,1485,Very Positive,0.8242424242424242,2025-09-19 01:02:55,327.0,10-20
3314790,CloverPit,9.99,1758902426.0,4,False,22913,2486,25399,Very Positive,0.9021221307925509,2025-09-26 16:00:26,320.0,5-10
2288470,Aethermancer,25.99,1758628573.0,1,False,2395,225,2620,Very Positive,0.9141221374045801,2025-09-23 11:56:13,323.0,20-30
3259600,Atelier Resleriana: The Red Alchemist & the White Guardian,59.99,1758848400.0,1,False,849,87,936,Very Positive,0.907051282051282,2025-09-26 01:00:00,320.0,50+
1392860,Little Nightmares III,39.99,1760047200.0,2,False,9730,11046,20776,Mixed,0.4683288409703504,2025-10-09 22:00:00,306.0,30-40
1904480,Absolum,24.99,1760014326.0,2,False,9597,826,10423,Very Positive,0.9207521826729349,2025-10-09 12:52:06,307.0,20-30
2060160,The Farmer Was Replaced,9.99,1760102338.0,2,False,8619,401,9020,Overwhelmingly Positive,0.9555432372505543,2025-10-10 13:18:58,306.0,5-10
2582140,Seafarer: The Ship Sim,24.99,1759849075.0,1,False,1352,691,2043,Mixed,0.661771904062653,2025-10-07 14:57:55,309.0,20-30
2958130,Jurassic World Evolution 3,59.99,1761054952.0,10,False,11949,842,12791,Very Positive,0.9341724650144633,2025-10-21 13:55:52,295.0,50+
2352620,Fellowship,24.99,1760630011.0,4,False,13078,4403,17481,Mostly Positive,0.7481265373834449,2025-10-16 15:53:31,300.0,20-30
3167020,Escape From Duckov,17.99,1760598013.0,7,False,87697,16097,103794,Very Positive,0.8449139641983159,2025-10-16 07:00:13,300.0,10-20
2062430,BALL x PIT,14.99,1760543329.0,6,False,24946,1227,26173,Overwhelmingly Positive,0.9531196270966263,2025-10-15 15:48:49,301.0,10-20
2627260,NINJA GAIDEN 4,69.99,1761004794.0,4,False,8393,1119,9512,Very Positive,0.8823591253153911,2025-10-20 23:59:54,295.0,50+
1449110,The Outer Worlds 2,69.99,1761757153.0,9,False,6445,2313,8758,Mostly Positive,0.7358986069878968,2025-10-29 16:59:13,287.0,50+
3274580,Anno 117: Pax Romana,59.99,1762988339.0,15,False,8724,3829,12553,Mixed,0.6949733131522345,2025-11-12 22:58:59,272.0,50+
2592160,Dispatch,29.99,1761141600.0,20,False,177377,4497,181874,Overwhelmingly Positive,0.9752740908541078,2025-10-22 14:00:00,294.0,20-30
3949040,RV There Yet?,7.99,1761050178.0,23,False,74922,8070,82992,Very Positive,0.9027617119722383,2025-10-21 12:36:18,295.0,5-10
2968420,PowerWash Simulator 2,24.99,1761226840.0,5,False,10545,1020,11565,Very Positive,0.9118028534370947,2025-10-23 13:40:40,293.0,20-30
2119830,MISERY,12.99,1761231630.0,2,False,20958,4061,25019,Very Positive,0.8376833606459091,2025-10-23 15:00:30,293.0,10-20
1857950,VEIN,19.99,1761318057.0,4,False,10383,1394,11777,Very Positive,0.8816336927910333,2025-10-24 15:00:57,292.0,10-20
1880620,Once Upon A KATAMARI,59.99,1761256836.0,1,False,1511,134,1645,Very Positive,0.9185410334346504,2025-10-23 22:00:36,292.0,50+
2289750,Super Fantasy Kingdom,19.99,1761310530.0,1,False,5122,777,5899,Very Positive,0.8682827597897949,2025-10-24 12:55:30,292.0,10-20
3478650,FreshWomen - Season 2,13.99,1761217317.0,1,False,2170,458,2628,Very Positive,0.8257229832572298,2025-10-23 11:01:57,293.0,10-20
2879840,Escape Simulator 2,19.99,1761577723.0,3,False,4183,357,4540,Very Positive,0.9213656387665198,2025-10-27 15:08:43,289.0,10-20
3364070,The Jackbox Party Pack 11,29.99,1761195617.0,1,False,465,32,497,Very Positive,0.9356136820925554,2025-10-23 05:00:17,293.0,20-30
2878450,Master of Command,29.99,1761588018.0,2,False,3577,299,3876,Very Positive,0.922858617131063,2025-10-27 18:00:18,288.0,20-30
2893570,DRAGON QUEST I & II HD-2D Remake,59.99,1761839762.0,3,False,1705,294,1999,Very Positive,0.8529264632316158,2025-10-30 15:56:02,286.0,50+
3764200,Resident Evil Requiem,69.99,1772168388.0,25,False,173977,7318,181295,Overwhelmingly Positive,0.9596348492787997,2026-02-27 04:59:48,166.0,50+
2827200,MIMESIS,9.99,1761548726.0,7,False,8580,1580,10160,Very Positive,0.844488188976378,2025-10-27 07:05:26,289.0,5-10
2799860,INAZUMA ELEVEN: Victory Road,69.99,1763046011.0,6,False,10632,1276,11908,Very Positive,0.8928451461202553,2025-11-13 15:00:11,272.0,50+
1783560,The Last Caretaker,34.99,1762434007.0,2,False,10990,1793,12783,Very Positive,0.8597355863255887,2025-11-06 13:00:07,279.0,30-40
436780,Tavern Keeper 🍻,29.99,1762191726.0,2,False,4345,267,4612,Very Positive,0.9421075455333912,2025-11-03 17:42:06,282.0,20-30
3215050,Surviving Mars: Relaunched,39.99,1762793921.0,2,False,1131,963,2094,Mixed,0.5401146131805158,2025-11-10 16:58:41,275.0,30-40
2489330,Whiskerwood,29.99,1762437334.0,1,False,2992,239,3231,Very Positive,0.9260290931600124,2025-11-06 13:55:34,279.0,20-30
2870920,Restaurats,19.9,1762530839.0,1,False,1865,259,2124,Very Positive,0.878060263653484,2025-11-07 15:53:59,278.0,10-20
3932890,Escape from Tarkov,49.99,1763204483.0,12,False,29638,31035,60673,Mixed,0.48848746559425116,2025-11-15 11:01:23,270.0,40-50
3917090,Assetto Corsa Rally,29.99,1763045152.0,2,False,9035,1239,10274,Very Positive,0.8794043215884758,2025-11-13 14:45:52,272.0,20-30
3873970,NASCAR 25,39.99,1762880213.0,1,False,1291,491,1782,Mostly Positive,0.7244668911335578,2025-11-11 16:56:53,274.0,30-40
3008740,Winter Burrow,19.99,1762966863.0,1,False,2837,317,3154,Very Positive,0.8994927076727964,2025-11-12 17:01:03,273.0,10-20
2373990,Solo Leveling: ARISE OVERDRIVE,39.99,1764004087.0,3,False,6338,2572,8910,Mostly Positive,0.7113355780022447,2025-11-24 17:08:07,261.0,30-40
2350790,Moonlighter 2: The Endless Vault,29.99,1763560523.0,1,False,2581,445,3026,Very Positive,0.8529411764705882,2025-11-19 13:55:23,266.0,20-30
1649950,News Tower,24.99,1763476256.0,1,False,4245,271,4516,Very Positive,0.9399911426040743,2025-11-18 14:30:56,267.0,20-30
3014320,OCTOPATH TRAVELER 0,49.99,1764867722.0,1,False,2854,785,3639,Mostly Positive,0.7842813959879088,2025-12-04 17:02:02,251.0,40-50
2753970,MARVEL Cosmic Invasion,29.99,1764604279.0,1,False,2122,278,2400,Very Positive,0.8841666666666667,2025-12-01 15:51:19,254.0,20-30
606160,ROUTINE,24.99,1764860216.0,1,False,7360,644,8004,Very Positive,0.9195402298850575,2025-12-04 14:56:56,251.0,20-30
2070270,Cloudheim,29.99,1764860484.0,1,False,1575,343,1918,Very Positive,0.8211678832116789,2025-12-04 15:01:24,251.0,20-30
2692990,DON'T SCREAM TOGETHER,7.99,1764784489.0,1,False,1343,1337,2680,Mixed,0.5011194029850746,2025-12-03 17:54:49,251.0,5-10
2240620,UNBEATABLE,27.99,1765301810.0,1,False,6726,553,7279,Very Positive,0.9240280258277236,2025-12-09 17:36:50,246.0,20-30
1718460,Terminator 2D: NO FATE,29.99,1765526409.0,1,False,1258,231,1489,Very Positive,0.8448623237071861,2025-12-12 08:00:09,243.0,20-30
3669570,Alchemy Factory,17.99,1765522574.0,1,False,2218,259,2477,Very Positive,0.8954380298748487,2025-12-12 06:56:14,243.0,10-20
4164420,My Winter Car,14.99,1767026324.0,2,False,17643,1079,18722,Very Positive,0.942367268454225,2025-12-29 16:38:44,226.0,10-20
1631270,StarRupture,19.99,1767707743.0,4,False,10634,2512,13146,Very Positive,0.8089152593944926,2026-01-06 13:55:43,218.0,10-20
3419520,Quarantine Zone: The Last Check,19.99,1768233463.0,6,False,10603,2331,12934,Very Positive,0.819777331065409,2026-01-12 15:57:43,212.0,10-20
3199650,Pathologic 3,34.99,1767974412.0,1,False,2190,533,2723,Very Positive,0.8042600073448403,2026-01-09 16:00:12,215.0,30-40
2362060,CODE VEIN II,69.99,1769727618.0,4,False,4558,2473,7031,Mixed,0.6482719385578154,2026-01-29 23:00:18,194.0,50+
2499860,DRAGON QUEST VII Reimagined,59.99,1770310721.0,5,False,2526,308,2834,Very Positive,0.8913196894848271,2026-02-05 16:58:41,188.0,50+
3316940,The Legend of Heroes: Trails beyond the Horizon,59.99,1768464007.0,1,False,659,50,709,Very Positive,0.9294781382228491,2026-01-15 08:00:07,209.0,50+
2754380,The Roottrees are Dead,19.99,1736952639.0,1,False,9290,334,9624,Overwhelmingly Positive,0.9652950955943475,2025-01-15 14:50:39,574.0,10-20
3681010,Nioh 3,69.99,1770354000.0,7,False,14752,3960,18712,Mostly Positive,0.7883710987601539,2026-02-06 05:00:00,187.0,50+
3065800,Marathon,39.99,1772733600.0,14,False,48855,14486,63341,Mostly Positive,0.7713013687816738,2026-03-05 18:00:00,159.0,30-40
2483190,Forza Horizon 6,69.99,1779162600.0,21,False,76949,15468,92417,Very Positive,0.8326281961111051,2026-05-19 03:50:00,85.0,50+
2956680,LORT,14.99,1769006794.0,2,False,3273,958,4231,Mostly Positive,0.7735759867643583,2026-01-21 14:46:34,203.0,10-20
2305640,Bladesong,19.99,1769090384.0,1,False,1415,71,1486,Overwhelmingly Positive,0.9522207267833109,2026-01-22 13:59:44,202.0,10-20
2397300,Half Sword,24.99,1769792376.0,3,False,20280,7976,28256,Mostly Positive,0.7177236693091733,2026-01-30 16:59:36,194.0,20-30
1588550,Cairn,29.99,1769705689.0,2,False,19695,1158,20853,Very Positive,0.9444684218098115,2026-01-29 16:54:49,195.0,20-30
2191500,Vampires: Bloodlord Rising,19.99,1769780512.0,1,False,1279,509,1788,Mostly Positive,0.7153243847874721,2026-01-30 13:41:52,194.0,10-20
2432860,MENACE,39.99,1770299805.0,2,False,11717,1178,12895,Very Positive,0.9086467623109733,2026-02-05 13:56:45,188.0,30-40
3834090,YAPYAP,9.99,1770141401.0,4,False,8000,1497,9497,Very Positive,0.8423712751395177,2026-02-03 17:56:41,189.0,5-10
3501070,Car Service Together,19.99,1770233020.0,1,False,3087,807,3894,Mostly Positive,0.7927580893682589,2026-02-04 19:23:40,188.0,10-20
3656800,Train Sim World® 6,39.99,1759251617.0,1,False,3010,959,3969,Mostly Positive,0.7583774250440917,2025-09-30 17:00:17,316.0,30-40
2362050,MY HERO ACADEMIA: All’s Justice,59.99,1770332425.0,1,False,603,354,957,Mixed,0.6300940438871473,2026-02-05 23:00:25,187.0,50+
3321460,Crimson Desert,69.99,1773957036.0,19,False,139319,26807,166126,Very Positive,0.8386345304166717,2026-03-19 21:50:36,145.0,50+
2129530,REANIMAL,39.99,1770991110.0,6,False,18189,6163,24352,Mostly Positive,0.7469201708278581,2026-02-13 13:58:30,180.0,30-40
686060,Mewgenics,29.99,1770732014.0,7,False,47062,5307,52369,Very Positive,0.8986614218335275,2026-02-10 14:00:14,183.0,20-30
2536520,Diablo II: Resurrected – Infernal Edition,39.99,1770849012.0,4,False,5018,766,5784,Very Positive,0.8675656984785616,2026-02-11 22:30:12,181.0,30-40
2966320,Starsand Island,28.27,1770828300.0,2,False,5303,1110,6413,Very Positive,0.826914080773429,2026-02-11 16:45:00,182.0,20-30
3643170,Roadside Research,12.99,1770908124.0,4,False,3832,634,4466,Very Positive,0.8580385132109271,2026-02-12 14:55:24,181.0,10-20
2069250,High On Life 2,59.99,1770994805.0,1,False,1801,708,2509,Mostly Positive,0.7178158628935831,2026-02-13 15:00:05,180.0,50+
3280350,DEATH STRANDING 2: ON THE BEACH,69.99,1773930523.0,10,False,24905,1234,26139,Overwhelmingly Positive,0.9527908489230652,2026-03-19 14:28:43,146.0,50+
3050900,ROMEO IS A DEAD MAN,49.99,1770733873.0,1,False,1893,251,2144,Very Positive,0.882929104477612,2026-02-10 14:31:13,183.0,40-50
3937550,Yakuza Kiwami 3 & Dark Ties,59.99,1770822077.0,1,False,2057,1244,3301,Mixed,0.6231445016661618,2026-02-11 15:01:17,182.0,50+
2643390,Star Trek: Voyager - Across the Unknown,34.99,1771426287.0,2,False,3619,939,4558,Mostly Positive,0.7939885914874946,2026-02-18 14:51:27,175.0,30-40
4069520,Super Battle Golf,12.99,1771516222.0,7,False,10391,769,11160,Very Positive,0.9310931899641577,2026-02-19 15:50:22,174.0,10-20
2744880,Climber Animals: Together,3.99,1711127241.0,3,False,4407,1551,5958,Mostly Positive,0.7396777442094663,2024-03-22 17:07:21,873.0,<5
2852190,Monster Hunter Stories 3: Twisted Reflection,69.99,1773374413.0,6,False,6773,2035,8808,Mostly Positive,0.7689600363306085,2026-03-13 04:00:13,152.0,50+
3717070,WWE 2K26,99.99,1773356244.0,3,False,1655,1377,3032,Mixed,0.545844327176781,2026-03-12 22:57:24,152.0,50+
2868840,Slay the Spire 2,24.99,1772733048.0,15,False,118032,76517,194549,Mixed,0.6066954854561062,2026-03-05 17:50:48,159.0,20-30
3897800,Poker Night at the Inventory,9.99,1772733060.0,1,False,7944,427,8371,Very Positive,0.9489905626567913,2026-03-05 17:51:00,159.0,5-10
2057760,Esoteric Ebb,24.99,1772557120.0,2,False,8424,408,8832,Overwhelmingly Positive,0.9538043478260869,2026-03-03 16:58:40,162.0,20-30
2778610,Over The Top: WWI,19.14,1772808875.0,2,False,5580,1041,6621,Very Positive,0.8427729950158587,2026-03-06 14:54:35,159.0,10-20
2697000,The Legend of Khiimori,29.99,1772550287.0,1,False,1818,282,2100,Very Positive,0.8657142857142858,2026-03-03 15:04:47,162.0,20-30
2487300,Docked,29.99,1772715387.0,1,False,886,327,1213,Mostly Positive,0.7304204451772465,2026-03-05 12:56:27,160.0,20-30
3920610,FATAL FRAME II: Crimson Butterfly REMAKE,49.99,1773277200.0,2,False,3398,494,3892,Very Positive,0.8730729701952723,2026-03-12 01:00:00,153.0,40-50
3226450,iRacing Arcade,24.99,1772545843.0,1,False,854,318,1172,Mostly Positive,0.7286689419795221,2026-03-03 13:50:43,162.0,20-30
2157830,John Carpenter's Toxic Commando,39.99,1773334150.0,2,False,5236,1828,7064,Mostly Positive,0.7412231030577576,2026-03-12 16:49:10,153.0,30-40
2975950,Solasta II,39.99,1773324148.0,1,False,2298,742,3040,Mostly Positive,0.7559210526315789,2026-03-12 14:02:28,153.0,30-40
2833580,BRAVELY DEFAULT FLYING FAIRY HD Remaster,39.99,1773334824.0,1,False,786,69,855,Very Positive,0.9192982456140351,2026-03-12 17:00:24,153.0,30-40
3202030,龙胤立志传,19.99,1773368754.0,1,False,5726,1638,7364,Mostly Positive,0.7775665399239544,2026-03-13 02:25:54,152.0,10-20
2253100,Everwind,24.99,1773765900.0,2,False,3015,686,3701,Very Positive,0.8146446906241557,2026-03-17 16:45:00,148.0,20-30
3552140,Retro Rewind - Video Store Simulator,19.9,1773755941.0,5,False,9334,412,9746,Overwhelmingly Positive,0.9577262466652986,2026-03-17 13:59:01,148.0,10-20
3948120,Scritchy Scratchy,6.99,1773831687.0,3,False,13582,788,14370,Very Positive,0.9451635351426583,2026-03-18 11:01:27,147.0,5-10
2624870,Life is Strange: Reunion,39.99,1774540800.0,1,False,4870,585,5455,Very Positive,0.8927589367552704,2026-03-26 16:00:00,139.0,30-40
3500390,Mega Man Star Force Legacy Collection,39.99,1774584040.0,1,False,723,29,752,Overwhelmingly Positive,0.961436170212766,2026-03-27 04:00:40,138.0,30-40
2426530,Nova Roma,29.99,1774547760.0,1,False,2064,132,2196,Very Positive,0.9398907103825137,2026-03-26 17:56:00,138.0,20-30
3784030,RACCOIN: Coin Pusher Roguelike,11.99,1774945976.0,2,False,3690,774,4464,Very Positive,0.8266129032258065,2026-03-31 08:32:56,134.0,10-20
3326230,Hozy,14.99,1774882336.0,1,False,3644,876,4520,Very Positive,0.8061946902654867,2026-03-30 14:52:16,135.0,10-20
2706020,ALL WILL FALL,29.99,1775221312.0,1,False,1023,296,1319,Mostly Positive,0.775587566338135,2026-04-03 13:01:52,131.0,20-30
4249120,Resident Evil 3 Nemesis (1999),9.99,1775088060.0,1,False,2111,258,2369,Very Positive,0.8910932883073026,2026-04-02 00:01:00,132.0,5-10
4249110,Resident Evil 2 (1998),9.99,1775088060.0,1,False,1923,199,2122,Very Positive,0.9062205466540999,2026-04-02 00:01:00,132.0,5-10
4249100,Resident Evil (1996),9.99,1775088000.0,1,False,1480,166,1646,Very Positive,0.8991494532199271,2026-04-02 00:00:00,132.0,5-10
3357650,PRAGMATA,59.99,1776398400.0,9,False,49413,1738,51151,Overwhelmingly Positive,0.9660221696545522,2026-04-17 04:00:00,117.0,50+
3214610,Cinderia,17.99,1774871595.0,1,False,3973,560,4533,Very Positive,0.8764615045223914,2026-03-30 11:53:15,135.0,10-20
3400350,Third Crisis: Neon Nights,19.99,1775116814.0,1,False,996,73,1069,Very Positive,0.9317118802619271,2026-04-02 08:00:14,132.0,10-20
1963610,Road to Vostok,19.99,1775573761.0,2,False,7260,1343,8603,Very Positive,0.8438916656980123,2026-04-07 14:56:01,127.0,10-20
3634520,Samson,24.99,1775652927.0,1,False,1767,1467,3234,Mixed,0.5463821892393321,2026-04-08 12:55:27,126.0,20-30
590830,s&box,19.99,1777373704.0,2,False,5338,3734,9072,Mixed,0.5884038800705468,2026-04-28 10:55:04,106.0,10-20
1297900,Gothic 1 Remake,49.99,1780678757.0,4,False,34378,4311,38689,Very Positive,0.8885729793998294,2026-06-05 16:59:17,68.0,40-50
1866130,Morbid Metal,17.99,1775662280.0,1,False,1325,280,1605,Very Positive,0.8255451713395638,2026-04-08 15:31:20,126.0,10-20
3976500,The Spotter: Dig or Die,12.99,1775559631.0,1,False,1541,265,1806,Very Positive,0.853266888150609,2026-04-07 11:00:31,127.0,10-20
3041230,Windrose,29.99,1776153329.0,9,False,44705,6628,51333,Very Positive,0.8708822784563536,2026-04-14 07:55:29,120.0,20-30
2416450,MOUSE: P.I. For Hire,29.99,1776351016.0,4,False,14046,894,14940,Very Positive,0.9401606425702811,2026-04-16 14:50:16,118.0,20-30
1663850,REPLACED,19.99,1776175107.0,1,False,7651,1418,9069,Very Positive,0.8436431800639541,2026-04-14 13:58:27,120.0,10-20
3443820,BUNNY GARDEN 2,24.99,1776265235.0,1,False,459,31,490,Very Positive,0.936734693877551,2026-04-15 15:00:35,119.0,20-30
2213700,Sintopia,34.99,1776355160.0,1,False,845,198,1043,Very Positive,0.8101629913710451,2026-04-16 15:59:20,118.0,30-40
4128580,BidKing,2.99,1776304380.0,6,False,7601,15464,23065,Mostly Negative,0.32954693258183393,2026-04-16 01:53:00,118.0,<5
3265700,Vampire Crawlers: The Turbo Wildcard from Vampire Survivors,9.99,1776782680.0,3,False,17900,699,18599,Overwhelmingly Positive,0.9624173342652831,2026-04-21 14:44:40,113.0,5-10
3751950,Assassin's Creed Black Flag Resynced,59.99,1783605420.0,7,False,21355,5468,26823,Mostly Positive,0.7961450993550311,2026-07-09 13:57:00,34.0,50+
2914150,Yunyun Syndrome!? Rhythm Psychosis,16.99,1777002753.0,1,False,3758,361,4119,Very Positive,0.9123573682932751,2026-04-24 03:52:33,110.0,10-20
3105440,Heroes of Might and Magic: Olden Era,39.99,1777553730.0,6,False,18758,2721,21479,Very Positive,0.8733181246799199,2026-04-30 12:55:30,104.0,30-40
3124540,Far Far West,19.99,1777381112.0,5,False,34181,1487,35668,Overwhelmingly Positive,0.9583099697207581,2026-04-28 12:58:32,106.0,10-20
3892270,Gamble With Your Friends,7.99,1777658518.0,7,False,17056,1955,19011,Very Positive,0.8971647993267056,2026-05-01 18:01:58,102.0,5-10
2353060,Invincible VS,49.99,1777568393.0,2,False,2603,806,3409,Mostly Positive,0.7635670284540921,2026-04-30 16:59:53,104.0,40-50
3562120,Magical Princess,14.99,1777348232.0,1,False,7542,254,7796,Overwhelmingly Positive,0.9674191893278604,2026-04-28 03:50:32,106.0,10-20
2873660,Global Rescue,24.99,1777301925.0,1,False,1477,240,1717,Very Positive,0.860221316249272,2026-04-27 14:58:45,107.0,20-30
3768760,007 First Light,69.99,1779804000.0,7,False,39756,3685,43441,Very Positive,0.9151723026633826,2026-05-26 14:00:00,78.0,50+
3438850,Sledding Game,7.99,1777568428.0,1,False,3009,116,3125,Overwhelmingly Positive,0.96288,2026-04-30 17:00:28,104.0,5-10
1962700,Subnautica 2,29.99,1778770800.0,6,False,113653,11099,124752,Very Positive,0.9110314864691548,2026-05-14 15:00:00,90.0,20-30
3404260,Dead as Disco,24.99,1777993437.0,3,False,12451,387,12838,Overwhelmingly Positive,0.9698551176195669,2026-05-05 15:03:57,99.0,20-30
3672400,Farever,19.99,1778075366.0,2,False,6917,2215,9132,Mostly Positive,0.7574463425317565,2026-05-06 13:49:26,98.0,10-20
3526710,Everything is Crab: The Animal Evolution Roguelite,9.99,1778230111.0,3,False,5284,1634,6918,Mostly Positive,0.7638045677941602,2026-05-08 08:48:31,96.0,5-10
2582320,Mixtape,19.99,1778158795.0,1,False,7292,998,8290,Very Positive,0.8796139927623643,2026-05-07 12:59:55,97.0,10-20
2215200,LEGO® Batman™: Legacy of the Dark Knight,69.99,1779469311.0,6,False,12467,563,13030,Overwhelmingly Positive,0.956792018419033,2026-05-22 17:01:51,82.0,50+
3110760,Alabaster Dawn,24.99,1778158738.0,1,False,2053,111,2164,Very Positive,0.9487060998151571,2026-05-07 12:58:58,97.0,20-30
4197610,Librarian: Tidy Up the Arcane Library!,5.99,1777553918.0,5,False,21845,1248,23093,Very Positive,0.9459576495041787,2026-04-30 12:58:38,104.0,5-10
2830030,MOTORSLICE,19.99,1777989572.0,1,False,4573,776,5349,Very Positive,0.8549261544213872,2026-05-05 13:59:32,99.0,10-20
2681030,Outbound,24.99,1778507491.0,2,False,1500,542,2042,Mostly Positive,0.7345739471106758,2026-05-11 13:51:31,93.0,20-30
3509230,Gambonanza,14.99,1777640414.0,1,False,1205,388,1593,Mostly Positive,0.7564344005021971,2026-05-01 13:00:14,103.0,10-20
2255370,Directive 8020,49.99,1778594417.0,1,False,1365,815,2180,Mixed,0.6261467889908257,2026-05-12 14:00:17,92.0,40-50
4466620,SiNiSistar 2,14.99,1778889259.0,1,False,2930,296,3226,Very Positive,0.9082455052696838,2026-05-15 23:54:19,88.0,10-20
1118520,Paralives,39.99,1779717649.0,4,False,18383,1996,20379,Very Positive,0.9020560380784141,2026-05-25 14:00:49,79.0,30-40
2605790,Deep Rock Galactic: Rogue Core,29.99,1779292819.0,2,False,9031,5949,14980,Mixed,0.6028704939919893,2026-05-20 16:00:19,84.0,20-30
2532480,"Warhammer 40,000: Mechanicus II",39.99,1779378931.0,1,False,1222,1036,2258,Mixed,0.5411868910540301,2026-05-21 15:55:31,83.0,30-40
2863680,ZERO PARADES: For Dead Spies,39.99,1779354201.0,1,False,2356,445,2801,Very Positive,0.8411281685112459,2026-05-21 09:03:21,83.0,30-40
3542380,Rune Dice,14.99,1779202355.0,1,False,981,256,1237,Mostly Positive,0.7930476960388035,2026-05-19 14:52:35,85.0,10-20
1875580,Mina the Hollower,19.99,1780027276.0,2,False,7226,937,8163,Very Positive,0.8852137694475071,2026-05-29 04:01:16,75.0,10-20
1805320,Romestead,13.99,1779777083.0,2,False,3576,1096,4672,Mostly Positive,0.7654109589041096,2026-05-26 06:31:23,78.0,10-20
1116050,Starminer,29.99,1779896767.0,1,False,1357,481,1838,Mostly Positive,0.7383025027203483,2026-05-27 15:46:07,77.0,20-30
2261430,LumenTale: Memories of Trey,29.99,1779811193.0,1,False,959,360,1319,Mostly Positive,0.7270659590598939,2026-05-26 15:59:53,78.0,20-30
2904040,Cheap Car Repair,19.51,1779976930.0,1,False,3037,257,3294,Very Positive,0.9219793564055859,2026-05-28 14:02:10,76.0,10-20
3009300,Teamfight Manager 2,19.99,1779753614.0,1,False,1337,887,2224,Mixed,0.6011690647482014,2026-05-26 00:00:14,78.0,10-20
3678970,TBH: Task Bar Hero,20.74,1779872460.0,2,True,23346,20402,43748,Mixed,0.5336472524458261,2026-05-27 09:01:00,77.0,20-30
2186990,Fatekeeper,9.99,1780419403.0,1,False,8223,2085,10308,Mostly Positive,0.7977299185098953,2026-06-02 16:56:43,71.0,5-10
1805110,Solarpunk™,22.99,1780923421.0,2,False,3360,747,4107,Very Positive,0.8181154127100073,2026-06-08 12:57:01,65.0,20-30
2806050,Halo: Campaign Evolved,49.99,1785250830.0,2,False,7395,4331,11726,Mixed,0.6306498379669111,2026-07-28 15:00:30,15.0,40-50
4704690,MECCHA CHAMELEON,5.99,1781060378.0,1,False,71243,10366,81609,Very Positive,0.8729796958668774,2026-06-10 02:59:38,63.0,5-10
3844970,Burglin' Gnomes,9.99,1781100003.0,1,False,3975,717,4692,Very Positive,0.8471867007672634,2026-06-10 14:00:03,63.0,5-10
2004680,Voidling Bound,24.99,1781010009.0,1,False,3048,229,3277,Very Positive,0.9301190112908148,2026-06-09 13:00:09,64.0,20-30
4148240,Road to Empress Ⅱ,14.24,1780983628.0,1,False,7581,1565,9146,Very Positive,0.8288869451126175,2026-06-09 05:40:28,64.0,10-20
2679100,Witchspire,22.99,1781100055.0,1,False,1604,330,1934,Very Positive,0.8293691830403309,2026-06-10 14:00:55,63.0,20-30
3276050,SpaceCraft,29.99,1781179516.0,1,False,1697,900,2597,Mixed,0.6534462841740469,2026-06-11 12:05:16,62.0,20-30
3337380,Tabletop Tavern,19.99,1781197255.0,1,False,1717,192,1909,Very Positive,0.8994237820848612,2026-06-11 17:00:55,62.0,10-20
958520,33 Immortals,14.89,1781103625.0,1,False,1668,589,2257,Mostly Positive,0.7390341160832964,2026-06-10 15:00:25,63.0,10-20
4121170,Fears to Fathom® - Scratch Creek,7.99,1781110206.0,1,False,5589,1786,7375,Mostly Positive,0.7578305084745762,2026-06-10 16:50:06,63.0,5-10
2866670,NBA THE RUN,29.99,1781027948.0,1,False,635,284,919,Mixed,0.690968443960827,2026-06-09 17:59:08,63.0,20-30
