appid,total_positive,total_negative,total_reviews,review_score_desc
550,1025647,26028,1051675,Overwhelmingly Positive
10180,56708,4051,60759,Very Positive
8980,28586,3277,31863,Very Positive
17460,15516,1058,16574,Very Positive
12210,167606,33624,201230,Very Positive
41500,6655,692,7347,Very Positive
500,65332,2448,67780,Overwhelmingly Positive
240,185561,7150,192711,Overwhelmingly Positive
17480,13577,2349,15926,Very Positive
22370,45701,10278,55979,Very Positive
7670,30166,1923,32089,Very Positive
35700,15230,699,15929,Overwhelmingly Positive
17300,10719,2682,13401,Mostly Positive
17450,9648,872,10520,Very Positive
20900,77916,9186,87102,Very Positive
17330,3496,594,4090,Very Positive
10500,34399,3547,37946,Very Positive
1250,65502,3333,68835,Overwhelmingly Positive
15620,12169,1711,13880,Very Positive
228200,17570,1074,18644,Very Positive
400,195058,2925,197983,Overwhelmingly Positive
3900,3367,277,3644,Very Positive
7110,1567,502,2069,Mostly Positive
35140,83488,3159,86647,Overwhelmingly Positive
10090,49037,4064,53101,Very Positive
22320,27094,1349,28443,Overwhelmingly Positive
4000,1217441,39312,1256753,Overwhelmingly Positive
24400,423,193,616,Mixed
16810,1357,207,1564,Very Positive
4500,45517,2559,48076,Very Positive
4700,34658,1574,36232,Overwhelmingly Positive
440,1133646,111949,1245595,Very Positive
23490,1727,211,1938,Very Positive
12150,13638,826,14464,Very Positive
18500,5153,211,5364,Overwhelmingly Positive
15100,20335,4895,25230,Very Positive
22330,50233,2634,52867,Overwhelmingly Positive
12140,13988,1771,15759,Very Positive
10,254319,6785,261104,Overwhelmingly Positive
20510,19224,3318,22542,Very Positive
26800,9266,681,9947,Very Positive
24790,8345,951,9296,Very Positive
29180,1240,201,1441,Very Positive
32370,30842,3015,33857,Very Positive
220,270889,6662,277551,Overwhelmingly Positive
280,11455,5232,16687,Mixed
40700,19574,960,20534,Overwhelmingly Positive
420,40084,1186,41270,Overwhelmingly Positive
475150,34124,3658,37782,Very Positive
22000,6209,366,6575,Very Positive
12900,10621,479,11100,Overwhelmingly Positive
20540,2213,179,2392,Very Positive
380,30049,1309,31358,Overwhelmingly Positive
24800,4834,992,5826,Very Positive
16600,236,42,278,Very Positive
19900,14116,4524,18640,Mostly Positive
20500,6925,775,7700,Very Positive
8800,4858,190,5048,Overwhelmingly Positive
300,21631,1940,23571,Very Positive
39530,2082,256,2338,Very Positive
24810,5451,379,5830,Very Positive
32430,9274,2929,12203,Mostly Positive
7940,25304,1708,27012,Very Positive
6910,14754,806,15560,Very Positive
2820,2444,416,2860,Very Positive
39560,160,483,643,Mostly Negative
1500,907,224,1131,Very Positive
9340,1101,97,1198,Very Positive
15120,5174,919,6093,Very Positive
24010,21042,8323,29365,Mostly Positive
1530,493,108,601,Very Positive
13570,5361,408,5769,Very Positive
3590,151212,3568,154780,Overwhelmingly Positive
45300,470,273,743,Mixed
219780,4499,812,5311,Very Positive
41000,8299,618,8917,Very Positive
34030,25139,2290,27429,Very Positive
29720,2960,423,3383,Very Positive
70,157606,5725,163331,Overwhelmingly Positive
25800,1663,333,1996,Very Positive
21690,58037,8695,66732,Very Positive
22100,6170,534,6704,Very Positive
18820,689,190,879,Mostly Positive
17390,67027,5356,72383,Very Positive
41800,621,265,886,Mostly Positive
3170,1278,123,1401,Very Positive
30,6637,722,7359,Very Positive
25890,4621,1456,6077,Mostly Positive
32360,5910,292,6202,Overwhelmingly Positive
33900,1763,347,2110,Very Positive
60,5202,1052,6254,Very Positive
40,2759,556,3315,Very Positive
15320,2799,400,3199,Very Positive
6020,13252,553,13805,Overwhelmingly Positive
17470,26708,2359,29067,Very Positive
25900,3604,376,3980,Very Positive
3730,2451,355,2806,Very Positive
40400,1324,287,1611,Very Positive
46400,145,193,338,Mixed
8500,28775,10443,39218,Mostly Positive
8850,13246,1686,14932,Very Positive
10680,19547,1848,21395,Very Positive
47730,147,12,159,Very Positive
4560,6798,490,7288,Very Positive
7830,3465,387,3852,Very Positive
3130,773,140,913,Very Positive
46000,75,35,110,Mixed
7200,2644,146,2790,Very Positive
3830,18208,966,19174,Very Positive
8880,309,238,547,Mixed
8890,270,44,314,Very Positive
7760,3786,199,3985,Overwhelmingly Positive
7660,843,109,952,Very Positive
7650,851,88,939,Very Positive
7770,271,200,471,Mixed
7730,125,100,225,Mixed
38700,1874,260,2134,Very Positive
23450,611,201,812,Mostly Positive
38230,142,168,310,Mixed
10150,11350,2762,14112,Very Positive
13520,9581,2132,11713,Very Positive
22300,18027,4096,22123,Very Positive
41700,30034,1354,31388,Overwhelmingly Positive
16450,8019,1443,9462,Very Positive
9460,730,338,1068,Mixed
4570,11266,642,11908,Very Positive
9480,16426,5245,21671,Mostly Positive
20530,2559,407,2966,Very Positive
20550,662,615,1277,Mixed
4530,173,67,240,Mostly Positive
4520,243,90,333,Mostly Positive
11200,496,312,808,Mixed
40100,11414,1523,12937,Very Positive
2500,1321,300,1621,Very Positive
33230,54659,6435,61094,Very Positive
46250,507,207,714,Mostly Positive
39550,1020,336,1356,Mostly Positive
39540,2564,346,2910,Very Positive
46260,592,144,736,Very Positive
42850,331,60,391,Very Positive
46270,391,73,464,Very Positive
46280,65,100,165,Mostly Negative
48110,1127,1397,2524,Mixed
8190,46671,4863,51534,Very Positive
27810,71,14,85,Very Positive
27800,64,23,87,Mostly Positive
6860,15038,948,15986,Very Positive
6920,1431,1063,2494,Mixed
44100,88,16,104,Very Positive
6850,4004,871,4875,Very Positive
6900,3588,1485,5073,Mostly Positive
34190,3067,445,3512,Very Positive
6600,43,42,85,Mixed
6880,3513,1790,5303,Mixed
35000,4300,495,4795,Very Positive
23380,182,166,348,Mixed
8000,6022,1356,7378,Very Positive
8140,5251,1608,6859,Mostly Positive
21970,4325,198,4523,Overwhelmingly Positive
7000,5310,757,6067,Very Positive
34600,482,199,681,Mostly Positive
3700,3167,1005,4172,Mostly Positive
47700,828,4189,5017,Overwhelmingly Negative
42120,1580,627,2207,Mostly Positive
20820,1248,87,1335,Very Positive
48700,167889,3926,171815,Overwhelmingly Positive
46410,496,223,719,Mixed
2200,3914,171,4085,Overwhelmingly Positive
2320,9797,480,10277,Overwhelmingly Positive
2310,15304,561,15865,Overwhelmingly Positive
34010,4154,946,5100,Very Positive
564310,5140,399,5539,Very Positive
227560,382,212,594,Mixed
40930,406,57,463,Very Positive
49600,7045,400,7445,Very Positive
25700,250,48,298,Very Positive
6840,706,428,1134,Mixed
6800,3625,398,4023,Very Positive
6810,987,128,1115,Very Positive
6830,2418,400,2818,Very Positive
45400,872,72,944,Very Positive
13560,3506,488,3994,Very Positive
33220,3715,1433,5148,Mostly Positive
27920,94,106,200,Mixed
43500,78,112,190,Mixed
13580,681,1244,1925,Mostly Negative
12130,6688,2723,9411,Mostly Positive
12200,35244,6483,41727,Very Positive
268540,1636,524,2160,Mostly Positive
2810,531,206,737,Mostly Positive
46730,13,42,55,Mostly Negative
55000,200,43,243,Very Positive
8930,201161,9252,210413,Overwhelmingly Positive
3990,496,53,549,Very Positive
19030,130,47,177,Mostly Positive
3910,6936,818,7754,Very Positive
21980,4401,653,5054,Very Positive
18700,938,396,1334,Mostly Positive
49800,105,148,253,Mixed
31210,189,22,211,Very Positive
31180,173,19,192,Very Positive
31190,155,15,170,Very Positive
37800,30,16,46,Mixed
31200,153,36,189,Very Positive
31170,710,94,804,Very Positive
21090,18180,1236,19416,Very Positive
8400,1012,97,1109,Very Positive
10460,118,80,198,Mixed
25980,892,404,1296,Mixed
32470,41991,974,42965,Overwhelmingly Positive
34830,5137,3640,8777,Mixed
22610,1415,485,1900,Mostly Positive
33320,2133,879,3012,Mostly Positive
13500,3400,705,4105,Very Positive
13600,4489,753,5242,Very Positive
6010,1449,97,1546,Very Positive
6040,1171,103,1274,Very Positive
32340,637,75,712,Very Positive
32310,292,84,376,Mostly Positive
24410,25,23,48,Mixed
42900,1,0,1,1 user reviews
60800,102,102,204,Mixed
42890,622,87,709,Very Positive
22380,249883,10447,260330,Overwhelmingly Positive
22500,332,47,379,Very Positive
33680,1233,117,1350,Very Positive
42500,265,169,434,Mixed
47790,8555,2587,11142,Mostly Positive
17410,34450,4833,39283,Very Positive
24720,6928,819,7747,Very Positive
17440,1955,233,2188,Very Positive
2630,10737,727,11464,Very Positive
2620,7346,417,7763,Very Positive
2640,2093,315,2408,Very Positive
12810,4415,549,4964,Very Positive
12710,2402,182,2584,Very Positive
32460,2844,147,2991,Overwhelmingly Positive
22200,2772,433,3205,Very Positive
11450,6290,436,6726,Very Positive
39500,10061,2270,12331,Very Positive
1520,3775,548,4323,Very Positive
33930,20558,1685,22243,Very Positive
6980,2101,497,2598,Very Positive
42670,5501,414,5915,Very Positive
12360,6912,766,7678,Very Positive
37000,962,233,1195,Very Positive
21130,8262,1228,9490,Very Positive
21680,700,462,1162,Mixed
1200,2221,317,2538,Very Positive
21670,1346,502,1848,Mostly Positive
39660,191,75,266,Mostly Positive
39650,599,244,843,Mostly Positive
31270,2526,309,2835,Very Positive
58400,51,94,145,Mostly Negative
46370,355,253,608,Mixed
46340,196,89,285,Mixed
33670,278,264,542,Mixed
25620,120,23,143,Very Positive
46440,93,216,309,Mostly Negative
46380,63,65,128,Mixed
46360,158,76,234,Mixed
6060,51288,2931,54219,Very Positive
50130,54839,3622,58461,Very Positive
24780,8061,1744,9805,Very Positive
40990,14223,2030,16253,Very Positive
25930,114,101,215,Mixed
40300,9564,1206,10770,Very Positive
221180,778,101,879,Very Positive
49300,98,91,189,Mixed
28000,6512,3197,9709,Mixed
34920,61,174,235,Mostly Negative
22600,4441,648,5089,Very Positive
39680,3490,690,4180,Very Positive
63610,1273,152,1425,Very Positive
60700,10,32,42,Mostly Negative
63620,92,24,116,Mostly Positive
63630,54,21,75,Mostly Positive
63640,34,20,54,Mixed
63650,146,43,189,Mostly Positive
63110,197,89,286,Mixed
39800,2464,319,2783,Very Positive
42960,18412,1571,19983,Very Positive
42980,189,79,268,Mostly Positive
50510,79,108,187,Mixed
2280,27786,968,28754,Overwhelmingly Positive
22340,2266,1083,3349,Mixed
9010,8563,655,9218,Very Positive
22310,1110,556,1666,Mixed
9180,1467,102,1569,Very Positive
2270,4036,289,4325,Very Positive
9060,481,132,613,Mostly Positive
22450,1070,344,1414,Mostly Positive
39690,1800,1455,3255,Mixed
36000,200,119,319,Mixed
46600,44,19,63,Mixed
50620,11485,1409,12894,Very Positive
45740,6873,1941,8814,Mostly Positive
48800,1181,1118,2299,Mixed
57200,446,51,497,Very Positive
46770,318,81,399,Mostly Positive
70400,7210,300,7510,Overwhelmingly Positive
57300,33638,1925,35563,Very Positive
62100,738,49,787,Very Positive
57620,431,335,766,Mixed
4850,2628,340,2968,Very Positive
70300,10121,402,10523,Overwhelmingly Positive
63910,1501,134,1635,Very Positive
22180,3754,394,4148,Very Positive
70110,276,179,455,Mixed
70100,702,348,1050,Mixed
6030,4494,441,4935,Very Positive
6000,16364,748,17112,Overwhelmingly Positive
9940,904,184,1088,Very Positive
32380,1826,431,2257,Very Positive
32350,390,322,712,Mixed
35130,4364,407,4771,Very Positive
43000,759,461,1220,Mixed
22650,741,309,1050,Mostly Positive
70900,281,59,340,Very Positive
41060,1967,81,2048,Overwhelmingly Positive
227780,3418,384,3802,Very Positive
41050,3305,146,3451,Overwhelmingly Positive
63800,254,165,419,Mixed
40350,502,52,554,Very Positive
32150,436,7,443,Very Positive
18040,937,54,991,Very Positive
6120,3662,391,4053,Very Positive
42920,70,106,176,Mostly Negative
2840,298,99,397,Mostly Positive
2850,112,31,143,Mostly Positive
46450,291,177,468,Mixed
65540,16879,1365,18244,Very Positive
67000,363,136,499,Mostly Positive
35460,853,297,1150,Mostly Positive
39510,16680,1096,17776,Very Positive
61520,579,66,645,Very Positive
57800,91,92,183,Mixed
42700,39109,3886,42995,Very Positive
1640,1375,270,1645,Very Positive
1630,1247,177,1424,Very Positive
32500,5036,2946,7982,Mixed
47810,26708,4476,31184,Very Positive
2450,864,237,1101,Mostly Positive
90200,920,77,997,Very Positive
46750,166,106,272,Mixed
11050,279,96,375,Mostly Positive
19000,1890,2072,3962,Mixed
63700,710,170,880,Very Positive
46290,230,144,374,Mixed
65400,156,36,192,Very Positive
33990,99,114,213,Mixed
78000,7765,328,8093,Overwhelmingly Positive
9980,58,32,90,Mixed
20920,81021,9086,90107,Very Positive
22670,460,159,619,Mostly Positive
62000,505,42,547,Very Positive
61600,501,84,585,Very Positive
41730,123,57,180,Mixed
40800,36672,2281,38953,Very Positive
9500,296,209,505,Mixed
58200,309,43,352,Very Positive
26500,810,109,919,Very Positive
18050,272,44,316,Very Positive
3480,13908,335,14243,Overwhelmingly Positive
63500,825,230,1055,Mostly Positive
40380,1078,263,1341,Very Positive
55140,3562,467,4029,Very Positive
38720,1139,129,1268,Very Positive
15520,634,120,754,Very Positive
3720,3356,247,3603,Very Positive
48950,479,77,556,Very Positive
15750,1583,228,1811,Very Positive
63200,955,253,1208,Mostly Positive
15740,872,256,1128,Mostly Positive
19980,3059,828,3887,Mostly Positive
21000,14541,1704,16245,Very Positive
15700,3867,657,4524,Very Positive
15710,1588,90,1678,Very Positive
13530,2235,547,2782,Very Positive
15390,2184,219,2403,Very Positive
55100,8238,5132,13370,Mixed
1238040,6140,1431,7571,Very Positive
33390,35,7,42,Positive
57650,397,487,884,Mixed
47780,27767,1783,29550,Very Positive
80000,52,128,180,Mostly Negative
25808,36,9,45,Positive
42910,27328,4703,32031,Very Positive
92300,634,278,912,Mixed
47890,29564,4716,34280,Very Positive
18000,477,58,535,Very Positive
18020,170,30,200,Very Positive
7520,4472,2537,7009,Mixed
63660,937,147,1084,Very Positive
620,458993,6028,465021,Overwhelmingly Positive
64000,4516,651,5167,Very Positive
73010,843,246,1089,Mostly Positive
48190,23443,3099,26542,Very Positive
33770,334,77,411,Very Positive
65560,343,404,747,Mixed
92900,92,91,183,Mixed
63710,3384,566,3950,Very Positive
80200,351,97,448,Mostly Positive
92800,4680,398,5078,Very Positive
71250,17077,1552,18629,Very Positive
99700,916,119,1035,Very Positive
48220,4440,4808,9248,Mixed
18400,124,136,260,Mixed
55040,1886,216,2102,Very Positive
93200,1023,229,1252,Very Positive
91900,1275,246,1521,Very Positive
15210,2305,313,2618,Very Positive
70000,12730,2387,15117,Very Positive
32510,8788,483,9271,Very Positive
65600,659,709,1368,Mixed
91600,2993,360,3353,Very Positive
63960,95,113,208,Mixed
63000,852,200,1052,Very Positive
55110,3635,1371,5006,Mostly Positive
15500,548,147,695,Mostly Positive
39160,1700,1260,2960,Mixed
39200,2224,669,2893,Mostly Positive
91200,4074,612,4686,Very Positive
39190,3479,765,4244,Very Positive
46790,19,16,35,Mixed
73170,1881,212,2093,Very Positive
92700,38,97,135,Mostly Negative
41740,364,87,451,Very Positive
58570,599,121,720,Very Positive
57680,742,294,1036,Mostly Positive
58560,407,49,456,Very Positive
48720,12308,1700,14008,Very Positive
92000,1444,948,2392,Mixed
94600,110,47,157,Mostly Positive
95300,837,265,1102,Mostly Positive
35480,839,243,1082,Mostly Positive
57900,8032,3557,11589,Mixed
105600,1502988,40436,1543424,Overwhelmingly Positive
96200,223,149,372,Mixed
96000,5792,850,6642,Very Positive
99400,187,206,393,Mixed
105100,238,271,509,Mixed
9970,7,31,38,Negative
12330,520,102,622,Very Positive
45760,15336,1608,16944,Very Positive
104600,647,201,848,Mostly Positive
46500,6001,802,6803,Very Positive
3540,3249,113,3362,Overwhelmingly Positive
12520,386,137,523,Mostly Positive
46510,2627,434,3061,Very Positive
98200,2166,452,2618,Very Positive
55150,30533,2775,33308,Very Positive
19800,996,152,1148,Very Positive
15190,1892,267,2159,Very Positive
13540,1391,351,1742,Mostly Positive
21800,866,203,1069,Very Positive
15300,1529,138,1667,Very Positive
19830,1896,178,2074,Very Positive
1510,2206,227,2433,Very Positive
46480,905,199,1104,Very Positive
94200,2224,141,2365,Very Positive
73190,68,69,137,Mixed
24670,1518,521,2039,Mostly Positive
50000,237,15,252,Very Positive
3620,3315,183,3498,Very Positive
19680,27616,2824,30440,Very Positive
21100,9646,3998,13644,Mostly Positive
99900,20266,3912,24178,Very Positive
97000,2023,202,2225,Very Positive
99100,152,346,498,Mostly Negative
37400,559,137,696,Very Positive
15170,3781,496,4277,Very Positive
2100,10687,1072,11759,Very Positive
98800,5093,335,5428,Very Positive
46540,325,465,790,Mixed
107300,1224,238,1462,Very Positive
107310,3191,283,3474,Very Positive
55230,66574,3051,69625,Overwhelmingly Positive
95900,325,140,465,Mixed
102200,288,100,388,Mostly Positive
47400,1603,3246,4849,Mostly Negative
57690,11669,1052,12721,Very Positive
91700,6776,1247,8023,Very Positive
2600,14451,854,15305,Very Positive
33460,2000,980,2980,Mixed
70420,573,184,757,Mostly Positive
27940,225,428,653,Mostly Negative
17710,1955,536,2491,Mostly Positive
99300,2457,421,2878,Very Positive
109200,94,30,124,Mostly Positive
40980,2378,338,2716,Very Positive
40960,5100,642,5742,Very Positive
7210,606,180,786,Mostly Positive
35450,35274,2821,38095,Very Positive
72850,301169,16545,317714,Very Positive
48000,56954,4802,61756,Very Positive
9200,14214,4045,18259,Mostly Positive
2210,3432,484,3916,Very Positive
49330,113,59,172,Mixed
49320,33,29,62,Mixed
107100,36349,1803,38152,Overwhelmingly Positive
107200,2866,296,3162,Very Positive
98100,475,215,690,Mixed
38740,2075,181,2256,Very Positive
112100,502,115,617,Very Positive
18070,205,57,262,Mostly Positive
111800,613,172,785,Mostly Positive
70120,186,363,549,Mostly Negative
41070,25247,3381,28628,Very Positive
63940,849,481,1330,Mixed
46560,1114,546,1660,Mixed
97130,274,18,292,Very Positive
98400,4019,911,4930,Very Positive
16720,1586,971,2557,Mixed
102810,159,30,189,Very Positive
111600,728,157,885,Very Positive
109700,73,40,113,Mixed
33520,866,121,987,Very Positive
22230,3733,323,4056,Very Positive
46520,187,133,320,Mixed
70600,5523,711,6234,Very Positive
43190,655,116,771,Very Positive
12500,978,150,1128,Very Positive
73210,291,185,476,Mixed
58550,250,467,717,Mostly Negative
200550,127,192,319,Mostly Negative
98600,230,65,295,Mostly Positive
24240,38218,2730,40948,Very Positive
111400,212,222,434,Mixed
2610,2067,190,2257,Very Positive
113200,59351,3365,62716,Very Positive
9420,13842,468,14310,Overwhelmingly Positive
9350,2791,346,3137,Very Positive
200670,102,237,339,Mostly Negative
65800,17650,1311,18961,Very Positive
102600,8148,352,8500,Overwhelmingly Positive
45770,3268,991,4259,Mostly Positive
115100,3842,252,4094,Very Positive
201870,17384,3260,20644,Very Positive
65730,429,338,767,Mixed
200260,74614,2962,77576,Overwhelmingly Positive
42990,421,537,958,Mixed
110800,31550,5196,36746,Very Positive
71340,23845,1643,25488,Very Positive
200910,1252,203,1455,Very Positive
70620,617,158,775,Mostly Positive
35720,20984,1047,22031,Overwhelmingly Positive
201490,103,471,574,Overwhelmingly Negative
22120,2778,182,2960,Very Positive
11190,1108,257,1365,Very Positive
42680,35287,4354,39641,Very Positive
31100,373,51,424,Very Positive
110400,138,50,188,Mostly Positive
201010,114,9,123,Very Positive
200990,50,8,58,Very Positive
201000,44,5,49,Positive
200960,365,31,396,Very Positive
200980,74,12,86,Very Positive
45450,537,54,591,Very Positive
63900,270,43,313,Very Positive
48240,7666,5028,12694,Mixed
201290,630,184,814,Mostly Positive
24420,1350,180,1530,Very Positive
46570,141,121,262,Mixed
202860,64,71,135,Mixed
200900,7690,594,8284,Very Positive
24460,22,35,57,Mostly Negative
202200,1317,394,1711,Mostly Positive
91100,1046,141,1187,Very Positive
57400,2113,38,2151,Overwhelmingly Positive
201510,799,3530,4329,Overwhelmingly Negative
202710,987,323,1310,Mostly Positive
23530,1005,144,1149,Very Positive
204030,7621,643,8264,Very Positive
239430,1575,341,1916,Very Positive
24480,287,225,512,Mixed
67370,19244,1766,21010,Very Positive
204120,2973,362,3335,Very Positive
57740,1286,482,1768,Mostly Positive
71000,333,102,435,Mostly Positive
80360,621,26,647,Overwhelmingly Positive
65300,2099,291,2390,Very Positive
18120,244,63,307,Mostly Positive
202530,1534,2313,3847,Mostly Negative
2990,21125,892,22017,Overwhelmingly Positive
6220,6036,585,6621,Very Positive
200410,55,53,108,Mixed
35320,542,108,650,Very Positive
204390,99,24,123,Very Positive
105800,629,164,793,Mostly Positive
203210,882,96,978,Very Positive
204340,12712,1430,14142,Very Positive
58610,2650,751,3401,Mostly Positive
203770,66839,6994,73833,Very Positive
204940,149,94,243,Mixed
102840,2979,637,3616,Very Positive
108710,52980,5923,58903,Very Positive
203810,4641,1478,6119,Mostly Positive
10220,2907,3302,6209,Mixed
108110,51,104,155,Mostly Negative
201570,1419,471,1890,Mostly Positive
207490,5812,360,6172,Very Positive
108500,734,99,833,Very Positive
206690,489,103,592,Very Positive
205870,255,49,304,Very Positive
206760,200,272,472,Mixed
104000,182,66,248,Mostly Positive
115110,1644,200,1844,Very Positive
207790,146,258,404,Mostly Negative
3920,7102,419,7521,Very Positive
207320,1995,133,2128,Very Positive
207420,708,300,1008,Mostly Positive
208110,177,101,278,Mixed
207250,362,148,510,Mostly Positive
205840,854,171,1025,Very Positive
40390,5384,1379,6763,Mostly Positive
38420,2304,621,2925,Mostly Positive
38410,16314,1061,17375,Very Positive
38400,23599,1442,25041,Very Positive
41900,1087,360,1447,Mostly Positive
203750,7086,1177,8263,Very Positive
96800,181,156,337,Mixed
102850,284,142,426,Mixed
10100,343,50,393,Very Positive
202310,1188,728,1916,Mixed
204560,97,267,364,Mostly Negative
202690,211,12,223,Very Positive
204880,15205,1116,16321,Very Positive
207430,392,362,754,Mixed
204860,563,221,784,Mostly Positive
207170,6268,438,6706,Very Positive
204100,55440,8295,63735,Very Positive
204060,2052,599,2651,Mostly Positive
208400,1200,111,1311,Very Positive
205730,790,117,907,Very Positive
65610,377,522,899,Mixed
208600,555,126,681,Very Positive
202370,66,31,97,Mixed
207610,77997,2148,80145,Overwhelmingly Positive
208670,2123,578,2701,Mostly Positive
209120,1343,1088,2431,Mixed
205610,1165,419,1584,Mostly Positive
200710,42105,3365,45470,Very Positive
98300,1327,167,1494,Very Positive
209830,1108,196,1304,Very Positive
115320,12144,3683,15827,Mostly Positive
209330,313,206,519,Mixed
228320,104,123,227,Mixed
203630,2271,365,2636,Very Positive
80310,1653,228,1881,Very Positive
208730,1717,649,2366,Mostly Positive
209370,2138,159,2297,Very Positive
237950,352,185,537,Mixed
208140,7729,1863,9592,Very Positive
104900,21367,6954,28321,Mostly Positive
202970,42442,6804,49246,Very Positive
202750,7929,2742,10671,Mostly Positive
207690,6364,313,6677,Overwhelmingly Positive
94300,1950,292,2242,Very Positive
212630,4288,1786,6074,Mostly Positive
205530,54,49,103,Mixed
203650,1713,593,2306,Mostly Positive
13630,163,23,186,Very Positive
13620,164,16,180,Very Positive
91330,513,355,868,Mixed
211740,2002,123,2125,Very Positive
211600,3839,319,4158,Very Positive
207080,1742,150,1892,Very Positive
108800,11824,2032,13856,Very Positive
200010,1822,327,2149,Very Positive
207350,3380,253,3633,Very Positive
42170,518,418,936,Mixed
203140,58949,4307,63256,Very Positive
211340,919,100,1019,Very Positive
10110,354,62,416,Very Positive
210950,836,97,933,Very Positive
209790,515,74,589,Very Positive
213330,8998,492,9490,Very Positive
65530,235,152,387,Mixed
205910,3804,349,4153,Very Positive
203830,2213,335,2548,Very Positive
214170,3525,491,4016,Very Positive
16730,1530,1193,2723,Mixed
201790,18095,1511,19606,Very Positive
49520,279177,32686,311863,Very Positive
211580,267,241,508,Mixed
212030,896,251,1147,Mostly Positive
212050,512,66,578,Very Positive
212410,437,265,702,Mixed
204300,22710,4156,26866,Very Positive
205100,85602,2081,87683,Overwhelmingly Positive
215160,1972,186,2158,Very Positive
108700,638,265,903,Mostly Positive
1700,2290,318,2608,Very Positive
207750,1252,240,1492,Very Positive
730,8407143,1370193,9777336,Very Positive
214340,12233,1903,14136,Very Positive
115120,1060,174,1234,Very Positive
211180,439,36,475,Very Positive
214360,1264,490,1754,Mostly Positive
206250,108,60,168,Mixed
211070,1109,413,1522,Mostly Positive
208580,24276,1666,25942,Very Positive
212010,1721,527,2248,Mostly Positive
205810,206,128,334,Mixed
217290,218,35,253,Very Positive
214700,1216,684,1900,Mixed
214790,1440,215,1655,Very Positive
215670,1190,584,1774,Mixed
211260,2118,429,2547,Very Positive
215390,12,7,19,Mixed
65740,568,614,1182,Mixed
200510,54521,3973,58494,Very Positive
4920,11370,1984,13354,Very Positive
206440,82898,3327,86225,Overwhelmingly Positive
7860,1311,623,1934,Mixed
72000,848,146,994,Very Positive
212680,74644,3839,78483,Overwhelmingly Positive
200170,7935,1155,9090,Very Positive
214970,2066,233,2299,Very Positive
208460,16,47,63,Mostly Negative
215470,4427,1366,5793,Mostly Positive
216210,144,60,204,Mostly Positive
231430,89312,23682,112994,Mostly Positive
205650,3151,775,3926,Very Positive
217690,977,642,1619,Mixed
214910,304,255,559,Mixed
214870,3387,956,4343,Mostly Positive
217790,924,246,1170,Mostly Positive
7510,1980,1240,3220,Mixed
204360,134696,5354,140050,Overwhelmingly Positive
209670,4321,1713,6034,Mostly Positive
214830,1278,205,1483,Very Positive
220860,3324,618,3942,Very Positive
211160,1212,1186,2398,Mixed
216910,1624,564,2188,Mostly Positive
220260,4962,402,5364,Very Positive
205230,3175,547,3722,Very Positive
204630,2134,292,2426,Very Positive
216890,1460,344,1804,Very Positive
209730,429,409,838,Mixed
218040,61,51,112,Mixed
219640,53721,11345,65066,Very Positive
208200,10699,1714,12413,Very Positive
214560,15400,474,15874,Overwhelmingly Positive
218090,794,224,1018,Mostly Positive
209080,13181,1490,14671,Very Positive
203350,1623,417,2040,Mostly Positive
200370,352,203,555,Mixed
220820,3393,665,4058,Very Positive
8870,135777,9487,145264,Very Positive
219910,3042,397,3439,Very Positive
211400,10037,2731,12768,Mostly Positive
219150,123138,4006,127144,Overwhelmingly Positive
218640,8825,2060,10885,Very Positive
223220,1490,430,1920,Mostly Positive
223470,132432,4157,136589,Overwhelmingly Positive
216130,52,113,165,Mostly Negative
218410,3333,175,3508,Overwhelmingly Positive
221020,765,2072,2837,Mostly Negative
220240,116439,16017,132456,Very Positive
220740,2817,296,3113,Very Positive
219740,109384,3912,113296,Overwhelmingly Positive
222140,374,135,509,Mostly Positive
203160,257998,10676,268674,Overwhelmingly Positive
223730,445,69,514,Very Positive
207040,768,174,942,Very Positive
218680,11617,747,12364,Very Positive
221260,13035,699,13734,Very Positive
213610,25276,3039,28315,Very Positive
214510,14431,1581,16012,Very Positive
223430,139,252,391,Mostly Negative
223510,950,284,1234,Mostly Positive
209190,1088,135,1223,Very Positive
221640,24295,783,25078,Overwhelmingly Positive
32440,24588,837,25425,Overwhelmingly Positive
209950,754,70,824,Very Positive
227000,3309,118,3427,Overwhelmingly Positive
222980,2113,311,2424,Very Positive
211970,209,129,338,Mixed
227200,1064,136,1200,Very Positive
221810,2544,375,2919,Very Positive
220440,30585,2230,32815,Very Positive
49540,7503,4607,12110,Mixed
215710,458,76,534,Very Positive
225640,2826,883,3709,Mostly Positive
212480,16656,1186,17842,Very Positive
219200,307,65,372,Very Positive
211280,179,129,308,Mixed
227300,911651,23888,935539,Overwhelmingly Positive
228280,16543,1360,17903,Very Positive
208520,1604,790,2394,Mixed
227580,2132,232,2364,Very Positive
209540,1289,381,1670,Mostly Positive
368730,2012,540,2552,Mostly Positive
219890,16873,861,17734,Overwhelmingly Positive
219680,2127,667,2794,Mostly Positive
231140,956,677,1633,Mixed
202130,209,244,453,Mixed
225260,18957,1379,20336,Very Positive
221040,54435,16034,70469,Mostly Positive
227100,4151,550,4701,Very Positive
34870,14208,4525,18733,Mostly Positive
227760,264,127,391,Mixed
223810,2715,331,3046,Very Positive
231200,3559,880,4439,Very Positive
218060,2818,257,3075,Very Positive
204240,3787,568,4355,Very Positive
228760,1515,347,1862,Very Positive
220160,1823,608,2431,Mostly Positive
232910,5921,750,6671,Very Positive
229870,733,123,856,Very Positive
229970,73,36,109,Mixed
107410,266358,28235,294593,Very Positive
221380,98467,4281,102748,Overwhelmingly Positive
220660,665,823,1488,Mixed
233700,1294,260,1554,Very Positive
220200,139093,6446,145539,Overwhelmingly Positive
233860,110309,5109,115418,Overwhelmingly Positive
233450,65745,7920,73665,Very Positive
233740,2771,375,3146,Very Positive
227160,269,1288,1557,Overwhelmingly Negative
230050,5493,735,6228,Very Positive
228260,1881,648,2529,Mostly Positive
226740,937,258,1195,Mostly Positive
224500,2661,878,3539,Mostly Positive
234900,1357,242,1599,Very Positive
232950,369,412,781,Mixed
225420,1449,1049,2498,Mixed
233470,4930,1039,5969,Very Positive
230650,182,171,353,Mixed
232050,1915,894,2809,Mixed
233270,17190,2468,19658,Very Positive
222480,14883,3433,18316,Very Positive
228440,156,73,229,Mixed
233720,13828,3052,16880,Very Positive
113020,7719,802,8521,Very Positive
207930,817,377,1194,Mixed
224760,15023,1189,16212,Very Positive
227080,2684,188,2872,Very Positive
230700,2090,536,2626,Mostly Positive
222750,3881,569,4450,Very Positive
232750,2281,747,3028,Mostly Positive
228300,14128,2862,16990,Very Positive
222880,114325,10356,124681,Very Positive
235360,794,259,1053,Mostly Positive
234650,12080,1595,13675,Very Positive
234160,511,111,622,Very Positive
215690,1127,308,1435,Mostly Positive
234190,3332,852,4184,Mostly Positive
214950,76899,10952,87851,Very Positive
210770,12938,1450,14388,Very Positive
204450,41841,2215,44056,Very Positive
442120,4750,669,5419,Very Positive
235250,1364,214,1578,Very Positive
222730,4677,1307,5984,Mostly Positive
230190,6961,1140,8101,Very Positive
236730,847,222,1069,Mostly Positive
227380,551,167,718,Mostly Positive
215530,8470,1759,10229,Very Positive
236090,18123,923,19046,Overwhelmingly Positive
218620,602095,71784,673879,Very Positive
238890,152,177,329,Mixed
231160,7122,447,7569,Very Positive
206190,12988,331,13319,Overwhelmingly Positive
237430,1275,340,1615,Mostly Positive
209160,20949,11034,31983,Mixed
223830,4393,669,5062,Very Positive
230820,3067,360,3427,Very Positive
206420,67991,9572,77563,Very Positive
236850,120184,16905,137089,Very Positive
238930,414,356,770,Mixed
236790,153,513,666,Mostly Negative
233980,7465,705,8170,Very Positive
229480,1631,382,2013,Very Positive
231740,2679,576,3255,Very Positive
240600,859,233,1092,Mostly Positive
241600,17350,1429,18779,Very Positive
403200,25,58,83,Mostly Negative
243950,1874,657,2531,Mostly Positive
238240,904,1822,2726,Mostly Negative
236370,4200,3673,7873,Mixed
243360,509,122,631,Very Positive
225360,748,648,1396,Mixed
217140,1673,870,2543,Mixed
239800,1777,137,1914,Very Positive
204530,2842,195,3037,Very Positive
236130,282,193,475,Mixed
238050,322,33,355,Very Positive
235600,16978,4585,21563,Mostly Positive
238870,75,417,492,Very Negative
218820,1720,725,2445,Mostly Positive
242570,1488,598,2086,Mostly Positive
233370,613,200,813,Mostly Positive
226720,2452,1451,3903,Mixed
65930,8465,3602,12067,Mostly Positive
241410,1454,173,1627,Very Positive
234390,2461,440,2901,Very Positive
245170,28384,3883,32267,Very Positive
244030,1107,924,2031,Mixed
234080,8352,1975,10327,Very Positive
230860,730,67,797,Very Positive
242550,11024,1244,12268,Very Positive
237550,252,206,458,Mixed
239350,15327,1306,16633,Very Positive
239030,77802,2158,79960,Overwhelmingly Positive
209000,58434,6606,65040,Very Positive
214770,5590,411,6001,Very Positive
225160,3249,380,3629,Very Positive
237630,6944,963,7907,Very Positive
239070,5808,700,6508,Very Positive
206370,995,87,1082,Very Positive
241620,477,219,696,Mixed
232430,14206,4211,18417,Mostly Positive
239200,8415,3663,12078,Mixed
238750,2268,1150,3418,Mixed
2870,3199,4117,7316,Mixed
233840,2501,688,3189,Mostly Positive
229580,556,438,994,Mixed
242880,3019,883,3902,Mostly Positive
238320,133116,4910,138026,Overwhelmingly Positive
244730,1538,295,1833,Very Positive
239820,42874,2165,45039,Overwhelmingly Positive
237740,2797,366,3163,Very Positive
243200,2234,269,2503,Very Positive
244070,568,259,827,Mixed
225080,38947,2318,41265,Very Positive
233130,24544,2158,26702,Very Positive
249360,302,140,442,Mixed
227600,4003,415,4418,Very Positive
236150,2863,1253,4116,Mixed
248610,9470,583,10053,Very Positive
222640,621,229,850,Mostly Positive
238280,1195,444,1639,Mostly Positive
247240,1988,463,2451,Very Positive
225320,1291,244,1535,Very Positive
224960,3958,673,4631,Very Positive
225300,2041,315,2356,Very Positive
225020,997,642,1639,Mixed
224980,1229,214,1443,Very Positive
225000,640,243,883,Mostly Positive
237890,1329,536,1865,Mostly Positive
236510,2377,3335,5712,Mixed
227860,6909,3708,10617,Mixed
226960,430,194,624,Mixed
249870,1993,483,2476,Very Positive
242860,32460,5204,37664,Very Positive
246980,159,69,228,Mixed
242780,674,144,818,Very Positive
227020,317,199,516,Mixed
239160,17878,6089,23967,Mostly Positive
217920,2421,1154,3575,Mixed
255520,3736,904,4640,Very Positive
236450,7842,370,8212,Overwhelmingly Positive
250520,6196,1002,7198,Very Positive
235800,5013,1032,6045,Very Positive
242050,69239,9143,78382,Very Positive
250320,39130,845,39975,Overwhelmingly Positive
207140,34901,2228,37129,Very Positive
245730,323,228,551,Mixed
224860,320,675,995,Mostly Negative
249330,1467,176,1643,Very Positive
241910,2289,286,2575,Very Positive
254960,946,124,1070,Very Positive
246760,1387,442,1829,Mostly Positive
248450,151,76,227,Mixed
245470,5380,1874,7254,Mostly Positive
243800,3553,566,4119,Very Positive
247020,5386,325,5711,Very Positive
248710,237,523,760,Mostly Negative
242680,18941,784,19725,Overwhelmingly Positive
221910,42270,3453,45723,Very Positive
246090,778,3557,4335,Overwhelmingly Negative
250400,14132,2962,17094,Very Positive
221680,22217,3042,25259,Very Positive
224460,5162,523,5685,Very Positive
214730,6848,401,7249,Very Positive
250460,1336,419,1755,Mostly Positive
247000,7828,2172,10000,Mostly Positive
251410,119,145,264,Mixed
254440,2558,307,2865,Very Positive
247660,3127,1623,4750,Mixed
234670,12914,1479,14393,Very Positive
244850,119267,14979,134246,Very Positive
249990,2073,722,2795,Mostly Positive
238010,27397,2398,29795,Very Positive
249130,29370,1344,30714,Overwhelmingly Positive
238430,11441,4287,15728,Mostly Positive
245280,7079,1144,8223,Very Positive
215630,686,332,1018,Mixed
256330,1835,548,2383,Mostly Positive
40970,20491,522,21013,Overwhelmingly Positive
252630,1948,272,2220,Very Positive
261030,32747,1158,33905,Overwhelmingly Positive
246580,3595,500,4095,Very Positive
247910,3554,631,4185,Very Positive
252330,8222,1105,9327,Very Positive
252030,2276,436,2712,Very Positive
242700,17350,2751,20101,Very Positive
244210,160445,12366,172811,Very Positive
219990,101643,7034,108677,Very Positive
249650,2431,1476,3907,Mixed
108600,440285,28724,469009,Very Positive
248820,27756,2072,29828,Very Positive
237470,222,105,327,Mixed
226620,1972,384,2356,Very Positive
251990,6784,369,7153,Very Positive
248290,241,102,343,Mostly Positive
257350,10018,836,10854,Very Positive
231330,1936,703,2639,Mostly Positive
247870,169,232,401,Mixed
258220,681,381,1062,Mixed
248390,15050,1978,17028,Very Positive
217200,10252,616,10868,Very Positive
211820,110874,12355,123229,Very Positive
39150,8370,1116,9486,Very Positive
262940,2508,314,2822,Very Positive
252250,464,599,1063,Mixed
252410,10258,705,10963,Very Positive
257050,422,460,882,Mixed
259060,1315,135,1450,Very Positive
221100,363410,103685,467095,Mostly Positive
252490,1205548,183348,1388896,Very Positive
251570,347209,50712,397921,Very Positive
240760,6683,1415,8098,Very Positive
249050,11969,2067,14036,Very Positive
252530,12646,2129,14775,Very Positive
235620,1030,486,1516,Mixed
253030,5930,423,6353,Very Positive
245150,773,265,1038,Mostly Positive
235460,85111,3518,88629,Overwhelmingly Positive
25000,7364,1699,9063,Very Positive
237990,14172,1758,15930,Very Positive
246420,16486,463,16949,Overwhelmingly Positive
94400,7107,784,7891,Very Positive
244450,42466,4094,46560,Very Positive
260210,1774,1497,3271,Mixed
264730,1442,433,1875,Mostly Positive
228380,36307,4962,41269,Very Positive
230230,10904,990,11894,Very Positive
232790,6863,1343,8206,Very Positive
257970,504,109,613,Very Positive
245050,181,186,367,Mixed
263760,5542,371,5913,Very Positive
254700,91793,5702,97495,Very Positive
270850,4277,873,5150,Very Positive
224480,10049,629,10678,Very Positive
213670,71448,1785,73233,Overwhelmingly Positive
249570,185,194,379,Mixed
300550,5857,701,6558,Very Positive
262790,606,137,743,Very Positive
250260,7727,520,8247,Very Positive
250180,8143,926,9069,Very Positive
244430,1419,174,1593,Very Positive
259720,123,68,191,Mixed
252350,1974,595,2569,Mostly Positive
267530,5223,778,6001,Very Positive
239250,5484,988,6472,Very Positive
239840,1872,688,2560,Mostly Positive
263300,2770,461,3231,Very Positive
10270,1342,514,1856,Mostly Positive
235210,3416,821,4237,Very Positive
227060,272,177,449,Mixed
242920,39119,4141,43260,Very Positive
39210,73842,11500,85342,Very Positive
246620,61482,3777,65259,Very Positive
253750,2234,124,2358,Very Positive
209060,550,108,658,Very Positive
226840,10260,2543,12803,Very Positive
270210,4465,338,4803,Very Positive
266210,3889,248,4137,Very Positive
269030,1207,251,1458,Very Positive
277590,2386,689,3075,Mostly Positive
254590,188,278,466,Mixed
236430,41150,5538,46688,Very Positive
264200,15988,344,16332,Overwhelmingly Positive
251060,17451,2263,19714,Very Positive
264140,4769,2588,7357,Mixed
251470,3428,181,3609,Very Positive
268400,2509,222,2731,Very Positive
205990,911,389,1300,Mostly Positive
233150,4097,424,4521,Very Positive
261760,1688,1316,3004,Mixed
274980,1239,455,1694,Mostly Positive
258180,1720,2928,4648,Mostly Negative
266130,2005,425,2430,Very Positive
226860,7961,2427,10388,Mostly Positive
280220,4643,175,4818,Overwhelmingly Positive
256370,1321,316,1637,Very Positive
245490,1676,810,2486,Mixed
505170,2770,762,3532,Mostly Positive
282530,2254,429,2683,Very Positive
265930,63830,6369,70199,Very Positive
243470,41290,10683,51973,Mostly Positive
266840,33764,2446,36210,Very Positive
277430,3833,1077,4910,Mostly Positive
265120,252,278,530,Mixed
260130,290,101,391,Mostly Positive
246900,21851,1847,23698,Very Positive
274190,59031,1878,60909,Overwhelmingly Positive
269110,723,225,948,Mostly Positive
285160,8551,2054,10605,Very Positive
288370,322,69,391,Very Positive
250560,1056,283,1339,Mostly Positive
201810,56731,5121,61852,Very Positive
245620,11324,3075,14399,Mostly Positive
273070,378,126,504,Mostly Positive
286160,71011,3005,74016,Overwhelmingly Positive
272470,1814,817,2631,Mixed
289130,15905,3149,19054,Very Positive
256290,12310,1163,13473,Very Positive
243220,528,86,614,Very Positive
230840,797,782,1579,Mixed
243930,2746,1282,4028,Mixed
413710,768,510,1278,Mixed
10130,1142,287,1429,Mostly Positive
237930,29326,1893,31219,Very Positive
246070,487,442,929,Mixed
244410,227,81,308,Mostly Positive
225280,1053,199,1252,Very Positive
278080,11822,2257,14079,Very Positive
238460,70750,2060,72810,Overwhelmingly Positive
269790,4379,1327,5706,Mostly Positive
256010,364,412,776,Mixed
261470,1393,462,1855,Mostly Positive
261110,6494,2227,8721,Mostly Positive
274310,1827,617,2444,Mostly Positive
286690,128913,10813,139726,Very Positive
287390,73791,7071,80862,Very Positive
242760,649378,30371,679749,Overwhelmingly Positive
238090,23239,5080,28319,Very Positive
250620,7360,919,8279,Very Positive
287450,14977,842,15819,Very Positive
239120,2918,647,3565,Very Positive
233290,14893,2456,17349,Very Positive
278360,26741,2480,29221,Very Positive
287580,404,240,644,Mixed
292030,852140,28527,880667,Overwhelmingly Positive
261530,2783,843,3626,Mostly Positive
297750,345,148,493,Mixed
256190,3809,1894,5703,Mixed
275670,1827,313,2140,Very Positive
268750,6467,1120,7587,Very Positive
262830,2891,235,3126,Very Positive
209650,16641,8868,25509,Mixed
265550,15803,4713,20516,Mostly Positive
260230,26255,1208,27463,Overwhelmingly Positive
250760,16117,758,16875,Overwhelmingly Positive
304650,7917,1619,9536,Very Positive
247950,1207,3254,4461,Mostly Negative
255260,181,96,277,Mixed
373420,29219,3506,32725,Very Positive
265590,1806,752,2558,Mostly Positive
214490,61800,4559,66359,Very Positive
253510,517,647,1164,Mixed
313740,5369,1475,6844,Mostly Positive
249230,4798,1654,6452,Mostly Positive
306130,130436,30792,161228,Very Positive
221540,2973,463,3436,Very Positive
255070,1589,947,2536,Mixed
299340,103,156,259,Mostly Negative
269210,31499,15407,46906,Mixed
274290,2070,872,2942,Mostly Positive
274520,23503,1266,24769,Very Positive
274250,678,188,866,Mostly Positive
232890,13062,4975,18037,Mostly Positive
251150,9732,622,10354,Very Positive
247080,25265,1189,26454,Overwhelmingly Positive
289650,66282,18917,85199,Mostly Positive
298110,61606,11208,72814,Very Positive
296470,7313,358,7671,Overwhelmingly Positive
290770,3255,454,3709,Very Positive
291930,83,161,244,Mostly Negative
272510,7577,1404,8981,Very Positive
313160,14654,1189,15843,Very Positive
293780,6909,392,7301,Very Positive
298480,434,144,578,Mostly Positive
288470,14140,2306,16446,Very Positive
258970,8435,1841,10276,Very Positive
265300,12233,8535,20768,Mixed
307960,7822,2064,9886,Mostly Positive
261640,34068,9091,43159,Mostly Positive
65980,14004,9115,23119,Mixed
243970,5261,504,5765,Very Positive
319510,55292,3651,58943,Very Positive
298630,14607,1584,16191,Very Positive
294440,617,92,709,Very Positive
289520,1416,504,1920,Mostly Positive
285900,57307,9678,66985,Very Positive
261180,5711,353,6064,Very Positive
262750,201,96,297,Mixed
268050,28430,4938,33368,Very Positive
250700,865,103,968,Very Positive
241930,89471,7240,96711,Very Positive
250900,428048,13570,441618,Overwhelmingly Positive
304730,2272,1254,3526,Mixed
302510,39054,5799,44853,Very Positive
310080,7123,449,7572,Very Positive
265970,296,291,587,Mixed
242640,9709,1956,11665,Very Positive
246940,79,316,395,Mostly Negative
6510,1813,417,2230,Very Positive
290080,7940,4117,12057,Mixed
292120,14856,4942,19798,Mostly Positive
312750,2710,513,3223,Very Positive
305620,109546,13613,123159,Very Positive
239140,469606,23510,493116,Overwhelmingly Positive
258520,7921,1052,8973,Very Positive
267490,1325,1766,3091,Mixed
300380,11147,2334,13481,Very Positive
289930,981,343,1324,Mostly Positive
249190,162,206,368,Mixed
253330,2310,719,3029,Mostly Positive
50,27439,1340,28779,Overwhelmingly Positive
130,19536,1556,21092,Very Positive
20,8064,1184,9248,Very Positive
241260,7121,839,7960,Very Positive
307690,74172,4653,78825,Very Positive
251730,3683,381,4064,Very Positive
301910,7354,2410,9764,Mostly Positive
237850,3724,799,4523,Very Positive
292910,5770,1061,6831,Very Positive
306660,2176,532,2708,Very Positive
308420,3373,588,3961,Very Positive
318220,1085,1210,2295,Mixed
299740,20832,10757,31589,Mixed
321800,3296,366,3662,Very Positive
294860,11939,1333,13272,Very Positive
274940,28973,3967,32940,Very Positive
313690,9230,1218,10448,Very Positive
327410,9174,1622,10796,Very Positive
305960,227,553,780,Mostly Negative
282070,91481,5995,97476,Very Positive
332800,24367,1641,26008,Very Positive
330830,18357,1106,19463,Very Positive
291650,23048,2998,26046,Very Positive
292140,3733,2646,6379,Mixed
317620,700,242,942,Mostly Positive
246110,1382,523,1905,Mostly Positive
296570,1016,245,1261,Very Positive
276810,5915,2493,8408,Mostly Positive
289950,5630,1217,6847,Very Positive
295790,6988,1685,8673,Very Positive
312610,3457,484,3941,Very Positive
325610,30979,6607,37586,Very Positive
312370,881,191,1072,Very Positive
327890,4618,1335,5953,Mostly Positive
311730,7306,3185,10491,Mixed
289690,3027,1377,4404,Mixed
244770,2027,964,2991,Mixed
541660,437,43,480,Very Positive
257510,31430,1548,32978,Overwhelmingly Positive
322330,513467,27396,540863,Very Positive
233610,6997,573,7570,Very Positive
294810,1485,161,1646,Very Positive
319050,855,286,1141,Mostly Positive
268870,3821,1529,5350,Mostly Positive
311340,15351,2759,18110,Very Positive
314160,22875,3542,26417,Very Positive
333600,26050,1354,27404,Overwhelmingly Positive
332500,3237,3678,6915,Mixed
304240,33203,2774,35977,Very Positive
297000,19763,5042,24805,Mostly Positive
326670,817,368,1185,Mixed
313010,961,1401,2362,Mixed
342380,1797,354,2151,Very Positive
313120,35410,12323,47733,Mostly Positive
290790,2935,1390,4325,Mixed
244160,12431,1702,14133,Very Positive
324810,4572,1358,5930,Mostly Positive
339800,30264,1401,31665,Overwhelmingly Positive
316790,8033,835,8868,Very Positive
323470,19960,2233,22193,Very Positive
314830,875,432,1307,Mixed
300570,2358,124,2482,Overwhelmingly Positive
259660,209,143,352,Mixed
329490,2525,521,3046,Very Positive
290340,13126,2917,16043,Very Positive
319630,168614,6578,175192,Overwhelmingly Positive
282900,11533,716,12249,Very Positive
346010,50531,2581,53112,Overwhelmingly Positive
287290,25024,6943,31967,Mostly Positive
312840,6858,1807,8665,Mostly Positive
262060,147610,13406,161016,Very Positive
307780,52252,8313,60565,Very Positive
310510,1902,365,2267,Very Positive
323320,5153,459,5612,Very Positive
208750,3472,397,3869,Very Positive
311560,19080,2995,22075,Very Positive
271240,4392,1311,5703,Mostly Positive
255710,270337,20717,291054,Very Positive
296830,1437,892,2329,Mixed
331670,1738,179,1917,Very Positive
333950,3811,3511,7322,Mixed
266510,9519,1159,10678,Very Positive
312790,148,97,245,Mixed
329130,3848,242,4090,Very Positive
237350,193,79,272,Mostly Positive
270450,3580,298,3878,Very Positive
279940,921,87,1008,Very Positive
314660,3128,529,3657,Very Positive
274170,74971,4691,79662,Very Positive
322520,1106,560,1666,Mixed
354140,10181,1106,11287,Very Positive
280790,23831,6902,30733,Mostly Positive
301640,15971,2627,18598,Very Positive
208650,142273,16413,158686,Very Positive
307880,3643,3046,6689,Mixed
282210,1243,1228,2471,Mixed
238370,11406,2423,13829,Very Positive
264710,367049,10995,378044,Overwhelmingly Positive
344760,8480,6360,14840,Mixed
275100,3676,638,4314,Very Positive
293760,16710,1089,17799,Very Positive
339200,1729,438,2167,Mostly Positive
350080,21124,2278,23402,Very Positive
327670,695,272,967,Mostly Positive
345660,1981,498,2479,Mostly Positive
301120,1182,199,1381,Very Positive
245370,347,605,952,Mostly Negative
359320,82806,24309,107115,Mostly Positive
335300,109986,21113,131099,Very Positive
270150,14691,2030,16721,Very Positive
346420,227,102,329,Mixed
324260,546,222,768,Mostly Positive
252450,1161,940,2101,Mixed
295590,122,101,223,Mixed
329430,10809,2310,13119,Very Positive
297130,10860,2920,13780,Mostly Positive
275200,1746,163,1909,Very Positive
344840,123,187,310,Mostly Negative
340730,944,196,1140,Very Positive
232090,114074,15138,129212,Very Positive
262280,4325,949,5274,Very Positive
319910,5777,3416,9193,Mixed
320300,13505,1114,14619,Very Positive
354380,2881,1008,3889,Mostly Positive
318230,1148,316,1464,Mostly Positive
311210,197464,34558,232022,Very Positive
248860,4852,557,5409,Very Positive
225540,107686,19926,127612,Very Positive
361670,419,88,507,Very Positive
321960,3919,3253,7172,Mixed
251130,4280,309,4589,Very Positive
355250,519,120,639,Very Positive
361690,234,72,306,Mostly Positive
354430,364,107,471,Mostly Positive
312540,1371,157,1528,Very Positive
362890,136917,7269,144186,Very Positive
235380,3949,3374,7323,Mixed
303800,1042,315,1357,Mostly Positive
326410,2890,739,3629,Mostly Positive
332200,5938,650,6588,Very Positive
329050,19282,2892,22174,Very Positive
363970,55681,6457,62138,Very Positive
274270,1784,265,2049,Very Positive
346940,4183,644,4827,Very Positive
359900,892,487,1379,Mixed
358130,4097,397,4494,Very Positive
332310,12237,3395,15632,Mostly Positive
351710,3076,270,3346,Very Positive
341940,24881,4596,29477,Very Positive
333980,2901,516,3417,Very Positive
284160,401028,11234,412262,Overwhelmingly Positive
348550,7410,292,7702,Overwhelmingly Positive
257170,1757,285,2042,Very Positive
368360,9921,1761,11682,Very Positive
350310,344,161,505,Mixed
249950,436,111,547,Mostly Positive
345610,1028,86,1114,Very Positive
346110,645653,129160,774813,Very Positive
377160,347119,80356,427475,Very Positive
312530,37687,1336,39023,Overwhelmingly Positive
253250,9831,3231,13062,Mostly Positive
358090,1589,386,1975,Very Positive
314710,1734,1711,3445,Mixed
352400,10456,837,11293,Very Positive
359550,1264848,273202,1538050,Very Positive
363130,918,416,1334,Mixed
368370,9278,1100,10378,Very Positive
359230,824,390,1214,Mixed
322850,245,161,406,Mixed
368500,26340,6560,32900,Very Positive
351970,7417,1889,9306,Mostly Positive
318020,2217,1102,3319,Mixed
360150,721,541,1262,Mixed
274230,1702,750,2452,Mixed
335670,14444,684,15128,Overwhelmingly Positive
331600,8503,2403,10906,Mostly Positive
317820,2023,608,2631,Mostly Positive
236690,7189,1972,9161,Mostly Positive
367450,17112,1703,18815,Very Positive
319280,188,105,293,Mixed
323380,1389,113,1502,Very Positive
375910,4435,1891,6326,Mostly Positive
363600,1486,597,2083,Mostly Positive
312780,1608,467,2075,Mostly Positive
280360,229,181,410,Mixed
269770,7638,936,8574,Very Positive
388090,15628,1188,16816,Very Positive
345180,5518,930,6448,Very Positive
285920,22743,2140,24883,Very Positive
361550,1428,584,2012,Mostly Positive
310890,482,408,890,Mixed
340170,1987,1194,3181,Mixed
287700,98777,8836,107613,Very Positive
345390,2713,293,3006,Very Positive
302670,19122,4987,24109,Mostly Positive
268650,11401,1373,12774,Very Positive
320340,571,619,1190,Mixed
347830,2127,252,2379,Very Positive
383120,26959,7407,34366,Mostly Positive
356040,5124,1146,6270,Very Positive
301860,3682,1165,4847,Mostly Positive
365450,24344,1679,26023,Very Positive
240620,149,102,251,Mixed
234140,83171,6890,90061,Very Positive
386070,12378,2287,14665,Very Positive
339230,2012,1111,3123,Mixed
330390,2236,408,2644,Very Positive
365770,543,172,715,Mostly Positive
344850,1500,438,1938,Mostly Positive
230290,30780,1120,31900,Overwhelmingly Positive
363440,4619,726,5345,Very Positive
359310,3391,506,3897,Very Positive
356570,11329,1237,12566,Very Positive
351910,730,602,1332,Mixed
308173,459,99,558,Very Positive
391720,24417,3204,27621,Very Positive
359390,4102,330,4432,Very Positive
392470,517,102,619,Very Positive
296970,2655,243,2898,Very Positive
380150,1932,432,2364,Very Positive
337000,32222,9938,42160,Mostly Positive
314410,3346,262,3608,Very Positive
268500,92112,16719,108831,Very Positive
252110,3785,277,4062,Very Positive
282140,50133,2161,52294,Overwhelmingly Positive
391540,323934,11769,335703,Overwhelmingly Positive
310470,943,1032,1975,Mixed
252870,5143,583,5726,Very Positive
383980,36474,1543,38017,Overwhelmingly Positive
235540,17135,4297,21432,Mostly Positive
303210,20578,2732,23310,Very Positive
348470,1057,376,1433,Mostly Positive
282560,1479,4409,5888,Mostly Negative
367270,3250,715,3965,Very Positive
323580,6601,1955,8556,Mostly Positive
388060,579,323,902,Mixed
341800,16610,464,17074,Overwhelmingly Positive
310950,30057,14118,44175,Mixed
382140,4487,1245,5732,Mostly Positive
403190,8294,2109,10403,Mostly Positive
230070,3320,716,4036,Very Positive
375820,4391,287,4678,Very Positive
290300,7128,1250,8378,Very Positive
364360,41059,11240,52299,Mostly Positive
366220,2242,896,3138,Mostly Positive
507490,3677,1297,4974,Mostly Positive
389870,203,86,289,Mostly Positive
408990,423,440,863,Mixed
353270,3321,209,3530,Very Positive
365590,68498,28138,96636,Mostly Positive
251290,4250,104,4354,Overwhelmingly Positive
402020,2233,953,3186,Mostly Positive
360170,7606,3403,11009,Mixed
377860,1511,48,1559,Overwhelmingly Positive
400170,2970,915,3885,Mostly Positive
388410,16150,4392,20542,Mostly Positive
365960,7238,1956,9194,Mostly Positive
324680,1758,78,1836,Overwhelmingly Positive
378720,3324,452,3776,Very Positive
307670,3684,1238,4922,Mostly Positive
410850,923,417,1340,Mixed
349040,82599,8033,90632,Very Positive
324160,10684,170,10854,Overwhelmingly Positive
333300,1355,259,1614,Very Positive
394510,30118,3196,33314,Very Positive
418340,9395,2232,11627,Very Positive
393420,23570,7405,30975,Mostly Positive
371660,35315,5585,40900,Very Positive
377870,675,145,820,Very Positive
376210,94513,23419,117932,Very Positive
376300,2554,251,2805,Very Positive
345350,3787,1014,4801,Mostly Positive
360940,8329,1879,10208,Very Positive
339340,15588,3869,19457,Very Positive
379720,210645,9888,220533,Overwhelmingly Positive
390520,1505,168,1673,Very Positive
393380,196077,45323,241400,Very Positive
367500,43262,5654,48916,Very Positive
405820,3894,310,4204,Very Positive
397340,10152,741,10893,Very Positive
298030,3613,134,3747,Overwhelmingly Positive
391220,145708,9018,154726,Very Positive
394310,12610,3106,15716,Very Positive
427730,25503,6393,31896,Mostly Positive
405640,17159,908,18067,Very Positive
433340,153013,3125,156138,Overwhelmingly Positive
281610,7059,1840,8899,Mostly Positive
323060,1760,751,2511,Mostly Positive
388880,11056,1041,12097,Very Positive
419460,1401,149,1550,Very Positive
387990,111418,9776,121194,Very Positive
311310,7682,7038,14720,Mixed
210970,17865,3303,21168,Very Positive
391730,6034,706,6740,Very Positive
329440,3454,2118,5572,Mixed
323850,20791,2516,23307,Very Positive
398170,370,74,444,Very Positive
363150,4405,3196,7601,Mixed
363680,4149,1904,6053,Mixed
405310,7873,1052,8925,Very Positive
272270,3077,1287,4364,Mostly Positive
400910,11674,578,12252,Overwhelmingly Positive
372360,4421,759,5180,Very Positive
270880,188747,6002,194749,Overwhelmingly Positive
383870,89727,9344,99071,Very Positive
374320,413768,24821,438589,Very Positive
401890,134,58,192,Mixed
413410,36559,1521,38080,Overwhelmingly Positive
420110,12435,400,12835,Overwhelmingly Positive
429570,6618,1595,8213,Very Positive
405900,4196,613,4809,Very Positive
326460,33063,2500,35563,Very Positive
313630,2089,531,2620,Mostly Positive
434650,20696,3229,23925,Very Positive
413150,1014343,15669,1030012,Overwhelmingly Positive
322500,37132,3439,40571,Very Positive
298050,6302,1869,8171,Mostly Positive
427520,227227,5797,233024,Overwhelmingly Positive
374040,18627,3713,22340,Very Positive
410990,102,88,190,Mixed
318600,5531,1749,7280,Mostly Positive
410980,1678,62,1740,Overwhelmingly Positive
275850,351162,62029,413191,Very Positive
421050,3478,598,4076,Very Positive
388750,2615,263,2878,Very Positive
324310,2692,1088,3780,Mostly Positive
365360,25100,3396,28496,Very Positive
314180,600,27,627,Overwhelmingly Positive
387340,2766,252,3018,Very Positive
388210,4548,143,4691,Overwhelmingly Positive
394970,5403,232,5635,Overwhelmingly Positive
375900,1064,539,1603,Mixed
375450,777,318,1095,Mostly Positive
421120,5179,355,5534,Very Positive
418250,341,134,475,Mostly Positive
257850,17713,1339,19052,Very Positive
311690,85241,4369,89610,Overwhelmingly Positive
265000,565,112,677,Very Positive
426000,5791,812,6603,Very Positive
394690,19525,2245,21770,Very Positive
400800,526,173,699,Mostly Positive
413420,31021,1362,32383,Overwhelmingly Positive
377840,13474,692,14166,Overwhelmingly Positive
281990,168622,27937,196559,Very Positive
406290,2573,404,2977,Very Positive
419480,2628,964,3592,Mostly Positive
411370,4527,314,4841,Very Positive
360430,36566,27151,63717,Mixed
281640,3399,395,3794,Very Positive
427250,2006,460,2466,Very Positive
301650,1039,99,1138,Very Positive
458000,381,155,536,Mostly Positive
446020,8585,2708,11293,Mostly Positive
415480,770,215,985,Mostly Positive
387290,67769,3518,71287,Overwhelmingly Positive
453090,7646,471,8117,Very Positive
380220,526,310,836,Mixed
455910,1018,376,1394,Mostly Positive
412740,2210,527,2737,Very Positive
322770,2319,257,2576,Very Positive
359870,20573,2794,23367,Very Positive
289070,325009,52447,377456,Very Positive
223100,10409,6672,17081,Mixed
431240,65484,9483,74967,Very Positive
394360,336707,37260,373967,Very Positive
428690,11930,3482,15412,Mostly Positive
283640,19483,2320,21803,Very Positive
252470,2241,597,2838,Mostly Positive
254320,2517,269,2786,Very Positive
383150,22995,5101,28096,Very Positive
411830,3750,213,3963,Very Positive
381210,726075,199664,925739,Mostly Positive
269170,696,144,840,Very Positive
446390,832,221,1053,Mostly Positive
361280,14954,1134,16088,Very Positive
407330,1733,176,1909,Very Positive
407810,1915,458,2373,Very Positive
350640,11518,2924,14442,Mostly Positive
409890,424,215,639,Mixed
280520,1059,348,1407,Mostly Positive
327070,8069,3759,11828,Mixed
283160,1830,212,2042,Very Positive
447040,82452,17927,100379,Very Positive
322190,5837,378,6215,Very Positive
488790,28427,4963,33390,Very Positive
408760,267,132,399,Mixed
403640,59630,6866,66496,Very Positive
338390,2060,959,3019,Mixed
438640,5876,1166,7042,Very Positive
311240,3979,894,4873,Very Positive
304430,73104,2267,75371,Overwhelmingly Positive
460120,3060,193,3253,Very Positive
423230,12587,1407,13994,Very Positive
384490,3015,1633,4648,Mixed
440630,755,124,879,Very Positive
486780,707,169,876,Very Positive
383790,401,286,687,Mixed
294100,239056,5247,244303,Overwhelmingly Positive
436320,1905,586,2491,Mostly Positive
410320,9982,527,10509,Very Positive
441830,1232,481,1713,Mostly Positive
452510,907,91,998,Very Positive
447020,24191,1691,25882,Very Positive
498240,15860,2232,18092,Very Positive
477160,213923,12137,226060,Very Positive
416680,3722,274,3996,Very Positive
438490,3678,1054,4732,Mostly Positive
252610,9697,758,10455,Very Positive
320240,10568,3196,13764,Mostly Positive
447820,18150,3952,22102,Very Positive
417290,4835,459,5294,Very Positive
240440,929,82,1011,Very Positive
458710,10283,347,10630,Overwhelmingly Positive
384190,25627,1946,27573,Very Positive
443810,9218,1976,11194,Very Positive
448510,14890,1721,16611,Very Positive
445310,1130,584,1714,Mixed
497850,437,99,536,Very Positive
474750,7043,1060,8103,Very Positive
454650,53188,6007,59195,Very Positive
426790,1784,151,1935,Very Positive
458730,543,142,685,Mostly Positive
327030,12635,2206,14841,Very Positive
449800,3286,569,3855,Very Positive
306760,3173,805,3978,Mostly Positive
493340,65824,6244,72068,Very Positive
496460,3992,2018,6010,Mixed
427100,8939,3162,12101,Mostly Positive
230270,3341,218,3559,Very Positive
517710,3986,684,4670,Very Positive
499520,7025,999,8024,Very Positive
496240,6357,2949,9306,Mixed
425220,4005,1017,5022,Mostly Positive
324800,24518,3627,28145,Very Positive
435530,8265,1188,9453,Very Positive
371200,1107,214,1321,Very Positive
298900,3140,2609,5749,Mixed
423580,4080,727,4807,Very Positive
412830,25778,777,26555,Overwhelmingly Positive
361300,4675,717,5392,Very Positive
397950,17246,1185,18431,Very Positive
435150,196050,8905,204955,Overwhelmingly Positive
396750,8970,2485,11455,Mostly Positive
427190,6366,850,7216,Very Positive
341000,4014,407,4421,Very Positive
504370,50184,9062,59246,Very Positive
333420,13227,2845,16072,Very Positive
357310,2411,583,2994,Very Positive
374030,2168,1206,3374,Mixed
474960,26389,4428,30817,Very Positive
511740,1906,293,2199,Very Positive
422900,1183,97,1280,Very Positive
523000,1608,114,1722,Very Positive
496810,1266,177,1443,Very Positive
392110,19166,3831,22997,Very Positive
506610,11343,1253,12596,Very Positive
280160,11683,1299,12982,Very Positive
504210,4265,231,4496,Very Positive
292730,18355,11521,29876,Mixed
446800,9022,1811,10833,Very Positive
362960,11547,1743,13290,Very Positive
464450,1024,44,1068,Overwhelmingly Positive
465240,1216,218,1434,Very Positive
356400,4038,364,4402,Very Positive
392580,499,199,698,Mostly Positive
434170,6429,217,6646,Overwhelmingly Positive
516750,110437,5902,116339,Very Positive
432100,566,147,713,Mostly Positive
489830,344774,28192,372966,Very Positive
115800,5107,1005,6112,Very Positive
393080,8543,7172,15715,Mixed
447530,37493,1045,38538,Overwhelmingly Positive
418370,119459,5878,125337,Overwhelmingly Positive
415200,13008,1176,14184,Very Positive
386940,50900,2248,53148,Overwhelmingly Positive
475550,28367,2581,30948,Very Positive
491530,3457,1038,4495,Mostly Positive
451780,330,166,496,Mixed
553640,24986,2807,27793,Very Positive
502520,7614,950,8564,Very Positive
314790,2303,445,2748,Very Positive
469820,10387,887,11274,Very Positive
460920,27414,5652,33066,Very Positive
403970,1542,547,2089,Mostly Positive
342180,7373,1932,9305,Mostly Positive
536220,15445,3054,18499,Very Positive
418240,36851,1524,38375,Overwhelmingly Positive
480650,4194,837,5031,Very Positive
482450,1049,107,1156,Very Positive
429660,17239,1655,18894,Very Positive
361420,127666,11206,138872,Very Positive
520440,10439,625,11064,Very Positive
360830,4037,1359,5396,Mostly Positive
460930,84791,22226,107017,Mostly Positive
304390,112932,50563,163495,Mixed
352550,839,1623,2462,Mostly Negative
291860,7575,587,8162,Very Positive
555220,11280,512,11792,Overwhelmingly Positive
550010,2699,272,2971,Very Positive
409850,501,147,648,Mostly Positive
291550,327769,82720,410489,Mostly Positive
502370,1258,229,1487,Very Positive
440900,92448,24553,117001,Mostly Positive
445220,13083,1448,14531,Very Positive
495280,1556,142,1698,Very Positive
312660,57347,5480,62827,Very Positive
389730,79612,15651,95263,Very Positive
446790,696,432,1128,Mixed
526160,5539,2569,8108,Mixed
527280,473,205,678,Mixed
518790,179421,21990,201411,Very Positive
524580,2023,363,2386,Very Positive
457140,138475,4679,143154,Overwhelmingly Positive
502280,3436,741,4177,Very Positive
553260,767,476,1243,Mixed
466560,58502,10099,68601,Very Positive
503560,17459,2269,19728,Very Positive
342640,622,257,879,Mostly Positive
481510,19112,1052,20164,Very Positive
367520,538720,17170,555890,Overwhelmingly Positive
543460,4751,3630,8381,Mixed
524220,133383,19203,152586,Very Positive
356190,103467,12884,116351,Very Positive
357190,7162,640,7802,Very Positive
285190,11522,12275,23797,Mixed
530070,5422,1571,6993,Mostly Positive
527290,505,106,611,Very Positive
598330,3201,838,4039,Mostly Positive
512900,22089,912,23001,Overwhelmingly Positive
355790,5781,1170,6951,Very Positive
502800,5164,323,5487,Very Positive
405830,2534,289,2823,Very Positive
551730,1172,292,1464,Very Positive
404590,2669,1819,4488,Mixed
477740,6790,516,7306,Very Positive
269950,18774,1410,20184,Very Positive
569860,3900,295,4195,Very Positive
572410,4695,1610,6305,Mostly Positive
501590,8581,1014,9595,Very Positive
578330,10390,992,11382,Very Positive
461950,5059,1114,6173,Very Positive
460790,29878,2434,32312,Very Positive
616560,9384,2864,12248,Mostly Positive
466300,5263,305,5568,Very Positive
459220,8656,812,9468,Very Positive
469610,1848,625,2473,Mostly Positive
368070,13105,6493,19598,Mixed
414700,58247,5852,64099,Very Positive
410900,23157,2041,25198,Very Positive
582270,3207,651,3858,Very Positive
464340,2460,2316,4776,Mixed
228360,2954,270,3224,Very Positive
401710,626,217,843,Mostly Positive
418460,51404,7666,59070,Very Positive
424840,110309,6108,116417,Very Positive
445190,3475,707,4182,Very Positive
480490,49351,4989,54340,Very Positive
476600,32721,13834,46555,Mostly Positive
586140,11488,740,12228,Very Positive
574050,567,238,805,Mostly Positive
501300,49899,2303,52202,Overwhelmingly Positive
436670,2422,139,2561,Very Positive
588650,177055,5405,182460,Overwhelmingly Positive
378540,9071,3083,12154,Mostly Positive
460810,7102,829,7931,Very Positive
525700,634,351,985,Mixed
571260,3479,741,4220,Very Positive
636480,77143,2621,79764,Overwhelmingly Positive
582660,68991,24851,93842,Mostly Positive
602520,11637,376,12013,Overwhelmingly Positive
617830,7897,1747,9644,Very Positive
493200,4684,506,5190,Very Positive
552520,152473,35628,188101,Very Positive
366910,1138,794,1932,Mixed
490450,467,206,673,Mixed
280180,1732,433,2165,Very Positive
561600,1116,185,1301,Very Positive
541210,4116,609,4725,Very Positive
594570,112912,8506,121418,Very Positive
334230,31862,4395,36257,Very Positive
554620,35283,2547,37830,Very Positive
588040,5060,417,5477,Very Positive
571530,926,78,1004,Very Positive
414340,68690,7718,76408,Very Positive
582160,109938,18112,128050,Very Positive
366090,8251,707,8958,Very Positive
525920,341,126,467,Mostly Positive
435400,9218,316,9534,Overwhelmingly Positive
582550,6161,798,6959,Very Positive
550080,1077,206,1283,Very Positive
564230,2987,342,3329,Very Positive
583470,3259,221,3480,Very Positive
611790,13215,2186,15401,Very Positive
578620,7723,492,8215,Very Positive
654880,5731,530,6261,Very Positive
529180,6154,5681,11835,Mixed
569480,29326,2020,31346,Very Positive
580200,2633,588,3221,Very Positive
462770,8441,897,9338,Very Positive
519190,6376,3858,10234,Mixed
473690,10737,4064,14801,Mostly Positive
436290,376,156,532,Mostly Positive
645630,51149,5146,56295,Very Positive
487120,3988,1904,5892,Mixed
511680,4062,409,4471,Very Positive
505460,41954,10810,52764,Mostly Positive
484900,2001,773,2774,Mostly Positive
641990,30493,3170,33663,Very Positive
552590,3814,336,4150,Very Positive
535480,4225,934,5159,Very Positive
538680,5579,323,5902,Very Positive
343860,4128,660,4788,Very Positive
587450,1097,748,1845,Mixed
304530,2850,2034,4884,Mixed
373930,6502,1811,8313,Mostly Positive
597220,10022,238,10260,Overwhelmingly Positive
636450,1162,104,1266,Very Positive
675260,9797,821,10618,Very Positive
606800,5050,1167,6217,Very Positive
584400,26889,1757,28646,Very Positive
495050,1536,283,1819,Very Positive
514900,4638,1284,5922,Mostly Positive
322110,4154,422,4576,Very Positive
611500,28797,10184,38981,Mostly Positive
527430,16882,5329,22211,Mostly Positive
434460,3145,522,3667,Very Positive
610190,600,242,842,Mostly Positive
414740,1811,994,2805,Mixed
665360,6872,2418,9290,Mostly Positive
527230,38301,5350,43651,Very Positive
579180,6337,678,7015,Very Positive
571740,28031,2973,31004,Very Positive
614570,11617,1646,13263,Very Positive
493840,2308,1137,3445,Mixed
286000,3312,835,4147,Mostly Positive
623940,3747,306,4053,Very Positive
386620,2700,328,3028,Very Positive
607880,863,314,1177,Mostly Positive
567640,19083,3944,23027,Very Positive
268130,7002,407,7409,Very Positive
589290,26384,2980,29364,Very Positive
440650,4501,719,5220,Very Positive
571310,8657,408,9065,Overwhelmingly Positive
668630,22790,5242,28032,Very Positive
551770,1414,427,1841,Mostly Positive
268910,210461,8394,218855,Overwhelmingly Positive
311260,4811,3169,7980,Mixed
464060,11068,1359,12427,Very Positive
577940,4898,757,5655,Very Positive
673610,6909,1402,8311,Very Positive
404680,4918,657,5575,Very Positive
674940,117080,8161,125241,Very Positive
658260,1191,294,1485,Very Positive
683900,2812,278,3090,Very Positive
658980,433,547,980,Mixed
622650,32638,4030,36668,Very Positive
451020,6430,938,7368,Very Positive
253230,52187,1169,53356,Overwhelmingly Positive
601430,28395,2437,30832,Very Positive
598960,2383,428,2811,Very Positive
612880,39993,9161,49154,Very Positive
411300,14563,5025,19588,Mostly Positive
451340,11830,4469,16299,Mostly Positive
493900,17607,1091,18698,Very Positive
433530,2967,1048,4015,Mostly Positive
537800,13557,1923,15480,Very Positive
610180,3229,170,3399,Very Positive
552500,125176,22041,147217,Very Positive
552440,719,139,858,Very Positive
675010,40139,3687,43826,Very Positive
558990,6948,194,7142,Overwhelmingly Positive
607890,6068,1623,7691,Mostly Positive
525480,3688,557,4245,Very Positive
637100,5097,3500,8597,Mixed
635940,1162,28,1190,Overwhelmingly Positive
485510,30651,8138,38789,Mostly Positive
456670,4900,910,5810,Very Positive
705120,2928,329,3257,Very Positive
627270,21095,3361,24456,Very Positive
633460,8434,1341,9775,Very Positive
469600,13126,2090,15216,Very Positive
647830,8680,1464,10144,Very Positive
745880,4468,70,4538,Overwhelmingly Positive
587620,9823,855,10678,Very Positive
618970,803,225,1028,Mostly Positive
552700,2560,797,3357,Mostly Positive
609150,1203,508,1711,Mostly Positive
628890,502,495,997,Mixed
650000,1776,1515,3291,Mixed
722060,2038,133,2171,Very Positive
463530,17581,1049,18630,Very Positive
471010,1625,509,2134,Mostly Positive
311290,6080,1835,7915,Mostly Positive
240720,67676,14585,82261,Very Positive
611660,5238,3503,8741,Mixed
521890,27568,4498,32066,Very Positive
342310,1316,621,1937,Mixed
587260,1530,264,1794,Very Positive
646570,211772,5482,217254,Overwhelmingly Positive
644930,43654,7625,51279,Very Positive
337340,19826,451,20277,Overwhelmingly Positive
557600,20093,515,20608,Overwhelmingly Positive
544550,8068,1128,9196,Very Positive
678900,3221,1083,4304,Mostly Positive
657200,30345,5876,36221,Very Positive
684410,6844,622,7466,Very Positive
678950,69305,7328,76633,Very Positive
716710,1773,167,1940,Very Positive
626690,15366,4123,19489,Mostly Positive
776490,2988,588,3576,Very Positive
621220,694,182,876,Mostly Positive
686260,643,470,1113,Mixed
416600,2646,277,2923,Very Positive
379430,155563,28758,184321,Very Positive
666140,40497,3763,44260,Very Positive
405710,3793,1044,4837,Mostly Positive
503940,8025,1677,9702,Very Positive
504230,141646,3782,145428,Overwhelmingly Positive
393520,4313,690,5003,Very Positive
424370,37953,29931,67884,Mixed
595520,9007,1117,10124,Very Positive
637650,48110,9729,57839,Very Positive
712100,10481,4364,14845,Mostly Positive
773951,8013,4430,12443,Mixed
677160,8763,2440,11203,Mostly Positive
382310,11306,2695,14001,Very Positive
671510,5354,2703,8057,Mixed
501080,2139,532,2671,Very Positive
671440,3063,1126,4189,Mostly Positive
637670,1988,925,2913,Mixed
730310,3656,6554,10210,Mostly Negative
748490,2952,217,3169,Very Positive
594650,203930,72733,276663,Mostly Positive
543900,3743,1950,5693,Mixed
753420,8939,641,9580,Very Positive
551860,983,366,1349,Mostly Positive
574980,3661,838,4499,Very Positive
774811,1050,452,1502,Mixed
696170,3464,808,4272,Very Positive
633060,1445,463,1908,Mostly Positive
590380,20887,1276,22163,Very Positive
548430,367920,10872,378792,Overwhelmingly Positive
632350,4110,604,4714,Very Positive
637090,27767,5299,33066,Very Positive
677120,8316,1191,9507,Very Positive
673950,20790,1307,22097,Very Positive
613830,11823,1578,13401,Very Positive
546050,4712,854,5566,Very Positive
695920,1493,308,1801,Very Positive
631510,23423,1681,25104,Very Positive
601050,7277,526,7803,Very Positive
589360,9309,1837,11146,Very Positive
287630,4782,918,5700,Very Positive
611670,9207,3087,12294,Mostly Positive
534370,1251,452,1703,Mostly Positive
691690,2552,912,3464,Mostly Positive
593600,9655,3547,13202,Mostly Positive
621060,49290,3425,52715,Very Positive
704450,8587,922,9509,Very Positive
648350,48289,6942,55231,Very Positive
495560,2007,791,2798,Mostly Positive
720250,2968,546,3514,Very Positive
329070,1246,370,1616,Mostly Positive
573120,1401,421,1822,Mostly Positive
751440,1495,480,1975,Mostly Positive
617480,2178,459,2637,Very Positive
736220,18923,6484,25407,Mostly Positive
559650,17632,2212,19844,Very Positive
323190,126810,9938,136748,Very Positive
750920,74160,13469,87629,Very Positive
743450,13320,1000,14320,Very Positive
619780,1504,868,2372,Mixed
560130,17592,2390,19982,Very Positive
697550,1058,229,1287,Very Positive
620980,72777,3422,76199,Overwhelmingly Positive
684580,1250,985,2235,Mixed
455980,1828,435,2263,Very Positive
825630,7972,327,8299,Overwhelmingly Positive
758190,7243,926,8169,Very Positive
568220,52989,3247,56236,Very Positive
613100,104431,6680,111111,Very Positive
445980,19040,1988,21028,Very Positive
609320,25067,1246,26313,Overwhelmingly Positive
555510,530,277,807,Mixed
710470,1068,321,1389,Mostly Positive
570940,142229,11634,153863,Very Positive
648800,350347,26334,376681,Very Positive
620590,6818,1821,8639,Mostly Positive
816090,7834,3020,10854,Mostly Positive
427290,19406,5644,25050,Mostly Positive
702890,3751,929,4680,Very Positive
838310,4250,258,4508,Very Positive
606150,18439,4155,22594,Very Positive
487720,1386,1587,2973,Mixed
718670,11218,2812,14030,Mostly Positive
573100,8162,2818,10980,Mostly Positive
586200,2460,1001,3461,Mostly Positive
646910,77176,22331,99507,Mostly Positive
741820,283,578,861,Mostly Negative
866800,20369,1059,21428,Overwhelmingly Positive
515180,11033,2580,13613,Very Positive
400940,1504,373,1877,Very Positive
581320,112740,20171,132911,Very Positive
812140,165484,21013,186497,Very Positive
517630,19947,12220,32167,Mixed
731490,20265,1762,22027,Very Positive
582010,457171,57768,514939,Very Positive
489630,15121,3391,18512,Very Positive
415590,1497,807,2304,Mixed
809890,948,419,1367,Mixed
315460,3874,408,4282,Very Positive
606280,13178,4177,17355,Mostly Positive
535930,32044,2801,34845,Very Positive
574090,1228,394,1622,Mostly Positive
787860,71995,4216,76211,Very Positive
828070,2096,276,2372,Very Positive
762650,759,491,1250,Mixed
744060,1072,529,1601,Mixed
485460,2425,655,3080,Mostly Positive
743890,3864,1050,4914,Mostly Positive
743900,1862,570,2432,Mostly Positive
644560,81022,3057,84079,Overwhelmingly Positive
840140,1662,1857,3519,Mixed
785740,4938,1628,6566,Mostly Positive
728880,75517,8010,83527,Very Positive
335620,3174,630,3804,Very Positive
312200,2001,712,2713,Mostly Positive
882790,12175,1237,13412,Very Positive
790820,6085,971,7056,Very Positive
599140,46738,7995,54733,Very Positive
559100,3459,1224,4683,Mostly Positive
412020,121130,13522,134652,Very Positive
356650,4519,1049,5568,Very Positive
801630,3643,216,3859,Very Positive
342560,6308,270,6578,Overwhelmingly Positive
758330,2881,361,3242,Very Positive
914620,10839,3465,14304,Mostly Positive
312670,9511,1770,11281,Very Positive
534550,3064,295,3359,Very Positive
792100,1985,138,2123,Very Positive
513710,93585,32546,126131,Mostly Positive
633230,47309,9235,56544,Very Positive
352720,8460,2166,10626,Mostly Positive
815370,85400,15421,100821,Very Positive
702670,11055,946,12001,Very Positive
585450,1856,622,2478,Mostly Positive
650510,987,374,1361,Mostly Positive
805550,44259,3504,47763,Very Positive
814380,336769,16765,353534,Overwhelmingly Positive
738520,13589,3036,16625,Very Positive
600480,3583,176,3759,Overwhelmingly Positive
324510,1926,846,2772,Mixed
640820,27179,7836,35015,Mostly Positive
445020,162,85,247,Mixed
838350,45818,24172,69990,Mixed
601150,162460,6700,169160,Overwhelmingly Positive
271260,1986,697,2683,Mostly Positive
368340,16973,1398,18371,Very Positive
532210,35563,5114,40677,Very Positive
646270,3624,460,4084,Very Positive
566540,1171,288,1459,Very Positive
502500,49548,6830,56378,Very Positive
736190,24553,2333,26886,Very Positive
779340,76806,16604,93410,Very Positive
544750,11841,2482,14323,Very Positive
591460,2906,212,3118,Very Positive
742300,4760,578,5338,Very Positive
383840,1703,461,2164,Mostly Positive
594330,9137,1740,10877,Very Positive
392160,23812,5989,29801,Mostly Positive
955560,1225,103,1328,Very Positive
831560,4841,758,5599,Very Positive
645730,838,205,1043,Very Positive
653530,33755,1153,34908,Overwhelmingly Positive
774461,2716,188,2904,Very Positive
816340,7608,347,7955,Overwhelmingly Positive
803600,3134,447,3581,Very Positive
907270,754,457,1211,Mixed
800270,5093,2127,7220,Mostly Positive
553310,6476,198,6674,Overwhelmingly Positive
399810,10948,2868,13816,Mostly Positive
931500,1710,130,1840,Very Positive
748360,1623,528,2151,Mostly Positive
658850,11826,815,12641,Very Positive
572430,2582,732,3314,Mostly Positive
677340,1057,176,1233,Very Positive
774511,732,244,976,Mostly Positive
868360,8245,1023,9268,Very Positive
879420,2091,1617,3708,Mixed
973760,15521,1756,17277,Very Positive
704850,34828,4698,39526,Very Positive
492720,25723,3608,29331,Very Positive
877200,3757,1180,4937,Mostly Positive
758870,3175,656,3831,Very Positive
847370,12980,1431,14411,Very Positive
673880,13269,1308,14577,Very Positive
688420,13175,952,14127,Very Positive
939520,1320,991,2311,Mixed
868520,3689,282,3971,Very Positive
952860,9033,2031,11064,Very Positive
595690,3723,942,4665,Mostly Positive
692840,382,718,1100,Mostly Negative
456750,12746,613,13359,Overwhelmingly Positive
760060,18510,2005,20515,Very Positive
432350,5996,87,6083,Overwhelmingly Positive
759740,4826,976,5802,Very Positive
606230,1726,437,2163,Mostly Positive
761620,7053,1047,8100,Very Positive
848350,6198,446,6644,Very Positive
424030,13261,1731,14992,Very Positive
883710,213753,6507,220260,Overwhelmingly Positive
269190,2793,1233,4026,Mixed
701160,35418,3844,39262,Very Positive
994280,42025,6900,48925,Very Positive
683320,92143,3786,95929,Overwhelmingly Positive
449960,8555,896,9451,Very Positive
629730,59767,2164,61931,Overwhelmingly Positive
250680,966,402,1368,Mostly Positive
519860,24628,768,25396,Overwhelmingly Positive
834910,20200,22727,42927,Mixed
962730,16800,2771,19571,Very Positive
738540,3973,920,4893,Very Positive
955900,20196,3394,23590,Very Positive
893180,9711,1439,11150,Very Positive
955050,29734,3347,33081,Very Positive
552620,8920,1605,10525,Very Positive
880940,51031,6589,57620,Very Positive
976310,101959,13816,115775,Very Positive
619150,7458,707,8165,Very Positive
761600,3272,216,3488,Very Positive
939960,26285,8702,34987,Mostly Positive
241000,207,292,499,Mixed
889510,2437,174,2611,Very Positive
848450,97292,10712,108004,Very Positive
607050,4346,921,5267,Very Positive
690830,20813,3228,24041,Very Positive
596970,2920,545,3465,Very Positive
916440,26096,5981,32077,Very Positive
951440,7706,1616,9322,Very Positive
494430,2526,612,3138,Very Positive
656240,1424,1506,2930,Mixed
899440,7876,2054,9930,Mostly Positive
859580,17623,9242,26865,Mixed
715560,4886,593,5479,Very Positive
803980,947,732,1679,Mixed
690790,42871,5403,48274,Very Positive
622220,4383,344,4727,Very Positive
819030,1502,163,1665,Very Positive
858810,15457,2350,17807,Very Positive
641080,1946,1179,3125,Mixed
851100,14508,397,14905,Overwhelmingly Positive
714370,288,627,915,Mostly Negative
774241,3757,2679,6436,Mixed
860890,4055,417,4472,Very Positive
784150,24477,2354,26831,Very Positive
840800,3705,2588,6293,Mixed
736260,23881,554,24435,Overwhelmingly Positive
755500,4811,1438,6249,Mostly Positive
921590,1626,2056,3682,Mixed
532790,7132,5720,12852,Mixed
704270,30329,11779,42108,Mostly Positive
736850,1848,621,2469,Mostly Positive
470220,38040,16107,54147,Mostly Positive
632360,329431,21747,351178,Very Positive
794260,22723,8541,31264,Mostly Positive
942970,32450,1352,33802,Overwhelmingly Positive
508440,149496,3328,152824,Overwhelmingly Positive
548570,10756,6239,16995,Mixed
1056960,6849,8956,15805,Mixed
919640,7602,1962,9564,Mostly Positive
886820,223,63,286,Mostly Positive
798510,1529,315,1844,Very Positive
1046030,15840,934,16774,Very Positive
546430,1738,522,2260,Mostly Positive
787480,43473,1087,44560,Overwhelmingly Positive
726830,974,92,1066,Very Positive
622720,1349,340,1689,Mostly Positive
813630,14480,727,15207,Overwhelmingly Positive
819020,534,161,695,Mostly Positive
751780,39310,4604,43914,Very Positive
460950,74233,1572,75805,Overwhelmingly Positive
629760,90466,22714,113180,Mostly Positive
494840,22737,4266,27003,Very Positive
899770,90554,27765,118319,Mostly Positive
699170,5555,789,6344,Very Positive
1058020,4524,164,4688,Overwhelmingly Positive
706020,833,499,1332,Mixed
752590,65994,4789,70783,Very Positive
929010,1763,1487,3250,Mixed
990050,1082,331,1413,Mostly Positive
921570,14499,2438,16937,Very Positive
954650,1154,240,1394,Very Positive
785260,2562,953,3515,Mostly Positive
692850,38658,2844,41502,Very Positive
1045620,551,65,616,Very Positive
934780,2442,814,3256,Mostly Positive
937170,8603,467,9070,Very Positive
505230,11116,1009,12125,Very Positive
857980,4663,769,5432,Very Positive
732690,12541,560,13101,Overwhelmingly Positive
817540,1970,354,2324,Very Positive
809720,737,194,931,Mostly Positive
994730,7189,1127,8316,Very Positive
989690,1261,600,1861,Mixed
1029890,1805,709,2514,Mostly Positive
804010,1990,298,2288,Very Positive
727130,1847,643,2490,Mostly Positive
1091500,840656,128279,968935,Very Positive
686810,121901,27178,149079,Very Positive
641320,16642,3005,19647,Very Positive
1085660,518813,141937,660750,Mostly Positive
1051200,2924,301,3225,Very Positive
602960,83559,5313,88872,Very Positive
782330,197820,18657,216477,Very Positive
703080,88397,8751,97148,Very Positive
314650,15615,626,16241,Overwhelmingly Positive
1073440,5225,507,5732,Very Positive
1011940,1511,232,1743,Very Positive
557340,27152,1271,28423,Overwhelmingly Positive
774171,111490,10358,121848,Very Positive
673130,7153,540,7693,Very Positive
1016960,832,234,1066,Mostly Positive
1007040,10828,667,11495,Very Positive
917150,775,313,1088,Mostly Positive
1011390,712,156,868,Very Positive
910490,2450,1042,3492,Mostly Positive
780290,13157,2894,16051,Very Positive
807120,7044,1193,8237,Very Positive
679900,5986,438,6424,Very Positive
1047440,3569,193,3762,Very Positive
984800,660,259,919,Mostly Positive
939600,2306,137,2443,Very Positive
718850,5300,1336,6636,Mostly Positive
1042800,2461,621,3082,Mostly Positive
1067850,5654,114,5768,Overwhelmingly Positive
1097580,1278,266,1544,Very Positive
809140,3815,552,4367,Very Positive
617290,48149,8984,57133,Very Positive
555950,6212,1408,7620,Very Positive
820630,765,146,911,Very Positive
774861,15721,3353,19074,Very Positive
861540,10477,1270,11747,Very Positive
562860,6267,488,6755,Very Positive
812040,1104,332,1436,Mostly Positive
1017900,13119,2447,15566,Very Positive
813780,172098,9199,181297,Very Positive
1097840,17447,7250,24697,Mostly Positive
1026680,4203,1358,5561,Mostly Positive
656350,8883,955,9838,Very Positive
762830,829,486,1315,Mixed
722560,713,251,964,Mostly Positive
987720,285,143,428,Mixed
606880,16690,5253,21943,Mostly Positive
939850,10647,3200,13847,Mostly Positive
1092660,6387,1690,8077,Mostly Positive
996580,20805,1430,22235,Very Positive
823950,1111,914,2025,Mixed
814370,11503,1104,12607,Very Positive
981750,1096,339,1435,Mostly Positive
330020,20379,2673,23052,Very Positive
678960,51737,10543,62280,Very Positive
1049320,3181,605,3786,Very Positive
1025440,1587,382,1969,Very Positive
774361,59616,6752,66368,Very Positive
1016920,18345,1345,19690,Very Positive
948740,8560,792,9352,Very Positive
861650,13143,2669,15812,Very Positive
644830,7183,2341,9524,Mostly Positive
873940,3896,643,4539,Very Positive
798460,4275,847,5122,Very Positive
382560,5723,426,6149,Very Positive
539470,8193,1476,9669,Very Positive
714120,12971,1078,14049,Very Positive
842100,2928,1331,4259,Mixed
1128000,6829,11893,18722,Mostly Negative
881100,84006,4280,88286,Overwhelmingly Positive
821250,3678,867,4545,Very Positive
779290,1673,846,2519,Mixed
914710,6840,342,7182,Overwhelmingly Positive
421170,2649,1078,3727,Mostly Positive
1042780,1363,480,1843,Mostly Positive
865360,14434,3190,17624,Very Positive
690640,12657,1619,14276,Very Positive
965230,1791,410,2201,Very Positive
1062040,481,126,607,Mostly Positive
707030,8772,4597,13369,Mixed
871530,1477,578,2055,Mostly Positive
1122050,3337,1428,4765,Mostly Positive
428660,8388,1118,9506,Very Positive
992300,34618,4079,38697,Very Positive
632470,120054,9615,129669,Very Positive
1042550,11776,1340,13116,Very Positive
979120,4433,516,4949,Very Positive
1016800,12729,2787,15516,Very Positive
1005300,2934,157,3091,Very Positive
1088790,6135,1349,7484,Very Positive
574720,2833,556,3389,Very Positive
1039890,900,625,1525,Mixed
792300,9978,2117,12095,Very Positive
1162520,7591,7088,14679,Mixed
859570,16555,2766,19321,Very Positive
867290,2232,1838,4070,Mixed
1012840,2270,659,2929,Mostly Positive
728530,6717,1455,8172,Very Positive
1172380,154431,20191,174622,Very Positive
1148650,4780,1147,5927,Very Positive
1079800,3875,237,4112,Very Positive
1108370,4851,655,5506,Very Positive
976730,240482,20901,261383,Very Positive
954740,16890,1535,18425,Very Positive
809230,1744,448,2192,Mostly Positive
1076160,1387,243,1630,Very Positive
952540,422,110,532,Mostly Positive
1112790,1739,902,2641,Mixed
1066780,29197,3133,32330,Very Positive
973580,9587,3602,13189,Mostly Positive
546560,103078,1822,104900,Overwhelmingly Positive
563840,4559,620,5179,Very Positive
1174180,837271,68477,905748,Very Positive
710920,11153,2487,13640,Very Positive
493520,55840,10692,66532,Very Positive
649950,2568,1271,3839,Mixed
823500,33622,2804,36426,Very Positive
1145360,301240,6100,307340,Overwhelmingly Positive
1072420,7433,614,8047,Very Positive
960170,30806,3935,34741,Very Positive
952060,103966,20694,124660,Very Positive
555160,35933,4579,40512,Very Positive
1094520,18782,4214,22996,Very Positive
851850,54150,3973,58123,Very Positive
872410,10029,5867,15896,Mixed
960090,381543,11036,392579,Overwhelmingly Positive
1178490,18235,2165,20400,Very Positive
1106530,2535,327,2862,Very Positive
745920,31984,7322,39306,Very Positive
916840,8611,1452,10063,Very Positive
528230,12282,802,13084,Very Positive
895620,3550,740,4290,Very Positive
625960,26332,8953,35285,Mostly Positive
1150080,5124,2300,7424,Mixed
1167450,5770,1065,6835,Very Positive
1144400,36123,554,36677,Overwhelmingly Positive
407130,8150,1144,9294,Very Positive
1147560,53592,3876,57468,Very Positive
1101190,3181,1644,4825,Mixed
913740,8798,1015,9813,Very Positive
1227780,1682,421,2103,Mostly Positive
1062340,248,163,411,Mixed
1057090,140704,5096,145800,Overwhelmingly Positive
817840,1552,121,1673,Very Positive
1115690,12292,1824,14116,Very Positive
1123770,7669,1518,9187,Very Positive
824270,38364,2902,41266,Very Positive
397540,132492,31063,163555,Very Positive
1090630,7073,1455,8528,Very Positive
495420,57553,11980,69533,Very Positive
1213210,31629,3256,34885,Very Positive
1060220,694,256,950,Mostly Positive
1072040,3538,639,4177,Very Positive
991270,2952,288,3240,Very Positive
1250650,1680,548,2228,Mostly Positive
978520,4288,1173,5461,Mostly Positive
261550,258724,36477,295201,Very Positive
903950,15018,9200,24218,Mixed
1089090,20046,1810,21856,Very Positive
960690,7134,513,7647,Very Positive
1150640,4024,841,4865,Very Positive
933820,7648,2319,9967,Mostly Positive
1066890,14496,1314,15810,Very Positive
1151340,100700,39340,140040,Mostly Positive
895400,30548,9910,40458,Mostly Positive
882100,16653,6737,23390,Mostly Positive
682990,18097,2896,20993,Very Positive
397460,2070,105,2175,Overwhelmingly Positive
969990,17033,1098,18131,Very Positive
924980,5242,500,5742,Very Positive
1184050,5733,1926,7659,Mostly Positive
746850,13441,1924,15365,Very Positive
793460,6492,823,7315,Very Positive
1149440,843,258,1101,Mostly Positive
985890,18121,1477,19598,Very Positive
1189630,23790,6598,30388,Mostly Positive
1106840,24273,4061,28334,Very Positive
1158310,128724,13604,142328,Very Positive
1256670,41856,2448,44304,Very Positive
988910,1911,183,2094,Very Positive
1102190,21962,946,22908,Overwhelmingly Positive
979110,9470,1574,11044,Very Positive
674500,6923,1816,8739,Mostly Positive
906100,4048,1127,5175,Mostly Positive
1030840,95124,14384,109508,Very Positive
257420,14688,2946,17634,Very Positive
1217060,96397,7137,103534,Very Positive
1062160,7817,409,8226,Overwhelmingly Positive
1191630,1812,208,2020,Very Positive
1172620,329719,42225,371944,Very Positive
526870,269650,7600,277250,Overwhelmingly Positive
1222680,127521,23980,151501,Very Positive
1233570,13135,3342,16477,Mostly Positive
1222690,16125,5167,21292,Mostly Positive
1262240,13284,5475,18759,Mostly Positive
1178400,829,125,954,Very Positive
1262540,20035,8908,28943,Mixed
1113000,84084,2565,86649,Overwhelmingly Positive
1030210,5335,6123,11458,Mixed
1237950,87732,11619,99351,Very Positive
638230,35966,2261,38227,Very Positive
1238810,189985,78971,268956,Mostly Positive
1238020,2127,659,2786,Mostly Positive
1238840,194917,30448,225365,Very Positive
1238860,68993,12329,81322,Very Positive
601840,13520,923,14443,Very Positive
610370,15959,575,16534,Overwhelmingly Positive
1238000,13753,4888,18641,Mostly Positive
1238820,13767,5343,19110,Mostly Positive
1222140,248426,9409,257835,Overwhelmingly Positive
1237970,272048,12424,284472,Overwhelmingly Positive
1161580,19884,2378,22262,Very Positive
753640,101559,4671,106230,Overwhelmingly Positive
1222670,171639,27028,198667,Very Positive
960990,36682,5154,41836,Very Positive
960910,25754,4307,30061,Very Positive
1238060,10753,4085,14838,Mostly Positive
1222730,18244,9872,28116,Mixed
991170,3628,799,4427,Very Positive
1151640,112714,15415,128129,Very Positive
1009290,4166,2661,6827,Mixed
1264670,4697,2121,6818,Mixed
788100,20272,3323,23595,Very Positive
978780,5346,382,5728,Very Positive
953490,33070,1945,35015,Very Positive
803330,10595,880,11475,Very Positive
1286830,67129,7770,74899,Very Positive
945360,683057,59426,742483,Very Positive
962130,85484,9794,95278,Very Positive
1250410,57019,15482,72501,Mostly Positive
1233260,1363,475,1838,Mostly Positive
798490,4304,951,5255,Very Positive
628670,3269,1229,4498,Mostly Positive
1263070,799,462,1261,Mixed
1089980,58274,772,59046,Overwhelmingly Positive
894940,6358,464,6822,Very Positive
349730,782,267,1049,Mostly Positive
972660,50343,2677,53020,Very Positive
1253920,13714,1384,15098,Very Positive
1282590,6729,1526,8255,Very Positive
719040,18873,3431,22304,Very Positive
870780,53906,8724,62630,Very Positive
536270,9375,2493,11868,Mostly Positive
1163550,4799,1876,6675,Mostly Positive
826630,11573,4364,15937,Mostly Positive
1377380,9114,2731,11845,Mostly Positive
1222700,89834,12344,102178,Very Positive
933110,46796,7717,54513,Very Positive
1180660,13095,2892,15987,Very Positive
1289670,6,5,11,Mixed
1307550,15362,4832,20194,Mostly Positive
566440,1668,1310,2978,Mixed
1282210,2901,427,3328,Very Positive
1229490,233487,6292,239779,Overwhelmingly Positive
1041720,6248,1845,8093,Mostly Positive
651670,2531,529,3060,Very Positive
1119700,1524,599,2123,Mostly Positive
1233880,784,108,892,Very Positive
1129580,46864,4985,51849,Very Positive
970830,7015,1032,8047,Very Positive
1286350,10324,1092,11416,Very Positive
1139900,60712,5843,66555,Very Positive
1054490,11233,685,11918,Very Positive
739630,789592,46872,836464,Very Positive
837470,23818,1028,24846,Overwhelmingly Positive
1024650,1223,903,2126,Mixed
418530,20300,1574,21874,Very Positive
739650,1397,410,1807,Mostly Positive
1086940,824358,27364,851722,Overwhelmingly Positive
897450,7683,2394,10077,Mostly Positive
1075190,1372,585,1957,Mostly Positive
1211630,4754,178,4932,Overwhelmingly Positive
1227530,7134,1589,8723,Very Positive
999220,7161,2136,9297,Mostly Positive
1000010,4590,792,5382,Very Positive
1367550,10140,660,10800,Very Positive
1343400,22206,4912,27118,Very Positive
1176710,2363,817,3180,Mostly Positive
1096530,19408,2963,22371,Very Positive
1058650,4735,2798,7533,Mixed
1361000,8900,3051,11951,Mostly Positive
1140270,5897,223,6120,Overwhelmingly Positive
684450,3229,1332,4561,Mostly Positive
1124300,19740,8847,28587,Mixed
1167630,128800,5605,134405,Overwhelmingly Positive
1249800,5999,3575,9574,Mixed
1194630,7926,2761,10687,Mostly Positive
753650,6932,1615,8547,Very Positive
1235140,35043,2227,37270,Very Positive
1049410,32013,1826,33839,Very Positive
1307890,8770,925,9695,Very Positive
1154040,1363,199,1562,Very Positive
1239080,12947,530,13477,Overwhelmingly Positive
1328660,11763,2753,14516,Very Positive
1356670,5260,457,5717,Very Positive
420560,4287,1015,5302,Very Positive
765810,2596,491,3087,Very Positive
878670,1032,385,1417,Mostly Positive
604540,3012,3254,6266,Mixed
839770,5218,1919,7137,Mostly Positive
895870,20667,1373,22040,Very Positive
803050,4364,1383,5747,Mostly Positive
848480,4468,239,4707,Very Positive
1295510,11145,868,12013,Very Positive
1178790,720,225,945,Mostly Positive
983970,5369,708,6077,Very Positive
1404210,57553,11722,69275,Very Positive
1402320,1667,971,2638,Mixed
1382330,15744,2370,18114,Very Positive
1150690,85441,2565,88006,Overwhelmingly Positive
875210,7973,6731,14704,Mixed
1128920,11129,1815,12944,Very Positive
573090,53885,5647,59532,Very Positive
1325200,44053,6320,50373,Very Positive
1366540,89078,2320,91398,Overwhelmingly Positive
1196590,145714,6666,152380,Overwhelmingly Positive
1220010,6284,950,7234,Very Positive
1369630,42551,2832,45383,Very Positive
1468810,124754,99809,224563,Mixed
1293160,9016,1136,10152,Very Positive
973810,5992,913,6905,Very Positive
1088710,8235,1967,10202,Very Positive
1105510,6495,828,7323,Very Positive
1105500,6722,707,7429,Very Positive
1400970,245,252,497,Mixed
1274570,79617,8364,87981,Very Positive
892970,507219,32438,539657,Very Positive
1142710,104097,42490,146587,Mostly Positive
1328670,60682,5865,66547,Very Positive
930210,8544,828,9372,Very Positive
1288310,43293,1032,44325,Overwhelmingly Positive
860510,54187,4063,58250,Very Positive
694280,9586,1512,11098,Very Positive
700600,9139,4085,13224,Mixed
1384160,58539,8024,66563,Very Positive
1000360,7482,981,8463,Very Positive
1227890,23141,1834,24975,Very Positive
1029210,2535,270,2805,Very Positive
1157220,1439,385,1824,Mostly Positive
680420,41002,20229,61231,Mixed
774181,26336,495,26831,Overwhelmingly Positive
787810,2894,808,3702,Mostly Positive
518150,6330,684,7014,Very Positive
1282730,33823,2650,36473,Very Positive
1372810,5108,780,5888,Very Positive
1119730,37627,9982,47609,Mostly Positive
1495320,4592,1014,5606,Very Positive
907650,3453,1852,5305,Mixed
1035120,3592,843,4435,Very Positive
869880,637,581,1218,Mixed
761830,4343,1076,5419,Very Positive
1477590,5675,563,6238,Very Positive
785770,3532,2220,5752,Mixed
936790,14916,1886,16802,Very Positive
1034140,10743,5298,16041,Mixed
1426210,254782,12217,266999,Overwhelmingly Positive
885970,10488,3132,13620,Mostly Positive
1009560,6119,1635,7754,Mostly Positive
1455840,28430,1080,29510,Overwhelmingly Positive
1388590,7648,600,8248,Very Positive
491540,6086,2280,8366,Mostly Positive
977950,77927,4908,82835,Very Positive
1198090,2283,223,2506,Very Positive
1104280,5996,1359,7355,Very Positive
1113560,24904,3308,28212,Very Positive
720620,4685,506,5191,Very Positive
1259420,107781,8450,116231,Very Positive
1295270,589,54,643,Very Positive
732050,1400,386,1786,Mostly Positive
597820,13329,6809,20138,Mixed
1123830,1883,499,2382,Mostly Positive
1073910,1345,377,1722,Mostly Positive
1520500,2193,270,2463,Very Positive
1465360,49914,5473,55387,Very Positive
1413480,4536,665,5201,Very Positive
978300,3362,1267,4629,Mostly Positive
1134100,2710,1197,3907,Mixed
1167140,1398,366,1764,Mostly Positive
534380,171791,46218,218009,Mostly Positive
784080,13309,2390,15699,Very Positive
629820,22819,3317,26136,Very Positive
1222370,5181,2780,7961,Mixed
1497950,651,153,804,Very Positive
1233590,674,454,1128,Mixed
1199030,7485,841,8326,Very Positive
1029780,18954,2306,21260,Very Positive
1338770,12411,2394,14805,Very Positive
1105670,12396,1164,13560,Very Positive
1335790,7623,1195,8818,Very Positive
1359090,25796,7502,33298,Mostly Positive
1517290,153415,172008,325423,Mixed
1599340,143078,60125,203203,Mostly Positive
1580780,2414,519,2933,Very Positive
400750,28556,4965,33521,Very Positive
1290000,56401,2104,58505,Overwhelmingly Positive
1196470,1127,327,1454,Mostly Positive
1643320,108090,27419,135509,Mostly Positive
1580790,1555,407,1962,Mostly Positive
1369760,1260,731,1991,Mixed
763890,17241,971,18212,Very Positive
997010,17112,5569,22681,Mostly Positive
775500,14565,3570,18135,Very Positive
768520,2307,1008,3315,Mixed
1374840,2224,853,3077,Mostly Positive
1076200,3809,733,4542,Very Positive
1466860,81424,13571,94995,Very Positive
1388880,30913,969,31882,Overwhelmingly Positive
1277400,14171,2988,17159,Very Positive
1213740,15655,2489,18144,Very Positive
1351630,1809,110,1919,Very Positive
1618540,4110,1327,5437,Mostly Positive
1509960,27141,2758,29899,Very Positive
898750,5567,904,6471,Very Positive
1522820,12748,2107,14855,Very Positive
894020,20429,1491,21920,Very Positive
1127500,23386,906,24292,Overwhelmingly Positive
858820,17742,5484,23226,Mostly Positive
1295500,5911,889,6800,Very Positive
1483870,29472,5662,35134,Very Positive
1591530,1282,283,1565,Very Positive
1248130,85586,6738,92324,Very Positive
979690,18147,6454,24601,Mostly Positive
454120,3750,3001,6751,Mixed
924970,50301,22796,73097,Mixed
1158850,8862,533,9395,Very Positive
1173790,2628,192,2820,Very Positive
1434950,6502,866,7368,Very Positive
821880,3589,510,4099,Very Positive
1173770,8180,421,8601,Overwhelmingly Positive
1173810,2206,257,2463,Very Positive
1173800,2744,255,2999,Very Positive
1173820,4522,391,4913,Very Positive
1173780,2855,618,3473,Very Positive
1184370,36526,7219,43745,Very Positive
941460,3421,295,3716,Very Positive
1123050,5691,1016,6707,Very Positive
1040420,2783,386,3169,Very Positive
1190000,36434,1635,38069,Overwhelmingly Positive
1489630,3053,692,3745,Very Positive
1480560,2136,892,3028,Mostly Positive
1538570,2303,888,3191,Mostly Positive
1549970,21481,5469,26950,Mostly Positive
1097200,5871,2174,8045,Mostly Positive
1110910,7884,3790,11674,Mixed
1003590,8466,492,8958,Very Positive
1466640,23631,2156,25787,Very Positive
740130,31743,4908,36651,Very Positive
1135300,3428,2095,5523,Mixed
607080,13712,618,14330,Overwhelmingly Positive
1149460,49892,17054,66946,Mostly Positive
1551360,248641,30185,278826,Very Positive
1240440,125432,55529,180961,Mixed
1244460,42313,4527,46840,Very Positive
1674170,11812,935,12747,Very Positive
1255560,1933,249,2182,Very Positive
1099410,2681,1067,3748,Mostly Positive
1454400,89139,3310,92449,Overwhelmingly Positive
1446650,1662,394,2056,Very Positive
1118240,5064,763,5827,Very Positive
1252330,23113,7272,30385,Mostly Positive
976590,4676,2000,6676,Mostly Positive
921800,3687,1097,4784,Mostly Positive
1562420,5992,651,6643,Very Positive
1062090,39265,1646,40911,Overwhelmingly Positive
1149620,24069,3291,27360,Very Positive
977880,13913,2666,16579,Very Positive
841190,1397,528,1925,Mostly Positive
1158370,3490,1118,4608,Mostly Positive
1283410,13129,1819,14948,Very Positive
1210320,41178,3137,44315,Very Positive
699130,26348,5568,31916,Very Positive
1672970,16828,1757,18585,Very Positive
757310,5525,880,6405,Very Positive
1393370,575,197,772,Mostly Positive
1372280,9341,1199,10540,Very Positive
1271700,5986,1613,7599,Mostly Positive
1414850,3988,1682,5670,Mostly Positive
1446780,104529,20833,125362,Very Positive
488860,16988,494,17482,Overwhelmingly Positive
1330470,6202,980,7182,Very Positive
1426450,7895,2707,10602,Mostly Positive
985830,3961,1253,5214,Mostly Positive
1490890,17091,2532,19623,Very Positive
1316910,1329,285,1614,Very Positive
780310,22199,2372,24571,Very Positive
1552350,1288,142,1430,Very Positive
1227280,2812,533,3345,Very Positive
671970,1447,788,2235,Mixed
1092790,142931,4684,147615,Overwhelmingly Positive
1543030,13842,5317,19159,Mostly Positive
1281590,9697,1203,10900,Very Positive
1593500,175918,7441,183359,Overwhelmingly Positive
1088850,42116,2784,44900,Very Positive
1435790,18095,1175,19270,Very Positive
1493760,1647,629,2276,Mostly Positive
1287840,2885,1081,3966,Mostly Positive
1732190,5379,1122,6501,Very Positive
509980,18285,3987,22272,Very Positive
1696810,4487,1520,6007,Mostly Positive
1245620,1067988,79443,1147431,Very Positive
1135690,37811,2755,40566,Very Positive
842180,2166,355,2521,Very Positive
1547890,3652,439,4091,Very Positive
1721470,124142,17019,141161,Very Positive
1178830,36516,3316,39832,Very Positive
1471410,2778,678,3456,Very Positive
1276790,10054,1257,11311,Very Positive
1266840,5411,1309,6720,Very Positive
1559390,12279,1514,13793,Very Positive
1525700,12134,1036,13170,Very Positive
1137300,3475,1001,4476,Mostly Positive
773370,4716,526,5242,Very Positive
1195290,5116,421,5537,Very Positive
846770,10475,1079,11554,Very Positive
1380420,2068,492,2560,Very Positive
1527950,30432,4985,35417,Very Positive
1206560,53396,2618,56014,Overwhelmingly Positive
751630,2402,708,3110,Mostly Positive
1580240,2047,272,2319,Very Positive
1716120,1030,109,1139,Very Positive
1069660,4834,3108,7942,Mixed
1144200,268067,73224,341291,Mostly Positive
747660,60238,9438,69676,Very Positive
1619750,4301,198,4499,Overwhelmingly Positive
1769420,1228,253,1481,Very Positive
1126320,11219,431,11650,Overwhelmingly Positive
1509510,6841,1179,8020,Very Positive
1563180,9683,3508,13191,Mostly Positive
1522870,4068,163,4231,Overwhelmingly Positive
1296830,36212,2742,38954,Very Positive
1832640,28221,87445,115666,Mostly Negative
1659040,59060,8652,67712,Very Positive
987840,5858,843,6701,Very Positive
1611600,12693,3215,15908,Mostly Positive
1432050,6242,616,6858,Very Positive
920210,43527,4789,48316,Very Positive
1451940,54073,3238,57311,Very Positive
1794680,260097,4430,264527,Overwhelmingly Positive
1109570,5981,429,6410,Very Positive
1170950,8338,5542,13880,Mixed
1843760,4886,1028,5914,Very Positive
1272320,10657,1789,12446,Very Positive
1498570,7635,1480,9115,Very Positive
1129540,6836,1481,8317,Very Positive
1164250,951,328,1279,Mostly Positive
1239020,5493,3844,9337,Mixed
1621310,2418,156,2574,Very Positive
900040,5051,1861,6912,Mostly Positive
515960,3081,816,3897,Mostly Positive
1656780,4546,1173,5719,Mostly Positive
1036890,3877,1754,5631,Mixed
1621690,61213,4642,65855,Very Positive
1531540,2528,1019,3547,Mostly Positive
1740720,9217,1516,10733,Very Positive
982290,2072,320,2392,Very Positive
553420,16625,1600,18225,Very Positive
1602010,4084,571,4655,Very Positive
1368030,5323,1270,6593,Very Positive
1475810,17315,3577,20892,Very Positive
1029690,25100,4872,29972,Very Positive
1284190,69810,2878,72688,Overwhelmingly Positive
1239320,3621,508,4129,Very Positive
915810,5773,1773,7546,Mostly Positive
1850570,61921,5165,67086,Very Positive
1097350,3499,959,4458,Mostly Positive
1218210,6749,1235,7984,Very Positive
1588530,3688,204,3892,Very Positive
914800,11839,663,12502,Very Positive
1051690,3535,248,3783,Very Positive
1133760,1523,956,2479,Mixed
928960,1606,948,2554,Mixed
1504570,5117,8507,13624,Mostly Negative
1846920,1480,284,1764,Very Positive
1924480,1423,383,1806,Mostly Positive
1021100,728,492,1220,Mixed
1703340,33571,2093,35664,Very Positive
1605220,10704,2815,13519,Mostly Positive
1157390,6278,1223,7501,Very Positive
1296610,14715,2862,17577,Very Positive
666150,5917,668,6585,Very Positive
1226510,966,454,1420,Mixed
1611910,11231,3422,14653,Mostly Positive
1341290,16918,1762,18680,Very Positive
867210,11559,1940,13499,Very Positive
1468720,6270,1152,7422,Very Positive
1608700,847,308,1155,Mostly Positive
1836860,1010,220,1230,Very Positive
1843940,1175,205,1380,Very Positive
1604030,121347,15064,136411,Very Positive
1874880,44256,11186,55442,Mostly Positive
597180,5587,1195,6782,Very Positive
1594940,11550,1421,12971,Very Positive
1922560,44772,5032,49804,Very Positive
1084600,25485,3417,28902,Very Positive
1761390,22174,1225,23399,Very Positive
747200,3503,648,4151,Very Positive
1259980,10213,2167,12380,Very Positive
1332010,171607,4919,176526,Overwhelmingly Positive
1594320,10266,1109,11375,Very Positive
1361210,98408,39005,137413,Mostly Positive
1631080,1102,260,1362,Very Positive
1754000,164,108,272,Mixed
1169040,26356,2041,28397,Very Positive
1371720,2893,315,3208,Very Positive
1938090,455823,323030,778853,Mixed
1577120,19984,4373,24357,Very Positive
1824220,46111,12032,58143,Mostly Positive
1966900,26247,2750,28997,Very Positive
1488200,13896,808,14704,Very Positive
1120320,1589,629,2218,Mostly Positive
1462040,44406,6624,51030,Very Positive
1361510,13944,828,14772,Very Positive
1202130,10449,1521,11970,Very Positive
1533420,20121,427,20548,Overwhelmingly Positive
1286680,17364,7246,24610,Mostly Positive
1216060,2648,1533,4181,Mixed
1449200,3233,511,3744,Very Positive
523660,3950,437,4387,Very Positive
1730680,2102,128,2230,Very Positive
1062520,26649,2368,29017,Very Positive
1702330,1615,489,2104,Mostly Positive
1677280,22608,17174,39782,Mixed
1879330,2243,275,2518,Very Positive
1700870,3684,332,4016,Very Positive
1336980,2012,697,2709,Mostly Positive
1683340,860,189,1049,Very Positive
1817070,133074,5542,138616,Overwhelmingly Positive
1889930,520,145,665,Mostly Positive
871980,2925,775,3700,Mostly Positive
1850740,13956,2300,16256,Very Positive
1136370,4764,561,5325,Very Positive
1987080,37300,9400,46700,Mostly Positive
1811950,1563,153,1716,Very Positive
1060230,1764,387,2151,Very Positive
1612770,857,406,1263,Mixed
1220140,2891,908,3799,Mostly Positive
1313140,121800,5232,127032,Overwhelmingly Positive
1295920,7978,703,8681,Very Positive
1866180,6112,666,6778,Very Positive
1282410,2618,579,3197,Very Positive
1649080,7109,993,8102,Very Positive
1599600,25441,1417,26858,Very Positive
1044720,21725,3513,25238,Very Positive
1288320,8936,2193,11129,Very Positive
824550,3859,2241,6100,Mixed
1385380,10486,2551,13037,Very Positive
1343240,8193,1764,9957,Very Positive
1350650,17769,906,18675,Overwhelmingly Positive
1109680,2562,357,2919,Very Positive
1970580,7335,1144,8479,Very Positive
1294420,2025,249,2274,Very Positive
1777620,2156,1133,3289,Mixed
990080,332955,37790,370745,Very Positive
1284210,25728,3433,29161,Very Positive
2060130,8269,802,9071,Very Positive
1372110,16034,1610,17644,Very Positive
529340,42678,17989,60667,Mostly Positive
1266700,2471,691,3162,Mostly Positive
1408610,4835,2740,7575,Mixed
1262580,27248,4645,31893,Very Positive
1324340,2187,576,2763,Mostly Positive
1659600,901,123,1024,Very Positive
1401590,22684,1918,24602,Very Positive
1283400,5177,2041,7218,Mostly Positive
1705180,7315,670,7985,Very Positive
1150760,7915,414,8329,Overwhelmingly Positive
1944790,3639,987,4626,Mostly Positive
2058190,8959,597,9556,Very Positive
1061910,16247,710,16957,Overwhelmingly Positive
1121640,7715,674,8389,Very Positive
1556790,14203,2916,17119,Very Positive
2058180,11295,719,12014,Very Positive
1273400,11578,2763,14341,Very Positive
1659420,39063,4079,43142,Very Positive
1556200,4292,1355,5647,Mostly Positive
1657630,46754,2714,49468,Very Positive
1337760,4271,1109,5380,Mostly Positive
1176470,7814,1902,9716,Very Positive
1059990,10912,234,11146,Overwhelmingly Positive
1399080,406,394,800,Mixed
1637320,20359,1689,22048,Very Positive
1602080,2013,745,2758,Mostly Positive
1592190,16470,3604,20074,Very Positive
1954200,16103,1390,17493,Very Positive
1789480,14413,7007,21420,Mixed
1668510,1510,36,1546,Overwhelmingly Positive
1942280,112850,4673,117523,Overwhelmingly Positive
1496790,16946,8198,25144,Mixed
1846380,35763,23605,59368,Mixed
698670,14957,4548,19505,Mostly Positive
1158160,24347,3051,27398,Very Positive
1324130,9446,1753,11199,Very Positive
1276760,3242,3291,6533,Mixed
1850510,2968,751,3719,Mostly Positive
1182900,23914,2424,26338,Very Positive
1874490,6639,701,7340,Very Positive
1380910,1346,202,1548,Very Positive
1731070,2703,757,3460,Mostly Positive
1817190,51244,3703,54947,Very Positive
1580520,1627,752,2379,Mixed
1898290,1709,349,2058,Very Positive
1687950,131549,4935,136484,Overwhelmingly Positive
2050650,264190,7227,271417,Overwhelmingly Positive
1850960,676,132,808,Very Positive
1324530,2724,407,3131,Very Positive
1665190,3214,95,3309,Overwhelmingly Positive
1647550,1010,87,1097,Very Positive
1776380,1395,690,2085,Mixed
799600,12065,720,12785,Very Positive
1868140,154502,5559,160061,Overwhelmingly Positive
1599660,3701,719,4420,Very Positive
1262350,32763,1154,33917,Overwhelmingly Positive
1237320,25180,3034,28214,Very Positive
1816300,1955,577,2532,Mostly Positive
1336490,35043,2048,37091,Very Positive
1515210,15815,895,16710,Very Positive
2066020,24382,2304,26686,Very Positive
1451090,3325,1219,4544,Mostly Positive
1939160,3173,133,3306,Overwhelmingly Positive
1614550,2169,515,2684,Very Positive
1849900,2049,716,2765,Mostly Positive
1963210,765,445,1210,Mixed
1063660,14767,1260,16027,Very Positive
1782120,12799,2319,15118,Very Positive
1065310,9868,3507,13375,Mostly Positive
1567020,3407,2790,6197,Mixed
973230,7323,989,8312,Very Positive
2096610,7110,990,8100,Very Positive
715400,1870,1115,2985,Mixed
2096600,8325,1029,9354,Very Positive
1881420,957,305,1262,Mostly Positive
1205520,9190,469,9659,Overwhelmingly Positive
1544020,28447,15102,43549,Mixed
368260,19711,4439,24150,Very Positive
1608070,7963,939,8902,Very Positive
1952250,444,318,762,Mixed
975370,29720,1634,31354,Very Positive
2208920,30719,13494,44213,Mixed
1113120,13818,3720,17538,Mostly Positive
736820,5147,1519,6666,Mostly Positive
1766740,15775,1587,17362,Very Positive
1229240,7147,914,8061,Very Positive
1774580,60521,24778,85299,Mostly Positive
1583230,22656,2794,25450,Very Positive
2221920,3386,1244,4630,Mostly Positive
1920480,1716,293,2009,Very Positive
814000,2731,748,3479,Mostly Positive
2221490,27828,7492,35320,Mostly Positive
1693980,63078,6627,69705,Very Positive
2161440,3931,1080,5011,Mostly Positive
1189490,29627,2198,31825,Very Positive
1812300,583,288,871,Mixed
1422130,4620,805,5425,Very Positive
1816570,2337,3274,5611,Mixed
1680880,5328,3189,8517,Mixed
1547000,12543,3172,15715,Mostly Positive
1809700,4595,1088,5683,Very Positive
2231380,32375,11572,43947,Mostly Positive
939400,33676,2841,36517,Very Positive
312520,52500,3504,56004,Very Positive
1254320,698,379,1077,Mixed
1485590,2494,1345,3839,Mixed
1629520,17224,1578,18802,Very Positive
1888930,90516,16924,107440,Very Positive
1817230,34734,1083,35817,Overwhelmingly Positive
2239550,6999,5418,12417,Mixed
2231450,71107,1235,72342,Overwhelmingly Positive
2172860,220,86,306,Mostly Positive
1451190,13409,9236,22645,Mixed
1581770,2126,525,2651,Very Positive
1282150,4539,387,4926,Very Positive
2095300,6563,902,7465,Very Positive
1448440,14567,14649,29216,Mixed
1943950,143774,16036,159810,Very Positive
1938010,6108,6930,13038,Mixed
695330,1937,139,2076,Very Positive
668580,40739,9747,50486,Very Positive
1342260,1380,332,1712,Very Positive
1805480,5141,1228,6369,Very Positive
1963370,4997,2767,7764,Mixed
1649240,8872,2079,10951,Very Positive
1351080,3987,1333,5320,Mostly Positive
1201540,3986,669,4655,Very Positive
1894430,3253,315,3568,Very Positive
1971650,15907,1136,17043,Very Positive
1016950,2796,2848,5644,Mixed
1329880,789,1352,2141,Mostly Negative
1998340,480,108,588,Very Positive
1326470,280050,36628,316678,Very Positive
954850,8204,23690,31894,Mostly Negative
1530160,2385,544,2929,Very Positive
553540,3640,853,4493,Very Positive
1347970,2604,179,2783,Very Positive
1669000,18579,4267,22846,Very Positive
756800,24133,1262,25395,Overwhelmingly Positive
1948980,21073,3863,24936,Very Positive
1331550,12333,987,13320,Very Positive
1985810,18245,4696,22941,Mostly Positive
2000950,35007,9322,44329,Mostly Positive
1432860,20411,4920,25331,Very Positive
1214470,2143,646,2789,Mostly Positive
2130460,1756,205,1961,Very Positive
1985820,2885,1387,4272,Mixed
820520,6379,1484,7863,Very Positive
1562430,53681,2335,56016,Overwhelmingly Positive
768200,8494,1900,10394,Very Positive
2138710,26055,2311,28366,Very Positive
1929610,20448,3540,23988,Very Positive
1593030,7608,1089,8697,Very Positive
2109370,2171,1102,3273,Mixed
774801,30291,656,30947,Overwhelmingly Positive
1466060,30443,4246,34689,Very Positive
2071280,17866,4502,22368,Mostly Positive
1358700,3842,768,4610,Very Positive
1194810,2465,984,3449,Mostly Positive
1677350,1396,1212,2608,Mixed
1798020,519,78,597,Very Positive
1571100,1290,67,1357,Overwhelmingly Positive
1798010,1339,188,1527,Very Positive
1811990,7296,1508,8804,Very Positive
1651560,6576,1146,7722,Very Positive
1928870,1654,1196,2850,Mixed
1457080,2301,451,2752,Very Positive
1669980,47731,1076,48807,Overwhelmingly Positive
1364780,64381,13809,78190,Very Positive
986130,14496,3150,17646,Very Positive
1888160,78224,7105,85329,Very Positive
1294810,1807,2896,4703,Mostly Negative
1245560,4236,289,4525,Very Positive
1321440,10342,654,10996,Very Positive
1940340,19866,6706,26572,Mostly Positive
1494420,3725,1154,4879,Mostly Positive
1566200,3371,288,3659,Very Positive
2369390,25087,10133,35220,Mostly Positive
1159690,7190,2567,9757,Mostly Positive
669330,16100,3125,19225,Very Positive
758690,2184,939,3123,Mixed
2126680,586,119,705,Very Positive
1304930,101983,8239,110222,Very Positive
1268750,26441,6811,33252,Mostly Positive
1971870,35412,13519,48931,Mostly Positive
2005010,16144,1892,18036,Very Positive
1644320,1911,725,2636,Mostly Positive
2231010,677,243,920,Mostly Positive
482400,11619,1239,12858,Very Positive
1649010,2387,604,2991,Mostly Positive
1589120,1481,505,1986,Mostly Positive
1607680,4022,1158,5180,Mostly Positive
1608230,9631,716,10347,Very Positive
1785150,12149,2537,14686,Very Positive
1730700,2527,115,2642,Overwhelmingly Positive
1810820,659,95,754,Very Positive
1139980,15728,2153,17881,Very Positive
1850160,2031,81,2112,Overwhelmingly Positive
1868180,1193,200,1393,Very Positive
1868170,304,84,388,Mostly Positive
1716740,99379,75343,174722,Mixed
2290180,25790,5749,31539,Very Positive
1944430,11479,819,12298,Very Positive
949230,50640,40607,91247,Mixed
1272080,29546,35537,65083,Mixed
1282100,55980,11994,67974,Very Positive
1084160,13109,1594,14703,Very Positive
671860,119465,26883,146348,Very Positive
1150440,16286,2304,18590,Very Positive
2379390,2067,1082,3149,Mixed
1368130,831,496,1327,Mixed
1946700,1342,357,1699,Mostly Positive
1548850,13004,3337,16341,Mostly Positive
1641960,6934,1891,8825,Mostly Positive
1164940,17722,1366,19088,Very Positive
1501610,3125,376,3501,Very Positive
1913210,1009,744,1753,Mixed
1668540,1152,68,1220,Very Positive
2218750,30269,1459,31728,Overwhelmingly Positive
872670,12019,3099,15118,Mostly Positive
1286320,3042,1363,4405,Mixed
2163330,12392,1187,13579,Very Positive
538030,4628,1052,5680,Very Positive
1382070,12190,714,12904,Very Positive
1457320,2102,1142,3244,Mixed
1161590,3724,791,4515,Very Positive
1135230,6537,424,6961,Very Positive
1574260,3250,167,3417,Overwhelmingly Positive
1895880,16200,1670,17870,Very Positive
1101120,2748,495,3243,Very Positive
1584940,1024,401,1425,Mostly Positive
1880330,14722,3057,17779,Very Positive
1937500,6845,537,7382,Very Positive
2239150,22524,896,23420,Overwhelmingly Positive
1702010,5795,1959,7754,Mostly Positive
2357570,129811,286264,416075,Mostly Negative
1449690,44679,1612,46291,Overwhelmingly Positive
1658040,3915,706,4621,Very Positive
1230530,3275,1212,4487,Mostly Positive
1920780,3532,347,3879,Very Positive
1171690,15917,10632,26549,Mixed
1433140,15307,7843,23150,Mixed
1353230,15183,327,15510,Overwhelmingly Positive
1545560,5902,580,6482,Very Positive
1538970,1365,853,2218,Mixed
2273430,33748,2056,35804,Very Positive
1028310,3913,490,4403,Very Positive
1450900,1606,417,2023,Mostly Positive
2201940,3140,944,4084,Mostly Positive
2114740,18847,1935,20782,Very Positive
2080690,19078,4637,23715,Very Positive
742420,4916,3730,8646,Mixed
1260320,62673,15873,78546,Mostly Positive
1244090,13450,1706,15156,Very Positive
1778820,40418,31392,71810,Mixed
1696440,6284,1588,7872,Mostly Positive
2183650,1566,381,1947,Very Positive
2230110,2844,720,3564,Mostly Positive
1063420,7267,1140,8407,Very Positive
1206610,6012,1161,7173,Very Positive
1627720,74203,6735,80938,Very Positive
1876890,41926,2278,44204,Very Positive
1658150,4184,811,4995,Very Positive
1902690,6340,657,6997,Very Positive
1766060,10276,3536,13812,Mostly Positive
1755830,4126,375,4501,Very Positive
2440510,6473,6196,12669,Mixed
1958220,7801,333,8134,Overwhelmingly Positive
1202200,2193,463,2656,Very Positive
1501750,37145,17670,54815,Mixed
1937780,3408,1995,5403,Mixed
1599330,1871,344,2215,Very Positive
2250600,724,244,968,Mostly Positive
2395210,4202,439,4641,Very Positive
1332720,5850,787,6637,Very Positive
1676840,11327,4655,15982,Mostly Positive
1566880,342,229,571,Mixed
1167750,841,376,1217,Mixed
2285150,7184,3560,10744,Mixed
1622900,1494,2014,3508,Mixed
2022670,2622,1207,3829,Mixed
1150530,3163,773,3936,Very Positive
2344520,48615,25979,74594,Mixed
2322560,42778,3102,45880,Very Positive
2131680,789,148,937,Very Positive
2216830,408,214,622,Mixed
849100,2024,1235,3259,Mixed
1357210,1843,701,2544,Mostly Positive
2399830,68866,46048,114914,Mixed
2144740,9138,2286,11424,Mostly Positive
1989270,32208,1093,33301,Overwhelmingly Positive
1849250,6972,4368,11340,Mixed
1966720,494674,15444,510118,Overwhelmingly Positive
1681430,31681,4669,36350,Very Positive
2238900,3702,269,3971,Very Positive
835960,12634,675,13309,Very Positive
2375550,11927,589,12516,Overwhelmingly Positive
1333200,2933,178,3111,Very Positive
1735700,9741,570,10311,Very Positive
1337520,25801,2857,28658,Very Positive
2140020,8901,1395,10296,Very Positive
1643310,2867,410,3277,Very Positive
2017080,1351,408,1759,Mostly Positive
692890,23132,1154,24286,Overwhelmingly Positive
1963570,1606,469,2075,Mostly Positive
2103140,15521,1212,16733,Very Positive
2244130,4223,592,4815,Very Positive
2254740,1596,575,2171,Mostly Positive
1844380,1627,1499,3126,Mixed
1020790,3086,1992,5078,Mixed
2334730,19532,2136,21668,Very Positive
1274600,4744,871,5615,Very Positive
2005160,1146,462,1608,Mostly Positive
1748620,5644,325,5969,Very Positive
1469610,4754,705,5459,Very Positive
2054970,71349,44534,115883,Mixed
2230650,3581,440,4021,Very Positive
2134770,1889,346,2235,Very Positive
2351560,4006,1421,5427,Mostly Positive
2653790,10607,788,11395,Very Positive
2186680,41278,5774,47052,Very Positive
2073850,214465,59467,273932,Mostly Positive
1540210,2279,412,2691,Very Positive
1190970,17158,2523,19681,Very Positive
2157560,5861,1183,7044,Very Positive
2155180,4436,1019,5455,Very Positive
2287520,5078,269,5347,Very Positive
2052410,8122,144,8266,Overwhelmingly Positive
2273420,5992,434,6426,Very Positive
2495450,10281,268,10549,Overwhelmingly Positive
2072450,21485,2225,23710,Very Positive
2161700,57613,3426,61039,Very Positive
1708010,2166,688,2854,Mostly Positive
1747760,2971,259,3230,Very Positive
1623730,444939,25973,470912,Very Positive
2198510,2269,588,2857,Mostly Positive
2201710,2860,1459,4319,Mixed
2511500,1574,160,1734,Very Positive
553850,867198,286000,1153198,Mostly Positive
1830970,2461,432,2893,Very Positive
2076010,2288,335,2623,Very Positive
2662630,162,209,371,Mixed
1203620,89480,14806,104286,Very Positive
315210,11025,6960,17985,Mixed
2420110,26415,3547,29962,Very Positive
2187220,3859,520,4379,Very Positive
881020,49700,5457,55157,Very Positive
1877020,2479,1540,4019,Mixed
2190220,2034,440,2474,Very Positive
2362300,3179,828,4007,Mostly Positive
2321470,41418,6596,48014,Very Positive
2478970,7189,1343,8532,Very Positive
1493640,7654,1421,9075,Very Positive
850190,15413,348,15761,Overwhelmingly Positive
2071500,2316,914,3230,Mostly Positive
1718570,29942,1549,31491,Overwhelmingly Positive
1928980,11964,6055,18019,Mixed
2379780,192199,4237,196436,Overwhelmingly Positive
1458140,22083,4460,26543,Very Positive
1371580,11822,5685,17507,Mixed
2399420,15297,4083,19380,Mostly Positive
2670630,76924,6629,83553,Very Positive
2446550,1877,5892,7769,Mostly Negative
1839950,3666,747,4413,Very Positive
1893810,1508,199,1707,Very Positive
1759380,1132,306,1438,Mostly Positive
2477340,2686,2066,4752,Mixed
2292260,1445,168,1613,Very Positive
1684350,4842,995,5837,Very Positive
2427700,18762,1796,20558,Very Positive
2215430,89304,5783,95087,Very Positive
1601580,20062,6751,26813,Mostly Positive
2497920,4929,721,5650,Very Positive
266410,6354,1095,7449,Very Positive
1677110,3904,751,4655,Very Positive
1310410,3773,1048,4821,Mostly Positive
1214650,2042,2060,4102,Mixed
1268590,2527,1247,3774,Mixed
2313330,1430,849,2279,Mixed
1566690,8900,4719,13619,Mixed
2786680,8513,427,8940,Overwhelmingly Positive
2725260,17645,858,18503,Overwhelmingly Positive
2881650,152329,9971,162300,Very Positive
2524890,31187,15169,46356,Mixed
2835570,117581,5932,123513,Overwhelmingly Positive
871540,3521,865,4386,Very Positive
1465460,14820,3570,18390,Very Positive
1924490,2923,1520,4443,Mixed
2437170,12667,10425,23092,Mixed
2116120,6920,2191,9111,Mostly Positive
1062810,3483,533,4016,Very Positive
1823950,1196,265,1461,Very Positive
1371980,64503,15820,80323,Very Positive
1492070,4885,1108,5993,Very Positive
934700,22244,6501,28745,Mostly Positive
2654470,1177,98,1275,Very Positive
1658280,3478,1125,4603,Mostly Positive
1162750,8556,503,9059,Very Positive
2698940,19644,5295,24939,Mostly Positive
1363080,75611,14221,89832,Very Positive
1812450,16983,4174,21157,Very Positive
1887840,19963,1595,21558,Very Positive
2015270,6096,2040,8136,Mostly Positive
1785650,2224,1908,4132,Mixed
1979440,1187,165,1352,Very Positive
2666510,14273,486,14759,Overwhelmingly Positive
2450450,576,146,722,Mostly Positive
2479810,56498,21652,78150,Mostly Positive
1145350,116878,5239,122117,Overwhelmingly Positive
427410,55520,2434,57954,Overwhelmingly Positive
983870,3160,747,3907,Very Positive
1188930,12408,1285,13693,Very Positive
1536090,2742,382,3124,Very Positive
813230,23340,1032,24372,Overwhelmingly Positive
1840080,3544,5156,8700,Mixed
1177980,13325,432,13757,Overwhelmingly Positive
2132850,11119,339,11458,Overwhelmingly Positive
2418520,5032,337,5369,Very Positive
1996010,7894,157,8051,Overwhelmingly Positive
1128860,4511,2930,7441,Mixed
2111190,9212,219,9431,Overwhelmingly Positive
2461850,8550,1313,9863,Very Positive
2183900,185769,35464,221233,Very Positive
2488620,14029,5048,19077,Mostly Positive
2703850,6575,368,6943,Very Positive
2739590,4198,379,4577,Very Positive
1266540,1854,820,2674,Mixed
2646460,17086,5051,22137,Mostly Positive
1809540,42016,2487,44503,Very Positive
1556100,2853,986,3839,Mostly Positive
1592280,4760,322,5082,Very Positive
1875060,2160,126,2286,Very Positive
2358720,1162587,41872,1204459,Overwhelmingly Positive
2406770,33979,10651,44630,Mostly Positive
1790600,62561,9652,72213,Very Positive
380600,66560,10111,76671,Very Positive
1875830,11520,1019,12539,Very Positive
2695940,10135,2716,12851,Mostly Positive
2552430,9720,1523,11243,Very Positive
1859910,28474,8891,37365,Mostly Positive
1411910,6622,214,6836,Overwhelmingly Positive
2356560,1882,188,2070,Very Positive
2567870,56733,6418,63151,Very Positive
1995520,6353,4881,11234,Mixed
1898300,9597,2422,12019,Mostly Positive
2933080,7042,3254,10296,Mixed
1708850,4106,1784,5890,Mixed
1622910,11178,1568,12746,Very Positive
2840770,11946,3426,15372,Mostly Positive
2195120,2456,177,2633,Very Positive
1712350,2636,216,2852,Very Positive
2300320,49072,7296,56368,Very Positive
2458860,8866,197,9063,Overwhelmingly Positive
1934680,21034,2219,23253,Very Positive
1978590,3749,282,4031,Very Positive
2291060,5002,2171,7173,Mixed
1465470,2843,854,3697,Mostly Positive
1857090,8400,1894,10294,Very Positive
2669320,56787,50146,106933,Mixed
1939970,6006,1229,7235,Very Positive
2510710,2321,189,2510,Very Positive
1416920,8882,1495,10377,Very Positive
1422440,3797,463,4260,Very Positive
2591280,5744,1141,6885,Very Positive
2290000,1966,252,2218,Very Positive
2816950,3158,343,3501,Very Positive
2849080,10228,1363,11591,Very Positive
2307350,4507,1120,5627,Very Positive
2445690,10498,2994,13492,Mostly Positive
2012510,4351,4875,9226,Mixed
983380,923,474,1397,Mixed
2142790,29596,757,30353,Overwhelmingly Positive
2366980,8000,314,8314,Overwhelmingly Positive
2638370,10430,465,10895,Overwhelmingly Positive
2396980,4581,206,4787,Overwhelmingly Positive
2751000,5833,1087,6920,Very Positive
2400510,2851,634,3485,Very Positive
2396240,2299,163,2462,Very Positive
2305840,3980,203,4183,Overwhelmingly Positive
1575940,7182,1388,8570,Very Positive
2162800,14573,440,15013,Overwhelmingly Positive
1040200,33147,646,33793,Overwhelmingly Positive
1845910,30542,14226,44768,Mixed
1456940,1486,1455,2941,Mixed
2059530,1422,411,1833,Mostly Positive
2515020,25843,7082,32925,Mostly Positive
2780980,17035,2753,19788,Very Positive
1295660,28122,30003,58125,Mixed
1043810,11798,245,12043,Overwhelmingly Positive
1672500,3076,1120,4196,Mostly Positive
1771300,179894,11603,191497,Very Positive
2853730,3134,1579,4713,Mixed
2490990,2111,601,2712,Mostly Positive
2933130,9965,2319,12284,Very Positive
1114150,13657,5597,19254,Mostly Positive
2878980,25318,17548,42866,Mixed
2067050,3313,583,3896,Very Positive
2369900,2556,154,2710,Very Positive
2228280,1351,424,1775,Mostly Positive
2696050,3629,538,4167,Very Positive
2440380,2882,1127,4009,Mostly Positive
2223840,3687,2248,5935,Mixed
2878600,2553,855,3408,Mostly Positive
2313020,1157,399,1556,Mostly Positive
2380050,4134,1129,5263,Mostly Positive
2683150,9159,1108,10267,Very Positive
2401970,4570,153,4723,Overwhelmingly Positive
2920570,8171,763,8934,Very Positive
2322010,43629,5486,49115,Very Positive
1249970,4483,7641,12124,Mostly Negative
2634890,2346,145,2491,Very Positive
2658450,2489,312,2801,Very Positive
3070070,47182,1693,48875,Overwhelmingly Positive
2688950,10483,3711,14194,Mostly Positive
1737870,2854,599,3453,Very Positive
2644470,4151,532,4683,Very Positive
2175540,955,344,1299,Mostly Positive
1796790,2373,329,2702,Very Positive
2527390,3278,799,4077,Very Positive
2198150,23660,657,24317,Overwhelmingly Positive
1147860,7068,362,7430,Overwhelmingly Positive
1627570,3484,629,4113,Very Positive
3156770,15641,1452,17093,Very Positive
2246340,160293,166850,327143,Mixed
2828860,16886,7759,24645,Mixed
1858630,1853,1002,2855,Mixed
2537590,12665,8850,21515,Mixed
2679460,38076,4363,42439,Very Positive
2021880,1577,705,2282,Mixed
2124490,60225,3401,63626,Very Positive
2172010,4268,876,5144,Very Positive
3097560,50220,5813,56033,Very Positive
2458560,1448,932,2380,Mixed
2193540,1321,1207,2528,Mixed
3021100,6191,580,6771,Very Positive
2668510,19376,1579,20955,Very Positive
1442430,3222,903,4125,Mostly Positive
3170540,2190,60,2250,Overwhelmingly Positive
3035570,9201,2878,12079,Mostly Positive
2000890,4329,1505,5834,Mostly Positive
2513280,14794,511,15305,Overwhelmingly Positive
2288150,1948,1970,3918,Mixed
3146520,68468,1850,70318,Overwhelmingly Positive
2420660,9773,672,10445,Very Positive
1585180,9067,601,9668,Very Positive
2233120,1857,623,2480,Mostly Positive
1874000,7168,3289,10457,Mixed
2217000,7841,1969,9810,Mostly Positive
1911610,9150,1142,10292,Very Positive
2455640,4402,316,4718,Very Positive
292000,10458,10838,21296,Mixed
2731870,729,222,951,Mostly Positive
2772750,15720,2773,18493,Very Positive
2135150,8469,599,9068,Very Positive
2701660,3843,1113,4956,Mostly Positive
2272900,1664,697,2361,Mostly Positive
2996040,3637,728,4365,Very Positive
2288630,1336,246,1582,Very Positive
2287330,873,281,1154,Mostly Positive
1590760,1172,356,1528,Mostly Positive
1481170,1564,313,1877,Very Positive
2669410,2622,891,3513,Mostly Positive
2211170,1814,274,2088,Very Positive
1286220,5709,577,6286,Very Positive
2716400,3796,304,4100,Very Positive
2475490,36257,1800,38057,Overwhelmingly Positive
2510960,2147,587,2734,Mostly Positive
2694490,167327,56809,224136,Mostly Positive
2408820,10589,1994,12583,Very Positive
2842040,8688,3452,12140,Mostly Positive
2768430,22128,724,22852,Overwhelmingly Positive
2178070,1402,646,2048,Mixed
2384580,27867,2006,29873,Very Positive
2647680,1219,197,1416,Very Positive
2356780,3496,430,3926,Very Positive
2677660,18235,1954,20189,Very Positive
2909110,15335,3567,18902,Very Positive
333640,11901,618,12519,Overwhelmingly Positive
2909400,25632,8429,34061,Mostly Positive
2916430,8480,1158,9638,Very Positive
2527500,137984,3105,141089,Overwhelmingly Positive
2289720,3049,117,3166,Overwhelmingly Positive
2521380,3350,415,3765,Very Positive
2667120,2206,372,2578,Very Positive
2353250,2620,553,3173,Very Positive
2141730,42332,5379,47711,Very Positive
3004100,946,404,1350,Mostly Positive
1750770,4105,340,4445,Very Positive
2531310,48867,4856,53723,Very Positive
3058630,12356,8516,20872,Mixed
619820,5310,1127,6437,Very Positive
1660080,3076,596,3672,Very Positive
1534840,2112,1862,3974,Mixed
2530980,873,118,991,Very Positive
1245480,1530,2179,3709,Mixed
2854740,4689,580,5269,Very Positive
2634950,14601,987,15588,Very Positive
3287520,3211,889,4100,Mostly Positive
1133870,3939,1336,5275,Mostly Positive
3017860,39010,5153,44163,Very Positive
2820820,6318,1347,7665,Very Positive
3159330,29401,9603,39004,Mostly Positive
2651280,35706,7398,43104,Very Positive
2495100,11467,743,12210,Very Positive
2169200,4474,1459,5933,Mostly Positive
2273980,3272,1357,4629,Mostly Positive
3059070,8925,1420,10345,Very Positive
2457540,440,202,642,Mixed
1763250,3945,974,4919,Very Positive
2073250,5716,354,6070,Very Positive
3244220,17823,2120,19943,Very Positive
2457220,9998,2993,12991,Mostly Positive
2967990,4117,1104,5221,Mostly Positive
2622380,154528,34505,189033,Very Positive
3061810,8595,1191,9786,Very Positive
2668430,589,109,698,Very Positive
3178350,1975,321,2296,Very Positive
371970,16000,1629,17629,Very Positive
2001120,121206,3810,125016,Overwhelmingly Positive
1270580,3861,588,4449,Very Positive
2385530,3231,1435,4666,Mixed
1902960,5420,859,6279,Very Positive
2104890,12057,4065,16122,Mostly Positive
3123410,2095,1172,3267,Mixed
2026820,3163,272,3435,Very Positive
2750000,841,120,961,Very Positive
3241660,399432,16462,415894,Overwhelmingly Positive
2185060,12427,604,13031,Overwhelmingly Positive
2878960,4552,2038,6590,Mixed
3013550,385,121,506,Mostly Positive
1932640,2420,131,2551,Very Positive
3240220,175587,37207,212794,Very Positive
1340990,6844,4018,10862,Mixed
1984020,1765,609,2374,Mostly Positive
1299460,2934,228,3162,Very Positive
3164500,304726,6826,311552,Overwhelmingly Positive
1203190,4149,1464,5613,Mostly Positive
2680010,27044,4757,31801,Very Positive
1689620,4654,2294,6948,Mixed
801800,4379,1261,5640,Mostly Positive
2456740,24890,7373,32263,Mostly Positive
2407270,33508,2946,36454,Very Positive
1172710,55013,22799,77812,Mostly Positive
1324780,13050,1407,14457,Very Positive
3028310,2879,436,3315,Very Positive
3020510,7124,918,8042,Very Positive
3117820,32618,2144,34762,Very Positive
2452080,353,24,377,Very Positive
1796470,12741,1078,13819,Very Positive
1934570,4407,268,4675,Very Positive
1569580,16902,2645,19547,Very Positive
2239710,8374,1013,9387,Very Positive
1401730,2149,294,2443,Very Positive
1479730,1947,531,2478,Mostly Positive
2680550,3046,1111,4157,Mostly Positive
2827230,2924,1361,4285,Mixed
2608270,4436,242,4678,Very Positive
2625420,15522,4417,19939,Mostly Positive
1374490,23325,5412,28737,Very Positive
1486920,10303,1488,11791,Very Positive
2492040,2957,693,3650,Very Positive
1903340,262102,12946,275048,Overwhelmingly Positive
1721060,2815,879,3694,Mostly Positive
3255380,571,51,622,Very Positive
1931180,1801,1165,2966,Mixed
2138720,36144,16221,52365,Mixed
2623190,52668,16927,69595,Mostly Positive
3014080,7552,1033,8585,Very Positive
2869860,2092,21,2113,Overwhelmingly Positive
2414270,1996,228,2224,Very Positive
3228590,13308,2836,16144,Very Positive
2277560,59041,45456,104497,Mixed
3238670,2337,267,2604,Very Positive
1604270,18723,15620,34343,Mixed
2488370,7211,596,7807,Very Positive
2787320,3048,488,3536,Very Positive
3226530,4631,777,5408,Very Positive
2525310,2829,337,3166,Very Positive
2863640,2651,202,2853,Very Positive
2993780,12349,1122,13471,Very Positive
3168600,2283,877,3160,Mostly Positive
3489700,86861,5726,92587,Very Positive
490110,7973,1139,9112,Very Positive
2400430,862,139,1001,Very Positive
3400000,1975,738,2713,Mostly Positive
2292800,2262,447,2709,Very Positive
2742830,9568,470,10038,Overwhelmingly Positive
1153410,4536,1448,5984,Mostly Positive
2784470,21068,1708,22776,Very Positive
3059520,24418,3629,28047,Very Positive
1857740,668,179,847,Mostly Positive
2404880,8999,1119,10118,Very Positive
2543180,3646,551,4197,Very Positive
3400930,5069,590,5659,Very Positive
2393160,2605,514,3119,Very Positive
1671210,126495,2416,128911,Overwhelmingly Positive
2864560,3199,418,3617,Very Positive
3008130,60868,9410,70278,Very Positive
1004640,5915,708,6623,Very Positive
2215390,9775,1550,11325,Very Positive
1601570,17326,1847,19173,Very Positive
2201320,7066,501,7567,Very Positive
1285190,48140,34156,82296,Mixed
3527290,324689,18379,343068,Very Positive
3350200,41095,10112,51207,Very Positive
2288350,1345,104,1449,Very Positive
3483740,7812,419,8231,Very Positive
2272540,1488,825,2313,Mixed
2695570,1741,101,1842,Very Positive
2545710,1104,502,1606,Mixed
2383200,1950,379,2329,Very Positive
3024040,10558,859,11417,Very Positive
3405690,50129,49532,99661,Mixed
1430190,10202,12986,23188,Mixed
2235200,1577,686,2263,Mixed
3101040,32140,1163,33303,Overwhelmingly Positive
3249650,1389,423,1812,Mostly Positive
2824490,3464,616,4080,Very Positive
3504780,4311,1321,5632,Mostly Positive
2753900,9137,1140,10277,Very Positive
1782460,3476,679,4155,Very Positive
3716600,18500,1861,20361,Very Positive
2661300,18330,4346,22676,Very Positive
2807960,231449,127401,358850,Mixed
1154030,14453,3181,17634,Very Positive
2016460,3065,685,3750,Very Positive
1941540,21142,7823,28965,Mostly Positive
2928600,2961,619,3580,Very Positive
2542120,2455,198,2653,Very Positive
2347080,668,261,929,Mostly Positive
2133760,7245,286,7531,Overwhelmingly Positive
3230400,3046,2737,5783,Mixed
3035120,8972,245,9217,Overwhelmingly Positive
1909950,2275,469,2744,Very Positive
3556750,10706,1776,12482,Very Positive
1721110,4637,811,5448,Very Positive
1617400,10765,4472,15237,Mostly Positive
2417610,15724,3098,18822,Very Positive
3339880,3131,122,3253,Overwhelmingly Positive
3450310,20171,10033,30204,Mixed
3606480,1811,2944,4755,Mostly Negative
2274620,2277,454,2731,Very Positive
3472040,20553,11400,31953,Mixed
2615540,2479,225,2704,Very Positive
1943730,896,265,1161,Mostly Positive
2453160,1512,173,1685,Very Positive
2508780,3741,249,3990,Very Positive
2523720,2151,1395,3546,Mixed
3293260,11676,468,12144,Overwhelmingly Positive
2589500,5278,168,5446,Overwhelmingly Positive
2486820,15325,1177,16502,Very Positive
2361770,3912,841,4753,Very Positive
1030300,373438,44302,417740,Very Positive
2101960,10046,1372,11418,Very Positive
1342490,1561,911,2472,Mixed
1620730,5539,940,6479,Very Positive
2730810,814,500,1314,Mixed
2444750,18008,1996,20004,Very Positive
3551340,12121,22794,34915,Mostly Negative
1984270,19864,2330,22194,Very Positive
1669480,2023,495,2518,Very Positive
3602290,4222,476,4698,Very Positive
3478050,11333,1744,13077,Very Positive
2719750,2818,238,3056,Very Positive
2947440,22902,5562,28464,Very Positive
3180070,28011,2024,30035,Very Positive
3585800,2567,661,3228,Mostly Positive
1757300,10212,1734,11946,Very Positive
3375780,4382,205,4587,Overwhelmingly Positive
3447040,9069,232,9301,Overwhelmingly Positive
3405340,98904,5847,104751,Very Positive
3115220,6764,166,6930,Overwhelmingly Positive
2949320,2639,444,3083,Very Positive
3407390,2315,455,2770,Very Positive
2748340,2030,284,2314,Very Positive
2686630,2197,387,2584,Very Positive
1808500,339449,72022,411471,Very Positive
2885870,3273,158,3431,Overwhelmingly Positive
2755480,1224,261,1485,Very Positive
3314790,22913,2486,25399,Very Positive
2288470,2395,225,2620,Very Positive
3259600,849,87,936,Very Positive
1392860,9730,11046,20776,Mixed
1904480,9597,826,10423,Very Positive
2060160,8619,401,9020,Overwhelmingly Positive
2582140,1352,691,2043,Mixed
2958130,11949,842,12791,Very Positive
2352620,13078,4403,17481,Mostly Positive
3167020,87697,16097,103794,Very Positive
2062430,24946,1227,26173,Overwhelmingly Positive
2627260,8393,1119,9512,Very Positive
1449110,6445,2313,8758,Mostly Positive
3274580,8724,3829,12553,Mixed
2592160,177377,4497,181874,Overwhelmingly Positive
3949040,74922,8070,82992,Very Positive
2968420,10545,1020,11565,Very Positive
2119830,20958,4061,25019,Very Positive
1857950,10383,1394,11777,Very Positive
1880620,1511,134,1645,Very Positive
2289750,5122,777,5899,Very Positive
3478650,2170,458,2628,Very Positive
2879840,4183,357,4540,Very Positive
3364070,465,32,497,Very Positive
2878450,3577,299,3876,Very Positive
2893570,1705,294,1999,Very Positive
3764200,173977,7318,181295,Overwhelmingly Positive
2827200,8580,1580,10160,Very Positive
2799860,10632,1276,11908,Very Positive
1783560,10990,1793,12783,Very Positive
436780,4345,267,4612,Very Positive
3215050,1131,963,2094,Mixed
2489330,2992,239,3231,Very Positive
2870920,1865,259,2124,Very Positive
3932890,29638,31035,60673,Mixed
3917090,9035,1239,10274,Very Positive
3873970,1291,491,1782,Mostly Positive
3008740,2837,317,3154,Very Positive
2373990,6338,2572,8910,Mostly Positive
2350790,2581,445,3026,Very Positive
1649950,4245,271,4516,Very Positive
3014320,2854,785,3639,Mostly Positive
2753970,2122,278,2400,Very Positive
606160,7360,644,8004,Very Positive
2070270,1575,343,1918,Very Positive
2692990,1343,1337,2680,Mixed
2240620,6726,553,7279,Very Positive
1718460,1258,231,1489,Very Positive
3669570,2218,259,2477,Very Positive
4164420,17643,1079,18722,Very Positive
1631270,10634,2512,13146,Very Positive
3419520,10603,2331,12934,Very Positive
3199650,2190,533,2723,Very Positive
2362060,4558,2473,7031,Mixed
2499860,2526,308,2834,Very Positive
3316940,659,50,709,Very Positive
2754380,9290,334,9624,Overwhelmingly Positive
3681010,14752,3960,18712,Mostly Positive
3065800,48855,14486,63341,Mostly Positive
2483190,76949,15468,92417,Very Positive
2956680,3273,958,4231,Mostly Positive
2305640,1415,71,1486,Overwhelmingly Positive
2397300,20280,7976,28256,Mostly Positive
1588550,19695,1158,20853,Very Positive
2191500,1279,509,1788,Mostly Positive
2432860,11717,1178,12895,Very Positive
3834090,8000,1497,9497,Very Positive
3501070,3087,807,3894,Mostly Positive
3656800,3010,959,3969,Mostly Positive
2362050,603,354,957,Mixed
3321460,139319,26807,166126,Very Positive
2129530,18189,6163,24352,Mostly Positive
686060,47062,5307,52369,Very Positive
2536520,5018,766,5784,Very Positive
2966320,5303,1110,6413,Very Positive
3643170,3832,634,4466,Very Positive
2069250,1801,708,2509,Mostly Positive
3280350,24905,1234,26139,Overwhelmingly Positive
3050900,1893,251,2144,Very Positive
3937550,2057,1244,3301,Mixed
2643390,3619,939,4558,Mostly Positive
4069520,10391,769,11160,Very Positive
2744880,4407,1551,5958,Mostly Positive
2852190,6773,2035,8808,Mostly Positive
3717070,1655,1377,3032,Mixed
2868840,118032,76517,194549,Mixed
3897800,7944,427,8371,Very Positive
2057760,8424,408,8832,Overwhelmingly Positive
2778610,5580,1041,6621,Very Positive
2697000,1818,282,2100,Very Positive
2487300,886,327,1213,Mostly Positive
3920610,3398,494,3892,Very Positive
3226450,854,318,1172,Mostly Positive
2157830,5236,1828,7064,Mostly Positive
2975950,2298,742,3040,Mostly Positive
2833580,786,69,855,Very Positive
3202030,5726,1638,7364,Mostly Positive
2253100,3015,686,3701,Very Positive
3552140,9334,412,9746,Overwhelmingly Positive
3948120,13582,788,14370,Very Positive
2624870,4870,585,5455,Very Positive
3500390,723,29,752,Overwhelmingly Positive
2426530,2064,132,2196,Very Positive
3784030,3690,774,4464,Very Positive
3326230,3644,876,4520,Very Positive
2706020,1023,296,1319,Mostly Positive
4249120,2111,258,2369,Very Positive
4249110,1923,199,2122,Very Positive
4249100,1480,166,1646,Very Positive
3357650,49413,1738,51151,Overwhelmingly Positive
3214610,3973,560,4533,Very Positive
3400350,996,73,1069,Very Positive
1963610,7260,1343,8603,Very Positive
3634520,1767,1467,3234,Mixed
590830,5338,3734,9072,Mixed
1297900,34378,4311,38689,Very Positive
1866130,1325,280,1605,Very Positive
3976500,1541,265,1806,Very Positive
3041230,44705,6628,51333,Very Positive
2416450,14046,894,14940,Very Positive
1663850,7651,1418,9069,Very Positive
3443820,459,31,490,Very Positive
2213700,845,198,1043,Very Positive
4128580,7601,15464,23065,Mostly Negative
3265700,17900,699,18599,Overwhelmingly Positive
3751950,21355,5468,26823,Mostly Positive
2914150,3758,361,4119,Very Positive
3105440,18758,2721,21479,Very Positive
3124540,34181,1487,35668,Overwhelmingly Positive
3892270,17056,1955,19011,Very Positive
2353060,2603,806,3409,Mostly Positive
3562120,7542,254,7796,Overwhelmingly Positive
2873660,1477,240,1717,Very Positive
3768760,39756,3685,43441,Very Positive
3438850,3009,116,3125,Overwhelmingly Positive
1962700,113653,11099,124752,Very Positive
3404260,12451,387,12838,Overwhelmingly Positive
3672400,6917,2215,9132,Mostly Positive
3526710,5284,1634,6918,Mostly Positive
2582320,7292,998,8290,Very Positive
2215200,12467,563,13030,Overwhelmingly Positive
3110760,2053,111,2164,Very Positive
4197610,21845,1248,23093,Very Positive
2830030,4573,776,5349,Very Positive
2681030,1500,542,2042,Mostly Positive
3509230,1205,388,1593,Mostly Positive
3079210,0,0,0,No user reviews
2255370,1365,815,2180,Mixed
4466620,2930,296,3226,Very Positive
1118520,18383,1996,20379,Very Positive
2605790,9031,5949,14980,Mixed
2532480,1222,1036,2258,Mixed
2272360,0,0,0,No user reviews
2863680,2356,445,2801,Very Positive
3542380,981,256,1237,Mostly Positive
1875580,7226,937,8163,Very Positive
1805320,3576,1096,4672,Mostly Positive
1116050,1357,481,1838,Mostly Positive
3219030,0,0,0,No user reviews
2261430,959,360,1319,Mostly Positive
2904040,3037,257,3294,Very Positive
3009300,1337,887,2224,Mixed
3678970,23346,20402,43748,Mixed
2186990,8223,2085,10308,Mostly Positive
2288340,0,0,0,No user reviews
1805110,3360,747,4107,Very Positive
4435490,0,0,0,No user reviews
2806050,7395,4331,11726,Mixed
4704690,71243,10366,81609,Very Positive
3844970,3975,717,4692,Very Positive
2004680,3048,229,3277,Very Positive
4148240,7581,1565,9146,Very Positive
2679100,1604,330,1934,Very Positive
3276050,1697,900,2597,Mixed
3337380,1717,192,1909,Very Positive
958520,1668,589,2257,Mostly Positive
4121170,5589,1786,7375,Mostly Positive
2866670,635,284,919,Mixed
