appid,name,msrp,release_ts,n_weeks,is_free
550,Left 4 Dead 2,9.99,1258434000.0,400,False
10180,Call of Duty®: Modern Warfare® 2 (2009),19.99,1258002000.0,225,False
8980,Borderlands Game of the Year,29.99,1693486800.0,167,False
17460,Mass Effect (2007),29.99,1229673600.0,117,False
12210,Grand Theft Auto IV: The Complete Edition,19.99,1585072800.0,235,False
41500,Torchlight,14.99,1256663400.0,106,False
500,Left 4 Dead,9.99,1226983860.0,99,False
240,Counter-Strike: Source,9.99,1099332000.0,265,False
17480,Command & Conquer™ Red Alert™ 3,6.96,1231444800.0,24,False
22370,Fallout 3: Game of the Year Edition,19.99,1261072800.0,201,False
7670,BioShock™,19.99,1187726400.0,63,False
35700,Trine Enchanted Edition,14.99,1246550400.0,15,False
17300,Crysis,29.99,1221634800.0,75,False
17450,Dragon Age: Origins,29.99,1257519660.0,61,False
20900,The Witcher: Enhanced Edition Director's Cut,9.99,1221807600.0,98,False
17330,Crysis Warhead®,19.99,1221678000.0,41,False
10500,Total War: EMPIRE – Definitive Edition,24.99,1236153600.0,159,False
1250,Killing Floor,19.99,1242284400.0,178,False
15620,"Warhammer 40,000: Dawn of War II - Anniversary Edition (Classic)",49.99,1234944000.0,81,False
228200,Company of Heroes,19.99,,143,False
400,Portal,9.99,1191999660.0,191,False
3900,Sid Meier's Civilization® IV,19.99,1161823860.0,48,False
7110,Jade Empire™: Special Edition,14.99,1172563200.0,4,False
35140,Batman: Arkham Asylum Game of the Year Edition,19.99,1269638760.0,83,False
10090,Call of Duty: World at War,19.99,1227042000.0,166,False
22320,The Elder Scrolls III: Morrowind® Game of the Year Edition,14.99,1245168000.0,34,False
4000,Garry's Mod,9.99,1164826920.0,508,False
24400,King Arthur - The Role-playing Wargame,9.99,1259101020.0,40,False
16810,Sid Meier's Civilization IV: Colonization,19.99,1222217640.0,31,False
4500,S.T.A.L.K.E.R.: Shadow of Chernobyl,19.99,1174374000.0,23,False
4700,Total War: MEDIEVAL II – Definitive Edition,24.99,1163613600.0,93,False
440,Team Fortress 2,19.99,1191999600.0,820,True
23490,Tropico 3,9.99,1256062980.0,42,False
12150,Max Payne 2: The Fall of Max Payne,9.99,1199469540.0,10,False
18500,Defense Grid: The Awakening,9.99,1228770000.0,23,False
15100,Assassin's Creed™: Director's Cut Edition,19.99,1207785600.0,20,False
22330,The Elder Scrolls IV: Oblivion® Game of the Year Edition (2009),14.99,1245168000.0,145,False
12140,Max Payne,9.99,1294344000.0,8,False
10,Counter-Strike,9.99,973065600.0,205,False
20510,S.T.A.L.K.E.R.: Clear Sky,19.99,1221462000.0,18,False
26800,Braid,14.99,1239415020.0,14,False
24790,Command & Conquer 3 Tiberium Wars™,6.96,1258139880.0,24,False
29180,Osmos,9.99,1250618400.0,5,False
32370,STAR WARS™ Knights of the Old Republic™,9.99,1252146600.0,101,False
220,Half-Life 2,9.99,1100592000.0,145,False
280,Half-Life: Source,9.99,1086073200.0,10,False
40700,Machinarium,19.99,1255705200.0,15,False
420,Half-Life 2: Episode Two,19.99,1191999600.0,83,False
475150,Titan Quest Anniversary Edition,19.99,1472661927.0,69,False
22000,World of Goo,14.99,1223917200.0,11,False
12900,AudioSurf,9.99,1203102000.0,49,False
20540,Company of Heroes: Tales of Valor,19.99,1239228000.0,12,False
380,Half-Life 2: Episode One,19.99,1149145200.0,76,False
24800,Command & Conquer: Red Alert 3 - Uprising,6.96,1254848520.0,6,False
16600,Trials 2: Second Edition,9.99,1211958000.0,1,False
19900,Far Cry® 2,9.99,1224694800.0,16,False
20500,Red Faction Guerrilla Steam Edition,19.99,1252998000.0,24,False
8800,Civilization IV: Beyond the Sword,9.99,1185260400.0,7,False
300,Day of Defeat: Source,9.99,1278971640.0,88,False
39530,Painkiller: Black Edition,9.99,1169661600.0,3,False
24810,Command & Conquer™ 3: Kane’s Wrath,6.96,1258140000.0,6,False
32430,STAR WARS™ - The Force Unleashed™ Ultimate Sith Edition,19.99,1260903360.0,55,False
7940,Call of Duty® 4: Modern Warfare® (2007),19.99,1194890400.0,153,False
6910,Deus Ex: Game of the Year Edition,6.99,1175151600.0,33,False
2820,X3: Terran Conflict,15.99,1224140400.0,29,False
39560,Painkiller: Resurrection,9.99,1256686500.0,3,False
1500,Darwinia,29.99,1133424000.0,2,False
9340,Company of Heroes: Opposing Fronts,19.99,1190664000.0,17,False
15120,Tom Clancy's Rainbow Six® Vegas 2,9.99,1208389200.0,10,False
24010,Train Simulator Classic,29.99,1442505600.0,455,False
1530,Multiwinia,29.99,1221843600.0,2,False
13570,Tom Clancy's Splinter Cell Chaos Theory®,9.99,1251391740.0,11,False
3590,Plants vs. Zombies GOTY Edition,4.99,1241542800.0,67,False
45300,Wings of Prey: Special Edition,9.99,1262974200.0,30,False
219780,Divinity II: Developer's Cut,19.99,1351530720.0,41,False
41000,Serious Sam HD: The First Encounter,14.99,1259095560.0,15,False
34030,Total War: NAPOLEON – Definitive Edition,24.99,1267138800.0,135,False
29720,Guild Wars® Reforged,19.99,1764781200.0,111,False
70,Half-Life,9.99,911499840.0,42,False
25800,Europa Universalis III Complete,14.99,1233784800.0,37,False
21690,Resident Evil 5,19.99,1252998000.0,49,False
22100,Mount & Blade,9.99,1225717140.0,26,False
18820,Zero Gear,4.99,1263335100.0,3,False
17390,SPORE™,19.99,1229673600.0,79,False
41800,Gratuitous Space Battles,14.99,1258406040.0,16,False
3170,King's Bounty: Armored Princess,9.99,1258666320.0,12,False
30,Day of Defeat,4.99,1051772400.0,9,False
25890,Hearts of Iron III,9.99,1249664340.0,52,False
32360,The Secret of Monkey Island: Special Edition,9.99,1247673600.0,21,False
33900,Arma 2,12.99,,75,False
60,Ricochet,4.99,973065600.0,6,False
40,Deathmatch Classic,4.99,991378800.0,6,False
15320,IL-2 Sturmovik: 1946,9.99,1213340400.0,3,False
6020,STAR WARS™ Jedi Knight - Jedi Academy™,9.99,1253124960.0,11,False
17470,Dead Space (2008),19.99,1231488000.0,30,False
25900,King's Bounty: The Legend,6.99,1241204400.0,5,False
3730,Aliens versus Predator Classic 2000,4.99,1263580560.0,8,False
40400,AI War: Fleet Command,9.99,1256168040.0,9,False
46400,Greed: Black Border,4.99,1263410040.0,2,False
8500,EVE Online,20.0,1292467920.0,37,True
8850,BioShock® 2,19.99,1265702460.0,73,False
10680,Aliens vs. Predator™,14.99,1266334980.0,49,False
47730,Dragon Age™: Origins Awakening,29.99,1268758800.0,42,False
4560,Company of Heroes - Legacy Edition,36.99,1184655600.0,8,False
7830,Men of War™,4.99,1241636640.0,5,False
3130,Men of War: Red Tide,4.99,1257130440.0,3,False
46000,Bob Came in Pieces,9.99,1264196880.0,4,False
7200,Trackmania United Forever,29.99,1208329200.0,4,False
3830,Psychonauts,9.99,1160571600.0,8,False
8880,Freedom Force,4.99,1243630800.0,1,False
8890,Freedom Force vs. the Third Reich,4.99,1243630800.0,1,False
7760,X-COM: UFO Defense,4.99,1220511600.0,2,False
7660,X-COM: Apocalypse,4.99,1220511600.0,2,False
7650,X-COM: Terror From the Deep,4.99,1178316120.0,2,False
7770,X-COM: Enforcer,4.99,1220511600.0,1,False
7730,X-COM: Interceptor,4.99,1220511600.0,1,False
38700,Toki Tori,4.99,1264720740.0,5,False
23450,Grand Ages: Rome,14.99,1237543200.0,6,False
38230,Hotel Giant 2,7.99,1264615260.0,1,False
10150,Prototype™,19.99,1244653200.0,19,False
13520,Far Cry®,9.99,1207069200.0,8,False
22300,Fallout 3,9.99,1225213200.0,32,False
41700,S.T.A.L.K.E.R.: Call of Pripyat,19.99,1265930340.0,40,False
16450,F.E.A.R. 2: Project Origin,14.99,1234458000.0,22,False
9460,Frontlines™: Fuel of War™,19.99,1204308000.0,5,False
4570,"Warhammer 40,000: Dawn of War - Anniversary Edition (Classic)",14.99,1186470000.0,14,False
9480,Saints Row 2,9.99,1231347600.0,14,False
20530,Red Faction,9.99,1249519500.0,3,False
20550,Red Faction II,9.99,1249591680.0,3,False
4530,Full Spectrum Warrior: Ten Hammers,9.99,1184655600.0,1,False
4520,Full Spectrum Warrior,9.99,1184655600.0,1,False
11200,Shadowgrounds Survivor,9.99,1195066800.0,2,False
40100,Supreme Commander 2,12.99,1267505580.0,60,False
2500,Shadowgrounds,6.99,1147071600.0,2,False
33230,Assassin's Creed 2,19.99,1268157600.0,94,False
46250,NecroVisioN: Lost Company,6.99,1266598740.0,2,False
39550,SpellForce 2 - Anniversary Edition,14.99,1256840520.0,5,False
39540,SpellForce - Platinum Edition,9.99,1257279780.0,4,False
46260,Star Wolves 3: Civil War,4.99,1267574400.0,2,False
42850,Arsenal of Democracy: A Hearts of Iron Game,9.99,1266971640.0,1,False
46270,Star Wolves,3.99,1267580040.0,1,False
46280,Star Wolves 2,3.99,1267579140.0,1,False
48110,Silent Hunter 5®: Battle of the Atlantic,9.99,1267658640.0,11,False
8190,Just Cause 2,14.99,1269327600.0,114,False
27810,Gridrunner Revolution,9.99,1266886260.0,1,False
27800,Space Giraffe,9.99,1237496400.0,1,False
6860,Hitman: Blood Money,9.99,1173942000.0,17,False
6920,Deus Ex: Invisible War,6.99,1175206320.0,10,False
44100,Super Laser  Racer,4.99,1266538800.0,1,False
6850,Hitman 2: Silent Assassin,8.99,1173942000.0,10,False
6900,Hitman: Codename 47,7.99,1173942000.0,10,False
34190,Sonic & SEGA All-Stars Racing,9.99,1267633740.0,4,False
6600,Bullet Candy,4.99,1171492200.0,1,False
6880,Just Cause,6.99,1173942000.0,3,False
35000,Mini Ninjas,9.99,1252429260.0,4,False
23380,Gyromancer,5.99,1258568520.0,1,False
8000,Tomb Raider: Anniversary,8.99,1181062800.0,7,False
8140,Tomb Raider: Underworld,8.99,1227286800.0,8,False
21970,R.U.S.E.™,29.99,1284073200.0,47,False
7000,Tomb Raider: Legend,6.99,1175206500.0,7,False
34600,Order of War™,7.99,1253236920.0,4,False
3700,Sniper Elite,7.99,1247774100.0,8,False
47700,Command & Conquer™ 4 Tiberian Twilight,6.96,1268768580.0,27,False
42120,Lead and Gold: Gangs of the Wild West,9.99,1270760400.0,22,False
20820,Shatter,1.99,1268692980.0,8,False
48700,Mount & Blade: Warband,19.99,1270038540.0,219,False
46410,Avencast: Rise of the Mage,4.99,1268847840.0,3,False
2200,Quake III Arena,14.99,1186183800.0,6,False
2320,Quake II,9.99,1186183800.0,3,False
2310,Quake,9.99,1186183800.0,4,False
34010,Alpha Protocol™,19.99,1275414180.0,18,False
564310,Serious Sam Fusion 2017 (beta),14.99,0.0,14,False
227560,Scourge: Outbreak,5.99,1396458300.0,2,False
40930,The Misadventures of P.B. Winterbottom,4.99,1271782200.0,6,False
49600,Beat Hazard,9.99,1271352420.0,19,False
25700,Madballs in Babo:Invasion,4.99,1253217600.0,2,False
6840,Commandos 3: Destination Berlin,4.99,1173942000.0,3,False
6800,Commandos: Behind Enemy Lines,4.99,1173942000.0,1,False
6810,Commandos: Beyond the Call of Duty,4.99,1173942000.0,1,False
6830,Commandos 2: Men of Courage,4.99,1173942000.0,3,False
45400,Fortix,0.99,1271264400.0,1,False
13560,Tom Clancy's Splinter Cell®,9.99,1207069200.0,6,False
33220,Tom Clancy's Splinter Cell Conviction™,9.99,1272388620.0,61,False
27920,Booster Trooper,1.99,1272061140.0,4,False
43500,M.U.D. TV,9.99,1271702940.0,6,False
13580,Tom Clancy's Splinter Cell Double Agent®,9.99,1234564200.0,6,False
12130,Manhunt,9.99,1199469240.0,2,False
12200,Bully: Scholarship Edition,14.99,1224622800.0,9,False
268540,The Whispered World Special Edition,19.99,1399401324.0,3,False
2810,X3: Reunion,9.99,1153465200.0,5,False
46730,Hazen: The Dark Whispers,8.99,1272478440.0,1,False
55000,Flotilla,9.99,1272561360.0,4,False
8930,Sid Meier's Civilization® V,29.99,1285077060.0,440,False
3990,Civilization IV®: Warlords,4.99,1175907180.0,2,False
19030,Rocket Knight,14.99,1273622400.0,2,False
3910,Sid Meier's Civilization® III Complete,4.99,1161759600.0,1,False
21980,Call of Juarez: Bound in Blood,9.99,1246556400.0,10,False
18700,And Yet It Moves,9.99,1238691600.0,2,False
49800,Flight of the Icarus,4.99,1273690800.0,2,False
31210,Tales of Monkey Island Complete Pack: Chapter 5 - Rise of the Pirate God,14.99,1260388380.0,3,False
31180,Tales of Monkey Island Complete Pack: Chapter 2 - The Siege of Spinner Cay,14.99,1250751600.0,3,False
31190,Tales of Monkey Island Complete Pack: Chapter 3 - Lair of the Leviathan,14.99,1254207600.0,3,False
37800,Quantz,9.99,1252013220.0,1,False
31200,Tales of Monkey Island Complete Pack: Chapter 4 - The Trial and Execution of Guybrush Threepwood,14.99,1256931180.0,3,False
31170,Tales of Monkey Island: Complete Season,14.99,1246950000.0,3,False
21090,F.E.A.R.,9.99,1274476380.0,13,False
8400,Geometry Wars: Retro Evolved,3.99,1182207600.0,1,False
10460,The Club™,14.99,1203548400.0,1,False
25980,Majesty 2,9.99,1253203140.0,9,False
32470,STAR WARS™ Empire at War - Gold Pack,19.99,1274833680.0,28,False
34830,Sniper: Ghost Warrior,7.99,1277395200.0,41,False
22610,Alien Breed: Impact,9.99,1275584700.0,8,False
33320,Prince of Persia: The Forgotten Sands™,9.99,1276016400.0,13,False
13500,Prince of Persia: Warrior Within™,9.99,1227294000.0,6,False
13600,Prince of Persia®: The Sands of Time,9.99,1227297660.0,7,False
6010,Indiana Jones® and the Fate of Atlantis™,5.99,1247071740.0,1,False
6040,The Dig®,5.99,1247072340.0,1,False
32340,LOOM™,5.99,1247072160.0,1,False
32310,Indiana Jones® and the Last Crusade™,5.99,1247071860.0,1,False
24410,Crusaders: Thy Kingdom Come,9.99,1255046400.0,1,False
42900,Hearts of Iron III: Semper Fi,4.99,1275936180.0,4,False
60800,Numen: Contest of Heroes,7.99,1275601020.0,4,False
42890,Sword of the Stars: Complete Collection,9.99,1275678240.0,5,False
22380,Fallout: New Vegas,9.99,1287474420.0,292,False
22500,Spectromancer,6.99,1234393200.0,2,False
33680,eversion,4.99,1275929280.0,1,False
42500,DogFighter,3.99,1276543380.0,6,False
47790,Medal of Honor™,19.99,1286900040.0,45,False
17410,Mirror's Edge™,19.99,1231920000.0,18,False
24720,SPORE™ Galactic Adventures,19.99,1245776400.0,10,False
17440,SPORE™ Creepy & Cute Parts Pack,19.99,1229673600.0,10,False
2630,Call of Duty® 2,19.99,1160784120.0,4,False
2620,Call of Duty® (2003),19.99,1160759400.0,3,False
2640,Call of Duty: United Offensive,19.99,1160784180.0,3,False
12810,Overlord II,9.99,1245740400.0,8,False
12710,Overlord™: Raising Hell,9.99,1204239600.0,7,False
32460,Monkey Island™ 2 Special Edition: LeChuck’s Revenge™,9.99,1278529560.0,22,False
22200,Zeno Clash,9.99,1240336800.0,3,False
11450,Overlord™,4.99,1193432400.0,5,False
39500,Gothic® 3,19.99,1259803020.0,8,False
1520,DEFCON,29.99,1159552800.0,2,False
33930,Arma 2: Operation Arrowhead,19.99,1277829000.0,220,False
6980,Thief: Deadly Shadows,8.99,1175205600.0,9,False
42670,Singularity™,29.99,1277942280.0,10,False
12360,FlatOut: Ultimate Carnage Collector's Edition,19.99,1219734000.0,4,False
37000,The Void,9.99,1260905460.0,2,False
21130,LEGO® Harry Potter: Years 1-4,19.99,1277492880.0,7,False
21680,Bionic Commando: Rearmed,9.99,1248796800.0,2,False
1200,Red Orchestra: Ostfront 41-45,4.99,1142323200.0,3,False
21670,Bionic Commando,9.99,1248796800.0,1,False
39660,The Guild II - Pirates of the European Seas,9.99,1277405160.0,3,False
39650,The Guild II,9.99,1277405100.0,3,False
31270,Puzzle Agent,4.99,1278534120.0,3,False
58400,Turba,4.99,1278436140.0,1,False
46370,Rig n Roll,4.99,1278702840.0,2,False
46340,Theatre of War 2: Africa 1943,4.99,1278703980.0,3,False
33670,Disciples III - Renaissance Steam Special Edition,9.99,1279299600.0,12,False
25620,Eschalon: Book II,5.99,1278961020.0,1,False
46440,Future Wars,4.99,1279213680.0,1,False
46380,Reign: Conflict of Nations,3.99,1278952140.0,1,False
46360,Theatre of War 2: Kursk 1943,4.99,1278705240.0,2,False
6060,"STAR WARS™ Battlefront II (Classic, 2005)",9.99,1247072040.0,25,False
50130,Mafia II (Classic),29.99,1300813200.0,59,False
24780,SimCity™ 4 Deluxe Edition,19.99,1279642920.0,80,False
40990,Mafia,14.99,,12,False
25930,East India Company,9.99,1249070400.0,1,False
40300,Risen,14.99,1254503700.0,14,False
221180,Eufloria HD,6.9,1413320606.0,6,False
49300,Commander: Conquest of the Americas,9.99,1280518800.0,6,False
28000,Kane & Lynch 2: Dog Days,9.99,1282064400.0,19,False
34920,Razor2: Hidden Skies,7.99,1279562460.0,1,False
22600,Worms Reloaded,19.99,1282838400.0,44,False
39680,The Guild II Renaissance,9.99,1280332440.0,5,False
63610,Riven (1997),5.99,1280957100.0,1,False
60700,Power of Defense,9.99,1280955600.0,1,False
63620,Cosmic Osmo and the Worlds Beyond the Mackerel,5.99,,1,False
63630,The Manhole: Masterpiece Edition,5.99,0.0,1,False
63640,Spelunx and the Caves of Mr. Seudo,5.99,0.0,1,False
63650,URU: Complete Chronicles,9.99,1280890200.0,1,False
63110,Alter Ego,9.99,1280871360.0,1,False
39800,Nation Red,2.99,1252015200.0,6,False
42960,Victoria II,19.99,1283212380.0,19,False
42980,Victoria I Complete,9.99,1282335540.0,4,False
50510,Burn Zombie Burn!,9.99,1281637740.0,2,False
2280,DOOM + DOOM II,9.99,1186183800.0,2,False
22340,Call of Cthulhu®: Dark Corners of the Earth,4.99,1245168000.0,3,False
9010,Return to Castle Wolfenstein,4.99,1186183800.0,4,False
22310,Rogue Warrior,4.99,1259688540.0,2,False
9180,Commander Keen,4.99,1186183800.0,2,False
2270,Wolfenstein 3D,4.99,1186183800.0,2,False
9060,HeXen II,4.99,1186183800.0,2,False
22450,Hunted: The Demon’s Forge™,4.99,1306783260.0,9,False
39690,ArcaniA,19.99,1287160200.0,16,False
36000,Foreign Legion: Buckets of Blood,3.99,1249423200.0,1,False
46600,Swarm Arena,1.99,1282246200.0,2,False
50620,Darksiders™,19.99,1285275600.0,48,False
45740,Dead Rising® 2,19.99,1285646400.0,32,False
48800,Ship Simulator Extremes,19.99,1282925940.0,9,False
57200,Puzzle Dimension,9.99,1277136000.0,2,False
46770,Making History II: The War of the World,14.99,1282943520.0,1,False
70400,Recettear: An Item Shop's Tale,19.99,1287179640.0,23,False
57300,Amnesia: The Dark Descent,19.99,1283965200.0,122,False
62100,Chime,4.99,1283792400.0,4,False
57620,Patrician IV,29.99,1284751500.0,13,False
4850,Cossacks: Back to War,4.99,1283467380.0,1,False
70300,VVVVVV,4.99,1283907000.0,5,False
63910,King's Bounty: Crossworlds,14.99,1284754020.0,10,False
22180,Penumbra Overture,9.99,1236380400.0,2,False
70110,Hacker Evolution: Untold,2.99,1284488040.0,2,False
70100,Hacker Evolution,2.99,1284488040.0,1,False
6030,STAR WARS™ Jedi Knight II - Jedi Outcast™,9.99,1253124900.0,9,False
6000,STAR WARS™ Republic Commando™,9.99,1247072220.0,7,False
9940,Blade Kitten,4.99,1400744160.0,2,False
32380,STAR WARS™ Jedi Knight: Dark Forces II,5.99,1253124720.0,5,False
32350,STAR WARS™ Starfighter™,5.99,1247072280.0,2,False
35130,Lara Croft and the Guardian of Light,9.99,1285693200.0,31,False
43000,Front Mission Evolved,9.99,1285657260.0,13,False
22650,Alien Breed 2: Assault,9.99,1285173420.0,3,False
70900,Star Ruler,7.99,1285025700.0,4,False
41060,Serious Sam Classic: The Second Encounter,5.99,1567180568.0,2,False
227780,Serious Sam Classics: Revolution,9.99,1567180577.0,2,False
41050,Serious Sam Classic: The First Encounter,5.99,1567180573.0,2,False
63800,Delve Deeper,4.99,1285347780.0,2,False
40350,Lost Horizon,19.99,1285353300.0,3,False
32150,Everyday Genius: SquareLogic,4.99,1256145900.0,1,False
18040,DeathSpank,14.99,1288051200.0,13,False
6120,Shank,9.99,1288051200.0,9,False
42920,The Kings' Crusade,9.99,1286586780.0,4,False
2840,X: Beyond the Frontier,4.99,1286582460.0,1,False
2850,X: Tension,4.99,1286583060.0,1,False
46450,Grotesque Tactics: Evil Heroes,9.99,1287164640.0,7,False
65540,Gothic 1,19.99,0.0,3,False
67000,The Polynomial - Space of the music,6.99,1287182460.0,5,False
35460,The Ball,9.99,1288117260.0,10,False
39510,Gothic II: Gold Edition,19.99,,2,False
61520,Age of Wonders Shadow Magic,9.99,1286899980.0,1,False
57800,Doc Clock: The Toasted Sandwich of Time,4.99,1287165240.0,1,False
42700,Call of Duty®: Black Ops,39.99,1289314800.0,124,False
1640,Disciples II: Gallean's Return,5.99,1152169200.0,1,False
1630,Disciples II: Rise of the Elves ,5.99,1152169200.0,1,False
32500,STAR WARS™: The Force Unleashed™ II,19.99,1288135260.0,23,False
47810,Dragon Age: Origins - Ultimate Edition,29.99,1288137960.0,82,False
2450,Bloody Good Time,4.99,1288368000.0,5,False
90200,Farming Simulator 2011,7.99,1288367280.0,24,False
46750,Dark Fall: Lost Souls,10.99,1271881800.0,1,False
11050,Dracula: Origin,9.99,1218092400.0,1,False
19000,Silent Hill Homecoming,39.99,1225994400.0,2,False
63700,BIT.TRIP BEAT,9.99,1288713600.0,7,False
46290,Theatre of War,3.99,1278703440.0,1,False
65400,Archon Classic,9.99,1288731480.0,1,False
33990,Alternativa,12.99,1288975020.0,1,False
78000,Bejeweled® 3,4.99,1291730400.0,8,False
9980,The UnderGarden,6.99,1289408880.0,2,False
20920,The Witcher 2: Assassins of Kings Enhanced Edition,19.99,1334626800.0,152,False
22670,Alien Breed 3: Descent,9.99,1290016680.0,2,False
62000,Flight Control HD,4.99,1290103200.0,2,False
61600,Zen Bound 2,4.99,1289944320.0,1,False
41730,Ion Assault,9.99,1290009600.0,1,False
40800,Super Meat Boy,14.99,1291155780.0,40,False
9500,Gish,9.99,1184954400.0,2,False
58200,Jolly Rover,9.99,1275930000.0,1,False
26500,Cogs,5.99,1239733800.0,5,False
18050,DeathSpank: Thongs of Virtue,14.99,1291139640.0,5,False
3480,Peggle Deluxe,4.99,1173168000.0,2,False
63500,Swords and Soldiers HD,5.99,1291312800.0,5,False
40380,nail'd,4.99,1291157340.0,1,False
55140,MX vs. ATV Reflex,19.99,1290802860.0,2,False
38720,RUSH,4.99,1291399200.0,3,False
15520,AaAaAA!!! - A Reckless Disregard for Gravity,9.99,1252009680.0,4,False
3720,Evil Genius,9.99,1245704400.0,3,False
48950,Greed Corp,9.99,1292006460.0,7,False
15750,Oddworld: Stranger's Wrath HD,9.99,1292867100.0,7,False
63200,Monday Night Combat,4.99,1295917200.0,16,False
15740,Oddworld: Munch's Oddysee,4.99,1292867100.0,2,False
19980,Prince of Persia®,9.99,1228932000.0,5,False
21000,LEGO® Batman™: The Videogame,19.99,1222714800.0,4,False
15700,Oddworld: Abe's Oddysee®,2.99,1219906800.0,2,False
15710,Oddworld: Abe's Exoddus®,2.99,1219906800.0,2,False
13530,Prince of Persia: The Two Thrones™,9.99,1227294000.0,4,False
15390,Brothers in Arms: Hell's Highway™,9.99,1223485200.0,2,False
55100,Homefront,19.99,0.0,33,False
1238040,Dragon Age II: Ultimate Edition,29.99,1591284861.0,30,False
33390,Zeit²,9.99,1294855200.0,1,False
57650,Dungeons,9.99,1297360620.0,23,False
47780,Dead Space™ 2,19.99,1295942400.0,35,False
80000,APOX,14.99,1295548200.0,3,False
25808,Europa Universalis III: Divine Wind,9.99,1295634720.0,2,False
42910,Magicka,9.99,1295970660.0,109,False
92300,A.R.E.S.: Extinction Agenda,4.99,1295460780.0,4,False
47890,The Sims™ 3,19.99,1296149700.0,374,False
18000,"Precipice of Darkness, Episode One",7.99,0.0,3,False
18020,"Precipice of Darkness, Episode Two",7.99,1226044800.0,3,False
7520,Two Worlds II HD,24.99,1296772380.0,37,False
63660,Myst: Masterpiece Edition,5.99,1296690360.0,1,False
620,Portal 2,9.99,1303186800.0,209,False
64000,Men of War: Assault Squad,9.99,1298592000.0,27,False
73010,Cities in Motion,19.99,1298398080.0,24,False
48190,Assassin’s Creed® Brotherhood,19.99,1300813200.0,64,False
33770,Drakensang: The River of Time,19.99,1297879200.0,1,False
65560,Painkiller Redemption,4.99,1298655900.0,2,False
92900,Agricultural Simulator 2011: Extended Edition,2.99,1298484420.0,2,False
63710,BIT.TRIP RUNNER,9.99,1298923800.0,7,False
80200,Fate of the World,9.99,1298930160.0,6,False
92800,SpaceChem,9.99,1299093600.0,9,False
71250,Sonic Adventure DX,7.99,1299261600.0,3,False
99700,NightSky,9.99,1299007140.0,2,False
48220,Might & Magic: Heroes VI,9.99,1318525200.0,104,False
18400,Crazy Machines 2,9.99,1213999200.0,2,False
55040,Atom Zombie Smasher,9.99,1300130580.0,8,False
93200,Revenge of the Titans,14.99,1300302000.0,7,False
91900,Post Apocalyptic Mayhem,9.99,1300394280.0,4,False
15210,Silent Hunter® III,9.99,1213340400.0,3,False
70000,Dino D-Day,9.99,1302316620.0,8,False
32510,LEGO® Star Wars™ III - The Clone Wars™,19.99,1300820340.0,5,False
65600,Gothic 3: Forsaken Gods Enhanced Edition,9.99,1300816560.0,1,False
91600,Sanctum,9.99,1302890400.0,26,False
63960,Theatre of War 3: Korea,6.99,1300986000.0,2,False
63000,HOARD,3.99,1301959980.0,9,False
55110,Red Faction®: Armageddon™,19.99,1307419200.0,17,False
15500,The Wonderful End of the World,9.99,1216278000.0,3,False
39160,Dungeon Siege III,14.99,1308628800.0,29,False
39200,Dungeon Siege II,6.99,1124175600.0,13,False
91200,Anomaly: Warzone Earth,9.99,1302284700.0,6,False
39190,Dungeon Siege,6.99,1302019920.0,13,False
46790,Armada 2526,14.99,1302294360.0,3,False
73170,Darkest Hour: A Hearts of Iron Game,9.99,1302271200.0,1,False
92700,Shadow Harvest: Phantom Ops,9.99,1302035040.0,2,False
41740,Cargo! The Quest for Gravity,9.99,1303407120.0,3,False
58570,The Next BIG Thing,4.99,1303405920.0,4,False
57680,The First Templar - Steam Special Edition,9.99,1305219600.0,4,False
58560,Runaway: A Twist of Fate,4.99,1303405200.0,1,False
48720,Mount & Blade: With Fire & Sword,9.99,1304425920.0,24,False
92000,Hydrophobia: Prophecy,4.99,1304964000.0,7,False
94600,Hector: Episode 1,14.99,,1,False
95300,Capsized,9.99,1304097360.0,5,False
35480,Dwarfs!?,9.99,1304531100.0,3,False
57900,Duke Nukem Forever,19.99,1308024000.0,25,False
105600,Terraria,9.99,1305568020.0,539,False
96200,Steel Storm: Burning Retribution,14.99,1305146640.0,2,False
96000,The Tiny Bang Story,4.99,1303497300.0,1,False
99400,Garshasp: The Monster Slayer,4.99,1304969400.0,2,False
105100,Lume,5.99,1304982900.0,1,False
9970,Star Raiders,9.99,1305146160.0,1,False
12330,Darkstar One,8.99,1202947200.0,1,False
45760,Ultra Street Fighter® IV,29.99,0.0,49,False
104600,Portal 2 - The Final Hours,1.99,1305668040.0,1,False
46500,Syberia,12.99,1305833340.0,2,False
3540,Peggle™ Nights,4.99,1224093600.0,2,False
12520,18 Wheels of Steel: American Long Haul,9.99,1201633200.0,1,False
46510,Syberia II,12.99,1305831360.0,2,False
98200,Frozen Synapse,24.99,1306436280.0,20,False
55150,"Warhammer 40,000: Space Marine - Anniversary Edition",39.99,1315281600.0,63,False
19800,Brothers in Arms: Earned in Blood™,9.99,1223622000.0,1,False
15190,Brothers in Arms: Road to Hill 30™,9.99,1210662000.0,1,False
13540,Tom Clancy's Rainbow Six® Vegas,9.99,1207785600.0,3,False
21800,Tom Clancy's EndWar™,9.99,1235587200.0,1,False
15300,Tom Clancy's Ghost Recon®,9.99,1216105200.0,2,False
19830,Tom Clancy's Rainbow Six® 3 Gold,9.99,1222374600.0,1,False
1510,Uplink,11.99,1156316400.0,1,False
46480,Still Life,7.99,1306954320.0,1,False
94200,Jamestown,9.99,1307552460.0,5,False
73190,Pride of Nations,19.99,1307480820.0,1,False
24670,Trainz™ Simulator 12,29.99,,1,False
50000,Nimbus,9.99,1288039380.0,1,False
3620,Zuma's Revenge!,4.99,1253039700.0,1,False
19680,Alice: Madness Returns,9.99,1308330000.0,20,False
21100,F.E.A.R. 3,19.99,1308639660.0,25,False
99900,Spiral Knights,39.99,1308069000.0,66,True
97000,Solar 2,9.99,1308330000.0,8,False
99100,Dungeons and Dragons: Daggerdale,14.99,1308930900.0,5,False
37400,"Time Gentlemen, Please! and Ben There, Dan That! Special Edition  Double Pack",4.99,1251231600.0,1,False
15170,Heroes of Might & Magic V,9.99,1210662000.0,2,False
2100,Dark Messiah of Might & Magic,9.99,1161759600.0,2,False
98800,Dungeons of Dredmor,7.99,1310576400.0,8,False
46540,Trapped Dead,4.99,1310763240.0,3,False
107300,Breath of Death VII,2.99,1310576400.0,3,False
107310,Cthulhu Saves the World,2.99,1310576400.0,3,False
55230,Saints Row: The Third,9.99,1321333200.0,125,False
95900,Air Conflicts: Secret Wars,5.99,1317402000.0,4,False
102200,Runespell: Overture,9.99,1311182220.0,1,False
47400,Stronghold 3 Gold,29.99,1337967540.0,43,False
57690,Tropico 4,14.99,1314896400.0,84,False
91700,E.Y.E: Divine Cybermancy,9.99,1311956700.0,11,False
2600,Vampire: The Masquerade - Bloodlines,19.99,1174546800.0,9,False
33460,From Dust,14.99,1313600400.0,17,False
70420,Chantelise - A Tale of Two Sisters,9.99,1311953400.0,2,False
27940,Dead Horde,3.99,1311790680.0,2,False
17710,Nuclear Dawn,9.99,1317058020.0,13,False
99300,Renegade Ops,15.0,1319666400.0,5,False
109200,Legend of Fae,9.99,1311703800.0,1,False
40980,Stronghold Legends: Steam Edition,14.99,1473958800.0,1,False
40960,Stronghold 2: Steam Edition,14.99,1507219200.0,1,False
7210,"Runaway, A Road Adventure",4.99,1173906600.0,1,False
35450,Red Orchestra 2: Heroes of Stalingrad with Rising Storm,19.99,1315951200.0,59,False
72850,The Elder Scrolls V: Skyrim,19.99,1320969600.0,302,False
48000,LIMBO,12.49,1312304220.0,36,False
9200,RAGE,9.99,1317700800.0,43,False
2210,Quake 4,14.99,1312479840.0,4,False
49330,Pirates of Black Cove,9.99,1312303260.0,2,False
49320,Woody Two-Legs: Attack of the Zombie Pirates,4.99,1288714800.0,1,False
107100,Bastion,14.99,1313514000.0,50,False
107200,Space Pirates and Zombies,9.99,1313427660.0,14,False
98100,Trauma,2.99,1312822800.0,1,False
38740,EDGE,6.99,1313078760.0,2,False
112100,Avadon: The Black Fortress,9.99,1313598720.0,3,False
18070,The Baconing,14.99,1314813180.0,5,False
111800,Blocks That Matter,4.99,1313794680.0,2,False
70120,Hacker Evolution Duality,2.99,1313427600.0,3,False
41070,Serious Sam 3: BFE,29.99,1321986000.0,46,False
63940,Men of War: Vietnam,7.99,1315526160.0,8,False
46560,Robin Hood: The Legend of Sherwood,7.99,1314381360.0,1,False
97130,Kohan II: Kings of War,9.99,1314223620.0,1,False
98400,Hard Reset Extended Edition,14.99,1342114440.0,8,False
16720,Velvet Assassin,5.99,1241229900.0,2,False
102810,Gatling Gears,9.99,1314721320.0,1,False
111600,Serious Sam Double D XXL,9.99,1314723600.0,2,False
109700,Achron,19.99,1314637200.0,1,False
33520,Tropico Reloaded,6.99,1248649200.0,1,False
22230,Rock of Ages,9.99,1315416600.0,7,False
46520,Wasteland Angel,4.99,1314892200.0,1,False
70600,Worms Ultimate Mayhem,16.99,1317229200.0,11,False
43190,The Haunted: Hells Reach,8.99,1319515200.0,5,False
12500,PuzzleQuest: Challenge of the Warlords,9.99,1201593600.0,1,False
73210,Sengoku,9.99,1316104080.0,3,False
58550,A Game of Thrones - Genesis,9.99,1317230640.0,13,False
200550,Dungeons - The Dark Lord,9.99,1317142860.0,6,False
98600,Demolition Inc.,5.99,1316451600.0,5,False
24240,PAYDAY™ The Heist,9.99,1319129100.0,66,False
111400,Bunch of Heroes,4.99,1316628480.0,4,False
2610,GUN™,19.99,1160784000.0,1,False
113200,The Binding of Isaac,4.99,1317237600.0,53,False
9420,Supreme Commander: Forged Alliance,12.99,1317257520.0,4,False
9350,Supreme Commander,12.99,1317257580.0,3,False
200670,Disciples III - Resurrection,9.99,1318372860.0,3,False
65800,Dungeon Defenders,14.99,1319005680.0,90,False
102600,Orcs Must Die!,9.99,1318350600.0,32,False
45770,Dead Rising 2: Off the Record,19.99,1318350540.0,9,False
115100,Costume Quest,9.99,1318640400.0,6,False
201870,Assassin's Creed® Revelations,19.99,1322589600.0,54,False
65730,Take On Helicopters,19.99,1319725980.0,11,False
200260,Batman: Arkham City - Game of the Year Edition,19.99,1347037200.0,76,False
42990,Sword of the Stars II: Enhanced Edition,19.99,1354311840.0,11,False
110800,L.A. Noire,19.99,1320772620.0,53,False
71340,Sonic Generations Collection,51.79,1320364800.0,23,False
200910,Before the Echo,4.99,1319132940.0,2,False
70620,Worms Crazy Golf,9.99,1319029380.0,2,False
35720,Trine 2: Complete Story,19.99,1370538000.0,45,False
201490,Airline Tycoon 2,9.99,1319486880.0,8,False
22120,Penumbra: Black Plague Gold Edition,9.99,1232750460.0,1,False
11190,Sherlock Holmes versus Jack the Ripper,9.99,1261590180.0,1,False
42680,Call of Duty®: Modern Warfare® 3 (2011),39.99,1320764400.0,76,False
31100,Wallace & Gromit’s Grand Adventures,14.99,1237820400.0,1,False
110400,inMomentum,9.99,1320088680.0,1,False
201010,Geneforge 5: Overthrow,19.99,0.0,1,False
200990,Geneforge 3,19.99,0.0,1,False
201000,Geneforge 4: Rebellion,19.99,0.0,1,False
200960,Geneforge 1,19.99,0.0,1,False
200980,Geneforge 2,19.99,0.0,1,False
45450,Fortix 2,1.99,1304710860.0,1,False
63900,Fantasy Wars,4.99,1281119040.0,1,False
48240,Anno 2070™,19.99,1321556100.0,88,False
201290,Sins of a Solar Empire: Trinity®,9.99,1321465680.0,29,False
24420,Aquaria,9.99,1229381160.0,1,False
46570,Grotesque Tactics 2 – Dungeons and Donuts,9.99,1321899000.0,1,False
202860,Real Warfare 2: Northern Crusades,4.99,1321629300.0,1,False
200900,Cave Story+,14.99,1322002020.0,8,False
24460,King Arthur: Fallen Champions,4.99,1316190420.0,2,False
202200,Galactic Civilizations® II: Ultimate Edition,9.99,1322844180.0,11,False
91100,SkyDrift,9.99,1321896480.0,4,False
57400,Batman: Arkham City,19.99,1321380000.0,12,False
201510,FlatOut 3: Chaos & Destruction,9.99,1323798780.0,4,False
202710,Demigod,9.99,1323889500.0,4,False
23530,Earth Defense Force: Insect Armageddon,9.99,1323888480.0,5,False
204030,Fable - The Lost Chapters,9.99,1324314420.0,10,False
239430,Q.U.B.E: Director's Cut,9.99,1400664360.0,8,False
24480,King Arthur II: The Role-Playing Wargame,9.99,1327710540.0,10,False
67370,The Darkness II,29.99,1328825340.0,20,False
204120,LEGO® Harry Potter: Years 5-7,19.99,1325805960.0,5,False
57740,Jagged Alliance - Back in Action,19.99,1328724000.0,16,False
71000,Evochron Mercenary,14.99,1326756120.0,9,False
80360,Blackwell Deception,9.99,1326477600.0,1,False
65300,Dustforce DX,9.99,1326824820.0,4,False
18120,Unstoppable Gorg,9.99,1326996180.0,3,False
202530,Sonic the Hedgehog 4 - Episode I,9.99,1326996000.0,2,False
2990,FlatOut 2,9.99,1166744700.0,1,False
6220,FlatOut,7.49,1170455040.0,1,False
200410,SOL: Exodus,7.99,1327521300.0,2,False
35320,Insane 2,14.99,1327429380.0,1,False
204390,Pineapple Smash Crew ,9.99,1328205600.0,1,False
105800,PixelJunk™ Eden,9.99,1328208720.0,1,False
203210,Titan Attacks!,9.99,1328292000.0,1,False
204340,Serious Sam II,9.99,1328032080.0,2,False
58610,Wargame: European Escalation,9.99,1329964740.0,32,False
203770,Crusader Kings II,38.65,1329242400.0,339,True
204940,Crusader Kings Complete,9.99,1329242340.0,2,False
102840,Shank 2,9.99,1328635680.0,3,False
108710,Alan Wake,14.99,1329414600.0,31,False
203810,Dear Esther,9.99,0.0,9,False
10220,Postal III,5.99,1329500580.0,4,False
108110,Starpoint Gemini,13.99,1329423840.0,3,False
201570,Really Big Sky,4.99,1330106400.0,1,False
207490,Rayman® Origins,19.99,1333040460.0,12,False
108500,Vessel,4.99,1330627140.0,3,False
206690,iBomber Defense Pacific,5.99,1330627140.0,1,False
205870,Auditorium,6.99,1330451640.0,1,False
206760,Painkiller: Recurring Evil,9.99,1330536600.0,1,False
104000,iBomber Defense,5.99,1306429200.0,1,False
115110,Stacking,9.99,1331063760.0,4,False
207790,Jane's Advanced Strike Fighters,9.99,1331253840.0,2,False
3920,Sid Meier's Pirates!,9.99,1121065200.0,3,False
207320,Ys: The Oath in Felghana,14.99,1332174900.0,8,False
207420,Wizorb,2.99,1331756220.0,1,False
208110,Myst V: End of Ages,9.99,1331917560.0,1,False
207250,Cubemen,3.99,1331917080.0,3,False
205840,Yesterday,4.99,1332435600.0,4,False
40390,Risen 2: Dark Waters,9.99,1335499080.0,23,False
38420,Fallout Tactics: Brotherhood of Steel,9.99,1250665200.0,8,False
38410,Fallout 2: A Post Nuclear Role Playing Game,9.99,1250665200.0,9,False
38400,Fallout: A Post Nuclear Role Playing Game,9.99,1446400800.0,9,False
41900,The Bard's Tale ARPG: Remastered and Resnarkled,19.99,1260559680.0,2,False
203750,Binary Domain,14.99,1335510000.0,5,False
96800,Nexuiz,9.99,1336669200.0,3,False
102850,Warp,9.99,1332372060.0,3,False
10100,King's Quest™ Collection,19.99,1248369960.0,1,False
202310,Ridge Racer™ Unbounded,9.99,1333062000.0,4,False
204560,Confrontation,9.99,1333576800.0,6,False
202690,Hegemony Gold: Wars of Ancient Greece,14.99,1333125000.0,2,False
204880,Sins of a Solar Empire®: Rebellion,19.99,1339520340.0,64,False
207430,"Hack, Slash, Loot",5.99,1333660560.0,3,False
204860,Men of War: Condemned Heroes,7.99,1334250360.0,4,False
207170,Legend of Grimrock,14.99,1334161680.0,13,False
204100,Max Payne 3,19.99,1338518400.0,52,False
204060,Superbrothers: Sword & Sworcery EP,7.99,1334595600.0,4,False
208400,Avernum: Escape From the Pit,9.99,1334161320.0,3,False
205730,Insanely Twisted Shadow Planet,14.99,1334682000.0,3,False
65610,ArcaniA: Fall of Setarrif,14.99,1319492940.0,1,False
208600,Lunar Flight,14.99,1334077200.0,1,False
202370,Scary Girl,6.99,1333986120.0,1,False
207610,The Walking Dead,14.99,1335286800.0,79,False
208670,Blades of Time,9.99,1334971140.0,3,False
209120,Street Fighter X Tekken,12.99,1336751220.0,10,False
205610,Port Royale 3,29.99,1336150740.0,18,False
200710,Torchlight II,19.99,1348160400.0,91,False
98300,Toy Soldiers,9.99,1335562680.0,8,False
209830,Lone Survivor: The Director's Cut,9.99,1335223560.0,3,False
115320,Prototype 2,39.99,1343138280.0,24,False
209330,A Valley Without Wind,14.99,1335297480.0,1,False
228320,A Valley Without Wind 2,14.99,1361206800.0,1,False
203630,Warlock - Master of the Arcane,24.99,1336496400.0,11,False
80310,Gemini Rue,9.99,1319645640.0,1,False
208730,Game of Thrones,14.99,1339088400.0,17,False
209370,Analogue: A Hate Story,9.99,1335547500.0,2,False
237950,UFO: Afterlight,6.99,1389016726.0,1,False
208140,ENDLESS Space™ - Definitive Edition,9.99,1341421200.0,57,False
104900,ORION: Prelude,0.99,1366124760.0,9,False
202970,Call of Duty®: Black Ops II,39.99,1352719080.0,134,False
202750,Alan Wake's American Nightmare,8.99,1337706000.0,10,False
207690,Botanicula,14.99,1336411800.0,1,False
94300,The Dream Machine: Chapter 1 & 2,3.99,1336759740.0,2,False
212630,Tom Clancy's Ghost Recon: Future Soldier™,19.99,1340730360.0,22,False
205530,Gratuitous Tank Battles,9.99,1337272680.0,2,False
203650,Sonic the Hedgehog 4 - Episode II,9.99,1337065200.0,1,False
13630,Tom Clancy's Ghost Recon® Island Thunder™,4.99,1216105200.0,1,False
13620,Tom Clancy's Ghost Recon® Desert Siege™,4.99,1216105200.0,1,False
91330,Iron Front: Digital War Edition,14.99,1337965200.0,7,False
211740,Thief II: The Metal Age,6.99,1337707800.0,2,False
211600,Thief Gold (1999),6.99,1337707860.0,2,False
207080,Indie Game: The Movie,9.99,1339520400.0,3,False
108800,Crysis 2 - Maximum Edition,29.99,1300813560.0,19,False
200010,Quantum Conundrum,8.99,1340298000.0,8,False
207350,Ys Origin,19.99,1338485400.0,9,False
42170,Krater,14.99,1339522020.0,8,False
203140,Hitman: Absolution™,19.99,1353387600.0,49,False
211340,Magical Diary: Horse Hall,14.99,1338481860.0,1,False
10110,Space Quest™ Collection,19.99,1248370080.0,1,False
210950,Rune Classic,9.99,1339605180.0,1,False
209790,Splice,9.99,1339619820.0,1,False
213330,LEGO® Batman™ 2: DC Super Heroes,19.99,1340383560.0,8,False
65530,SpellForce 2: Faith in Destiny,14.99,1340126220.0,2,False
205910,Tiny and Big: Grandpa's Leftovers,11.99,1340124900.0,1,False
203830,The Dark Eye: Chains of Satinav,19.99,1340384400.0,2,False
214170,Divine Divinity,5.99,1341507600.0,2,False
16730,Legendary,5.99,1228165200.0,1,False
201790,Orcs Must Die! 2,14.99,1343664540.0,47,False
49520,Borderlands 2,19.99,1347940800.0,359,False
211580,Wanderlust: Rebirth,4.99,1343408100.0,2,False
212030,Kung Fu Strike - The Warrior's Rise,9.99,1343149200.0,2,False
212050,Resonance,14.99,1343230860.0,1,False
212410,Inversion™,9.99,1343343480.0,1,False
204300,Awesomenauts,19.99,1343840400.0,22,False
205100,Dishonored,9.99,1349755200.0,99,False
215160,The Book of Unwritten Tales,19.99,1343754660.0,4,False
108700,Death Rally,9.99,1344012960.0,3,False
1700,Arx Fatalis,4.99,1175583600.0,4,False
207750,Symphony,4.99,1344272400.0,4,False
730,Counter-Strike 2,14.99,1345568400.0,723,True
214340,Deponia,9.99,1344294300.0,7,False
115120,Iron Brigade,14.99,1344879180.0,2,False
211180,Unmechanical,9.99,1344443940.0,1,False
214360,Tower Wars,7.99,1344964980.0,6,False
206250,Cladun X2,9.99,1344964800.0,1,False
211070,Check vs Mate,24.99,1345133760.0,1,False
208580,STAR WARS™ Knights of the Old Republic™ II - The Sith Lords™,9.99,1345741020.0,23,False
212010,Galaxy on Fire 2™ Full HD,7.99,1345568400.0,4,False
205810,Jagged Alliance: Crossfire,14.99,1345827600.0,2,False
217290,Din's Curse,9.99,1345654800.0,1,False
214700,Thirty Flights of Loving,4.99,1345507860.0,1,False
214790,The Basement Collection,3.99,1346431500.0,2,False
215670,Home,4.99,1346432400.0,2,False
211260,They Bleed Pixels,9.99,1346265240.0,3,False
215390,Damage Inc. Pacific Squadron WWII,39.99,1346180040.0,1,False
65740,Carrier Command: Gaea Mission,32.99,1348851600.0,9,False
200510,XCOM: Enemy Unknown,14.99,1349755080.0,150,False
4920,Natural Selection 2,4.99,1351641600.0,36,False
206440,To the Moon,9.99,1347053880.0,6,False
7860,NecroVision,4.99,1242842400.0,1,False
72000,Closure,9.99,1347036900.0,1,False
212680,FTL: Faster Than Light,9.99,1347642000.0,51,False
200170,Worms Revolution,24.99,1349888400.0,20,False
214970,Intrusion 2,9.99,1347379860.0,1,False
208460,Tryst,14.99,1347642000.0,1,False
215470,Primal Carnage,4.99,1351530000.0,10,False
216210,Secret Files 3,9.99,1347576420.0,1,False
231430,Company of Heroes 2,19.99,1372179600.0,195,False
205650,The Testament of Sherlock Holmes,19.99,1348596000.0,7,False
217690,Anna - Extended Edition,9.99,1365808440.0,1,False
214910,Air Conflicts: Pacific Carriers,9.99,1348246800.0,1,False
214870,Painkiller Hell & Damnation,19.99,1351702800.0,8,False
217790,Dogfight 1942,9.99,1348250160.0,2,False
7510,X-Blades,12.99,1241121600.0,1,False
204360,Castle Crashers®,14.99,1348678800.0,39,False
209670,Cortex Command,19.99,1348852260.0,2,False
214830,Half Minute Hero: Super Mega Neo Climax Ultimate Boy,9.99,1348764240.0,6,False
220860,McPixel,4.99,1348603200.0,1,False
211160,Viking: Battle for Asgard,14.99,1350489600.0,5,False
216910,Of Orcs And Men,14.99,1349970720.0,10,False
220260,Farming Simulator 2013 Titanium Edition,14.99,1381362720.0,32,False
205230,Hell Yeah! Wrath of the Dead Rabbit,14.99,1349272800.0,2,False
204630,Retro City Rampage™ DX,14.99,1415728800.0,4,False
216890,Blood Bowl: Chaos Edition (Classic),14.99,1349974500.0,12,False
209730,R.A.W. Realms of Ancient War,4.99,1349969880.0,1,False
218040,Democracy 2,19.99,1349968080.0,2,False
219640,Chivalry: Medieval Warfare,24.99,1350405000.0,96,False
208200,DOOM 3,9.99,1350360000.0,12,False
214560,Mark of the Ninja,4.99,,18,False
218090,Unity of Command: Stalingrad Campaign,9.99,1350489120.0,2,False
209080,Guns of Icarus Online,4.99,1351530180.0,25,False
203350,King's Bounty: Warriors of the North,9.99,1351206000.0,4,False
200370,A Game of Dwarves,9.99,1351011600.0,4,False
220820,Zombie Driver HD,9.99,1350493200.0,1,False
8870,BioShock Infinite,29.99,1364269980.0,122,False
219910,Edna & Harvey: Harvey's New Eyes,19.99,1350409860.0,1,False
211400,Deadlight,14.99,1351184400.0,12,False
219150,Hotline Miami,9.99,1351012140.0,25,False
218640,Lucius,9.99,1351270800.0,2,False
223220,Giana Sisters: Twisted Dreams,14.99,1350946800.0,3,False
223470,POSTAL 2,9.99,1351877280.0,14,False
216130,Gemini Wars,9.99,1351878960.0,2,False
218410,Defender's Quest: Valley of the Forgotten (DX edition),14.99,1351619940.0,4,False
221020,Towns,4.99,1352313780.0,7,False
220240,Far Cry 3,19.99,1354644000.0,104,False
220740,Chaos on Deponia,19.99,1352224800.0,5,False
219740,Don't Starve,9.99,1366736400.0,119,False
222140,Puddle,7.99,1352484900.0,2,False
203160,Tomb Raider Game of the Year,19.99,1362459600.0,67,False
223730,Fly'N,9.99,1352484000.0,1,False
207040,Sine Mora,9.99,1352484000.0,3,False
218680,Scribblenauts Unlimited,19.99,1353398040.0,28,False
221260,Little Inferno,14.99,1353348000.0,8,False
213610,Sonic Adventure 2,9.99,1353349740.0,4,False
214510,LEGO® The Lord of the Rings™,19.99,1354043760.0,16,False
223430,Miner Wars 2081,4.99,1354119540.0,2,False
223510,Miasmata,14.99,1354127760.0,3,False
209190,Stealth Bastard Deluxe,12.99,1354130460.0,2,False
221640,Super Hexagon,2.99,1354039080.0,1,False
32440,LEGO® Star Wars™ - The Complete Saga,19.99,1258068960.0,8,False
209950,Triple Town,9.99,1354816800.0,1,False
227000,Primordia,9.99,1354730400.0,1,False
222980,Dead Pixels,2.99,1354903200.0,1,False
211970,Test Drive: Ferrari Racing Legends,19.99,1355162640.0,1,False
227200,Waking Mars,9.99,1355422680.0,1,False
221810,The Cave,14.99,1358982180.0,8,False
220440,DmC: Devil May Cry,29.99,1359090000.0,27,False
49540,Aliens: Colonial Marines Collection,29.99,1335855600.0,12,False
215710, Fieldrunners 2,9.99,1357840140.0,2,False
225640,Sacred 2 Gold,19.99,,4,False
212480,Sonic & All-Stars Racing Transformed Collection,19.99,1359651600.0,13,False
219200,Droid Assault,9.99,1357753680.0,1,False
211280,Primal Fears,4.99,1357653900.0,1,False
227300,Euro Truck Simulator 2,19.99,1350061200.0,632,False
228280,Baldur's Gate: Enhanced Edition,19.99,1358364780.0,15,False
208520,Omerta - City of Gangsters,24.99,1359655200.0,16,False
227580,"10,000,000",4.99,1358266620.0,1,False
209540,Strike Suit Zero,6.99,1358964000.0,9,False
368730,No Time To Explain Remastered,14.99,1437122085.0,2,False
219890,Antichamber,19.99,1359655200.0,16,False
219680,Proteus,9.99,1359567120.0,3,False
231140,Cities XL Platinum,9.99,1360183560.0,11,False
202130,Impire,19.99,1360866480.0,4,False
225260,Brutal Legend,14.99,1361901420.0,10,False
221040,Resident Evil 6,19.99,1363884600.0,32,False
227100,Sniper Elite: Nazi Zombie Army,14.99,1362071640.0,12,False
34870,Sniper: Ghost Warrior 2,9.99,1363060800.0,13,False
227760,March of the Eagles,19.99,1361210400.0,2,False
223810,Ys I & II Chronicles+,14.99,1360864800.0,3,False
231200,Kentucky Route Zero: PC Edition,24.99,1361551140.0,6,False
218060,BIT.TRIP Presents... Runner2: Future Legend of Rhythm Alien,14.99,1361902320.0,5,False
204240,The Bridge,9.99,1361556000.0,1,False
228760,TrackMania² Canyon,19.99,1361973180.0,4,False
220160,Trials Evolution: Gold Edition,19.99,1363885200.0,14,False
232910,TrackMania² Stadium,9.99,1371734460.0,5,False
229870,ShootMania Storm,19.99,1365581040.0,3,False
229970,Armada 2526 Gold Edition,19.99,1362096000.0,1,False
107410,Arma 3,29.99,1378969200.0,426,False
221380,Age of Empires II (Retired),19.99,1365548880.0,334,False
220660,StarDrive,29.99,1366998780.0,15,False
233700,Sword of the Stars: The Pit,9.99,,4,False
220200,Kerbal Space Program,39.99,1430154000.0,202,False
233860,Kenshi,29.99,1544108400.0,40,False
233450,Prison Architect,29.99,1444142880.0,96,False
233740,Organ Trail: Director's Cut,4.99,1363712400.0,1,False
227160,Kinetic Void,9.99,1416595941.0,7,False
230050,DLC Quest,2.99,1363626000.0,2,False
228260,Fallen Enchantress: Legendary Heroes,39.99,1369241820.0,12,False
226740,Monster Loves You!,9.99,1363626000.0,3,False
224500,Gnomoria,14.99,1456250400.0,2,False
234900,Anodyne,14.99,1363989420.0,1,False
232950,Bridge Project,19.99,1364490000.0,1,False
225420,Cities in Motion 2,19.99,1364922000.0,7,False
233470,Evoland,9.99,1365093900.0,5,False
230650,Lords of Football,14.99,1365180600.0,2,False
232050,Eador. Masters of the Broken World,19.99,1366390800.0,4,False
233270,Far Cry 3 - Blood Dragon,14.99,1367427600.0,21,False
222480,Resident Evil Revelations,19.99,1369108800.0,15,False
228440,Cubemen 2,7.99,1365445560.0,1,False
233720,Surgeon Simulator,9.99,1366390200.0,20,False
113020,Monaco: What's Yours Is Mine,14.99,1366815600.0,14,False
207930,Sacred Citadel,9.99,1366149600.0,1,False
224760,FEZ,9.99,1367425860.0,10,False
227080,Papo & Yo,14.99,1366304400.0,2,False
230700,La-Mulana,14.99,1366045200.0,3,False
222750,Wargame: Airland Battle,19.99,1369846800.0,25,False
232750,Mars: War Logs,4.99,1366966920.0,6,False
228300,Remember Me,29.99,1370318760.0,20,False
222880,Insurgency,14.99,1390421940.0,40,False
235360,Prime World: Defenders,9.99,1370464140.0,3,False
234650,Shadowrun Returns,14.99,1374771600.0,30,False
234160,Strike Suit Infinity,6.99,1367345640.0,1,False
215690,Zeno Clash 2,14.99,1367340300.0,2,False
234190,Receiver,4.99,1367253900.0,1,False
214950,Total War: ROME II - Emperor Edition,59.99,1378105200.0,204,False
210770,Sanctum 2,14.99,1368637200.0,14,False
204450,Call of Juarez: Gunslinger,14.99,1369242000.0,16,False
442120,Pinball FX Classic,19.97,1506422280.0,3,True
235250,Super Sanctum TD,4.99,1368117660.0,1,False
222730,Reus,9.99,1368723000.0,7,False
230190,War for the Overworld,29.99,1427993940.0,13,False
236730,Anomaly 2,14.99,1368637200.0,1,False
227380,Dragon's Lair,9.99,1368808980.0,1,False
215530,The Incredible Adventures of Van Helsing,14.99,1369237560.0,15,False
236090,Dust: An Elysian Tail,14.99,1369410480.0,13,False
218620,PAYDAY 2,9.99,1376392500.0,331,False
238890,Skyward Collapse,4.99,1369329660.0,1,False
231160,The Swapper,14.99,1369932300.0,5,False
206190,Gunpoint,9.99,1370278800.0,6,False
237430,Expeditions: Conquistador,19.99,1369932180.0,3,False
209160,Call of Duty®: Ghosts,39.99,1395765900.0,51,False
223830,Xenonauts,24.99,1402950060.0,6,False
230820,The Night of the Rabbit,24.99,1369771080.0,2,False
206420,Saints Row IV: Re-Elected,19.99,1376971200.0,68,False
236850,Europa Universalis IV,49.99,1376398800.0,334,False
238930,7 Grand Steps: What Ancients Begat,19.99,1370622240.0,1,False
236790,Agricultural Simulator 2013 - Steam Edition,4.99,1370598600.0,1,False
233980,UnEpic,12.99,1406273338.0,3,False
229480,Dungeons & Dragons: Chronicles of Mystara,14.99,1371574800.0,3,False
231740,Knights of Pen and Paper +1 Edition,9.99,1371542400.0,5,False
240600,MotoGP™13,9.99,1371769200.0,1,False
241600,Rogue Legacy,14.99,1372350600.0,25,False
403200,Legends of Dawn Reborn,29.99,1445363000.0,1,False
243950,Divinity: Dragon Commander,39.99,1375772460.0,11,False
238240,Edge of Space,14.99,1442509200.0,3,False
236370,Interstellar Marines,9.99,1372780800.0,7,False
243360,TrackMania² Valley,19.99,1372942800.0,2,False
225360,DARK,9.99,1372889160.0,3,False
217140,Rise of the Triad,14.99,1375292460.0,5,False
239800,Bleed,4.99,1372869900.0,1,False
204530,Infested Planet,14.99,1394138820.0,3,False
236130,Horizon,29.99,1391711460.0,2,False
238050,The Apogee Throwback Pack,9.99,1372693320.0,1,False
235600,Tom Clancy’s Splinter Cell Blacklist,19.99,1377018000.0,29,False
238870,Citadels,14.99,1374792540.0,3,False
218820,Mercenary Kings: Reloaded Edition,19.99,1395769080.0,5,False
242570,Space Hulk (Classic),19.99,1376586000.0,11,False
233370,The Raven - Legacy of a Master Thief,19.99,0.0,3,False
226720,LOST PLANET® 3,24.99,1377576000.0,9,False
65930,The Bureau: XCOM Declassified,19.99,1376971200.0,13,False
241410,CastleStorm,9.99,1375113480.0,5,False
234390,Teleglitch: Die More Edition,12.99,1374670800.0,2,False
245170,Skullgirls 2nd Encore,24.99,1377167400.0,12,False
244030,Take On Mars,9.99,1486655344.0,2,False
234080,Castlevania: Lords of Shadow – Ultimate Edition,29.99,1377622800.0,13,False
230860,Cannon Brawl,14.99,1411138860.0,1,False
242550,Rayman® Legends,29.99,1378224000.0,12,False
237550,Realms of Arkania: Blade of Destiny,9.99,1375156980.0,1,False
239350,Spelunky,14.99,1375975980.0,10,False
239030,"Papers, Please",9.99,1375981200.0,29,False
209000,Batman™: Arkham Origins,19.99,1382673300.0,35,False
214770,Guacamelee! Gold Edition,14.99,1375981200.0,3,False
225160,Shadow Warrior Classic Redux,9.99,1373294460.0,2,False
237630,DuckTales: Remastered,14.99,1376412720.0,7,False
239070,Hammerwatch,9.99,1376326800.0,7,False
206370,Tales From Space: Mutant Blobs Attack,9.99,1345050180.0,1,False
241620,Inquisitor,9.99,1375894800.0,1,False
232430,Gone Home,14.99,1376588640.0,9,False
239200,Amnesia: A Machine for Pigs,19.99,1378796400.0,12,False
238750,Might & Magic X - Legacy,29.99,1390464000.0,13,False
2870,X Rebirth,29.99,1384516740.0,14,False
233840,Worms Clan Wars,24.99,1376560800.0,5,False
229580,Dream,8.99,1438358214.0,2,False
242880,"Sir, You Are Being Hunted",19.99,1399044540.0,8,False
238320,Outlast,14.99,1378311120.0,30,False
244730,Divekick,4.99,1377017280.0,2,False
239820,Game Dev Tycoon,9.99,1377787500.0,26,False
237740,Angry Video Game Nerd Adventures,4.99,1379696340.0,5,False
243200,The Dark Eye: Memoria,19.99,1377813600.0,2,False
244070,Sid Meier’s Ace Patrol,4.99,1377622560.0,1,False
225080,Brothers - A Tale of Two Sons,14.99,1378227480.0,8,False
233130,Shadow Warrior,29.99,1380214260.0,20,False
249360,Zafehouse: Diaries,1.99,1378486800.0,1,False
227600,Castle of Illusion,14.99,1378314000.0,2,False
236150,Starpoint Gemini 2,34.99,1411747620.0,13,False
248610,Door Kickers,19.99,1413824940.0,4,False
222640,Aarklash: Legacy,15.99,1379005980.0,1,False
238280,Legend of Dungeon,9.99,1379086380.0,1,False
247240,Volgarr the Viking,9.99,1379091600.0,2,False
225320,Tomb Raider III (1998),6.99,1354125720.0,1,False
224960,Tomb Raider I (1996),6.99,1354125600.0,1,False
225300,Tomb Raider II (1997),6.99,1354125660.0,1,False
225020,Tomb Raider VI: The Angel of Darkness (2003),6.99,1354130400.0,1,False
224980,Tomb Raider IV: The Last Revelation (1999),6.99,1354125780.0,1,False
225000,Tomb Raider V: Chronicles (2000),6.99,1354125840.0,1,False
237890,Agarest: Generations of War,20.98,1391535180.0,7,False
236510,Takedown: Red Sabre,4.99,1392075120.0,2,False
227860,Castle Story,9.99,1503004836.0,8,False
226960,Ironclad Tactics,14.99,1379523720.0,1,False
249870,Scribblenauts Unmasked: A DC Comics Adventure,19.99,1380041880.0,7,False
242860,Verdun,19.99,1430218080.0,14,False
246980,InFlux,9.99,1379530440.0,1,False
242780,Cognition: An Erica Reed Thriller,14.99,1379574000.0,1,False
227020,Rise of Venice,24.99,1380301380.0,3,False
239160,Thief,19.99,1393545600.0,28,False
217920,Alien Rage - Unlimited,19.99,1380055440.0,1,False
255520,Viscera Cleanup Detail: Shadow Warrior,29.99,1381488900.0,4,False
236450,PAC-MAN™ Championship Edition DX+,9.99,1380060420.0,3,False
250520,UnderRail,14.99,1450447337.0,3,False
235800,Audiosurf 2,14.99,1432653318.0,4,False
242050,Assassin’s Creed® IV Black Flag™,39.99,0.0,93,False
250320,The Wolf Among Us,14.99,1381510620.0,28,False
207140,SpeedRunners,14.99,1461084489.0,11,False
245730,Flashback,9.99,1380646800.0,1,False
224860,Arma Tactics,8.99,1380636000.0,1,False
249330,Unholy Heights,3.99,1380908160.0,1,False
241910,Goodbye Deponia,19.99,1382047312.0,3,False
254960,Silent Storm Gold Edition,9.99,1380727980.0,1,False
246760,Legends of Eisenwald,19.99,1435857876.0,3,False
248450,Salvation Prophecy,19.99,1381171430.0,1,False
245470,Democracy 3,24.99,1381770086.0,18,False
243800,Gas Guzzlers Extreme,24.99,1381248467.0,2,False
247020,"Cook, Serve, Delicious!",12.99,1381252103.0,1,False
248710,Iesabel,4.99,1381514340.0,1,False
242680,Nuclear Throne,11.99,1449342000.0,3,False
221910,The Stanley Parable,14.99,1382024640.0,31,False
246090,Spacebase DF-9,9.99,1414434300.0,6,False
250400,How to Survive,14.99,1409295900.0,12,False
221680,Rocksmith® 2014 Edition REMASTERED LEARN & PLAY,9.99,1734627600.0,75,False
224460,Contrast,9.99,1384538340.0,4,False
214730,Space Rangers HD: A War Apart,14.99,1382039160.0,1,False
250460,Bridge Constructor,9.99,1381942680.0,1,False
247000,Talisman: Digital Classic Edition,6.99,1393351200.0,6,False
251410,Dark Matter,9.99,1382027040.0,1,False
254440,Pool Nation,6.99,1382115600.0,1,False
247660,Deadly Premonition: The Director's Cut,24.99,1383065640.0,3,False
234670,NARUTO SHIPPUDEN: Ultimate Ninja STORM 3 Full Burst HD,19.99,1382652060.0,12,False
244850,Space Engineers,19.99,1551376786.0,125,False
249990,FORCED: Slightly Better Edition,14.99,1382633760.0,9,False
238010,Deus Ex: Human Revolution - Director's Cut,19.99,1382727600.0,20,False
249130,LEGO® Marvel™ Super Heroes,19.99,1382458980.0,15,False
238430,Contagion,9.99,1382720400.0,13,False
245280,ENSLAVED™: Odyssey to the West™ Premium Edition,19.99,1382652000.0,3,False
215630,Demonicon,9.99,1382652000.0,2,False
256330,WRC 4 FIA World Rally Championship,9.99,1382687011.0,1,False
40970,Stronghold Crusader HD (2012),9.99,1382363040.0,2,False
252630,Eldritch,14.99,1382372350.0,1,False
261030,The Walking Dead: Season Two,14.99,1387302960.0,34,False
246580,The Typing of The Dead: Overkill,19.99,1383065580.0,5,False
247910,Sniper Elite: Nazi Zombie Army 2,14.99,1383238560.0,4,False
252330,Slender: The Arrival,19.99,1382978958.0,1,False
252030,Valdis Story: Abyssal City,14.99,1383152580.0,2,False
242700,Injustice: Gods Among Us Ultimate Edition,19.99,1384279200.0,13,False
244210,Assetto Corsa,19.99,1418978948.0,87,False
219990,Grim Dawn,24.99,1456423234.0,94,False
249650,Blackguards,9.99,1390406640.0,9,False
108600,Project Zomboid,24.99,1383930960.0,171,False
248820,Risk of Rain (2013),9.99,1383930480.0,16,False
237470,Battle Worlds: Kronos,19.99,1383584265.0,2,False
226620,Desktop Dungeons,14.99,1681837200.0,5,False
251990,Long Live The Queen,9.99,1383933683.0,3,False
248290,Reach for the Sun,4.99,1383852832.0,1,False
257350,Baldur's Gate II: Enhanced Edition,19.99,1384559820.0,8,False
231330,Deadfall Adventures,19.99,1384505880.0,1,False
247870,Redshirt,9.99,1384336367.0,1,False
258220,Blood Knights,9.99,1384363380.0,1,False
248390,Craft The World,18.99,1416856466.0,5,False
217200,Worms Armageddon,14.99,1363704780.0,1,False
211820,Starbound,14.99,1469205183.0,83,False
39150,FINAL FANTASY VIII,11.99,1386264720.0,9,False
262940,Broken Sword 5 - the Serpent's Curse,24.99,1386178140.0,3,False
252250,Maia,24.99,1542997983.0,1,False
252410,SteamWorld Dig,9.99,1386263782.0,1,False
257050,Darkout,9.99,1386151451.0,1,False
259060,Dominions 4: Thrones of Ascension,34.99,1386271337.0,1,False
221100,DayZ,49.99,1544724000.0,326,False
252490,Rust,39.99,1518112367.0,651,False
251570,7 Days to Die,44.99,1721925239.0,215,False
240760,Wasteland 2: Director's Cut,29.99,1411109683.0,28,False
249050,Dungeon of the ENDLESS™,11.99,1414429200.0,13,False
252530,OMSI 2: Steam Edition,29.99,1386781399.0,4,False
235620,Small World,9.99,1386781385.0,2,False
253030,Race The Sun,9.99,1386641400.0,2,False
245150,The Novelist,4.99,1386695940.0,1,False
235460,METAL GEAR RISING: REVENGEANCE,29.99,1389290340.0,19,False
25000,Overgrowth,19.99,1508175640.0,2,False
237990,The Banner Saga,24.99,1389722801.0,18,False
246420,Kingdom Rush  - Tower Defense,9.99,1389031980.0,1,False
94400,Nidhogg,9.99,1389634920.0,9,False
244450,Men of War: Assault Squad 2,29.99,1400180400.0,21,False
260210,Assassin’s Creed® Liberation HD,19.99,1389809100.0,7,False
264730,Deadly 30,4.99,1389202332.0,1,False
228380,Wreckfest,29.99,1528995513.0,35,False
230230,Divinity: Original Sin (Classic),39.99,1404148740.0,56,False
232790,Broken Age,14.28,1390931820.0,14,False
257970,Loren The Amazon Princess,19.99,1389799440.0,1,False
245050,SpellForce 2 - Demons of the Past,19.99,1389889289.0,1,False
263760,Turbo Dismount™,9.99,1400688236.0,1,False
254700,Resident Evil 4 (2005),19.99,1393563420.0,10,False
270850,Car Mechanic Simulator 2014,6.99,1390585620.0,5,False
224480,Octodad: Dadliest Catch,14.99,1391105053.0,8,False
213670,South Park™: The Stick of Truth™,29.99,1393908840.0,57,False
249570,The Castle Doctrine,3.99,1391017532.0,1,False
300550,Shadowrun: Dragonfall - Director's Cut,14.99,1411052400.0,10,False
262790,Our Darker Purpose,14.99,1391015587.0,1,False
250260,Jazzpunk: Director's Cut,14.99,1391792482.0,4,False
250180,METAL SLUG 3,7.99,1392400800.0,6,False
244430,realMyst: Masterpiece Edition,17.99,1391610480.0,1,False
259720,Fading Hearts,12.99,1391648451.0,1,False
252350,Double Dragon: Neon,9.99,1391709993.0,1,False
267530,The LEGO® Movie - Videogame,19.99,1391789340.0,4,False
239250,Castlevania: Lords of Shadow 2,39.99,1393351080.0,7,False
239840,Dead State: Reanimated,19.99,1417708833.0,2,False
263300,BlazBlue: Calamity Trigger,9.99,1392319633.0,2,False
10270,Disciples III: Reincarnation,9.99,1392372000.0,1,False
235210,STRIDER™ / ストライダー飛竜®,14.99,1392829140.0,3,False
227060,Hegemony Rome: The Rise of Caesar,14.99,1400168820.0,1,False
242920,Banished,19.99,1392746064.0,37,False
39210,FINAL FANTASY XIV Online,19.99,1392717300.0,608,False
246620,Plague Inc: Evolved,14.99,1455815042.0,62,False
253750,Ikaruga,9.99,1392746190.0,1,False
209060,Drunken Robot Pornography,14.99,1392831120.0,1,False
226840,Age of Wonders III,29.99,1396281600.0,35,False
270210,Melody's Escape,9.99,1463770947.0,1,False
266210,One Way Heroics,3.49,1393609561.0,1,False
269030,The Yawhg,9.99,1393517477.0,1,False
277590,Assassin's Creed Freedom Cry,14.99,1393351020.0,2,False
254590,Theme Park Studio,29.99,1480696887.0,1,False
236430,DARK SOULS™ II,39.99,1398409200.0,58,False
264200,One Finger Death Punch,4.99,1393864517.0,1,False
251060,Wargame: Red Dragon,29.99,1397754000.0,29,False
264140,Pixel Piracy,14.99,1406823224.0,6,False
251470,TowerFall Ascension,14.99,1394569260.0,3,False
268400,Panzer Corps Gold,29.99,1394640000.0,2,False
205990,Warlock 2: The Exiled,19.99,1397148240.0,7,False
233150,LUFTRAUSERS,9.99,1395160980.0,2,False
261760,Lichdom: Battlemage,9.99,1409072590.0,7,False
274980,Influent Language Learning Game,19.99,1395328260.0,1,False
258180,Deus Ex: The Fall,9.99,1395066780.0,1,False
266130,Breach & Clear,9.99,1395444623.0,1,False
226860,Galactic Civilizations III,29.99,1431622800.0,24,False
280220,Creeper World 3: Arc Eternal,14.99,1395943704.0,1,False
256370,MXGP - The Official Motocross Videogame,9.99,1396016280.0,1,False
245490,Trials Fusion™,19.99,1398358535.0,11,False
505170,Carmageddon: Max Damage,16.99,1477588440.0,4,False
282530,Castlevania: Lords of Shadow – Mirror of Fate HD,14.99,1395943620.0,1,False
265930,Goat Simulator,9.99,1396370178.0,51,False
243470,Watch_Dogs™,19.99,1401112800.0,40,False
266840,Age of Mythology: Extended Edition,29.99,1399568400.0,30,False
277430,Halo: Spartan Assault,2.99,1396630649.0,3,False
265120,Meridian: New World,6.99,1411748323.0,1,False
260130,Agarest: Generations of War Zero,19.99,1397750700.0,3,False
246900,Viscera Cleanup Detail,12.99,1445625837.0,2,False
274190,Broforce,14.99,1444918119.0,23,False
269110,Super Motherload,14.99,1396644660.0,1,False
285160,LEGO® The Hobbit™,19.99,1396980480.0,6,False
288370,Strike Suit Zero: Director's Cut,9.99,1396977439.0,1,False
250560,Fight The Dragon,9.99,1417714397.0,3,False
201810,Wolfenstein: The New Order,19.99,1400558400.0,34,False
245620,Tropico 5,19.99,1400858400.0,37,False
273070,The Last Federation,19.99,1397855916.0,2,False
286160,Tabletop Simulator,19.99,1433534260.0,92,False
272470,The Incredible Adventures of Van Helsing II,14.99,1402680600.0,8,False
289130,ENDLESS Legend™,29.99,1411055820.0,72,False
256290,Child of Light,14.99,1398841020.0,16,False
243220,FRACT OSC,14.99,1398185510.0,1,False
230840,Daylight,4.99,1398790800.0,2,False
243930,Bound By Flame,6.99,1399568220.0,7,False
413710,Blood and Gold: Caribbean!,19.99,1449771180.0,2,False
10130,TimeShift™,19.99,1248370020.0,1,False
237930,Transistor,19.99,1400602140.0,20,False
246070,Hack 'n' Slash,13.37,1410284700.0,2,False
244410,Supreme Ruler 1936,9.99,1399643346.0,1,False
225280,Full Mojo Rampage,12.99,1399564841.0,1,False
278080,DYNASTY WARRIORS 8: Xtreme Legends Complete Edition,49.99,1399996320.0,13,False
238460,BattleBlock Theater®,14.99,1400173260.0,16,False
269790,DreadOut,14.99,1400169660.0,1,False
256010,Jagged Alliance Flashback,19.99,1413899005.0,1,False
261470,Distant Worlds: Universe,29.99,1400886573.0,6,False
261110,Killer is Dead - Nightmare Edition,19.99,1400851800.0,3,False
274310,Always Sometimes Monsters,9.99,1400692380.0,1,False
286690,Metro 2033 Redux,19.99,1409026080.0,25,False
287390,Metro: Last Light Redux,19.99,1409025600.0,23,False
242760,The Forest,19.99,1525107509.0,449,False
238090,Sniper Elite 3,29.99,1403855880.0,34,False
250620,Among the Sleep - Enhanced Edition,16.99,1401382320.0,3,False
287450,Rise of Nations: Extended Edition,19.99,1402614900.0,9,False
239120,Final Fantasy III (3D Remake),15.99,1401202860.0,2,False
233290,Murdered: Soul Suspect,19.99,1401778800.0,6,False
278360,A Story About My Uncle,14.99,1401295920.0,1,False
287580,Pandora: First Contact,29.99,1401473460.0,3,False
292030,The Witcher 3: Wild Hunt,39.99,1431937260.0,399,False
261530,Lifeless Planet Premier Edition,9.99,1402043460.0,1,False
297750,Close Combat - Gateway to Caen,39.99,1402095279.0,1,False
256190,Enemy Front,19.99,1402426800.0,1,False
275670,Space Run,4.99,1402679340.0,4,False
268750,Magicite,9.99,1402339832.0,5,False
262830,Crimsonland,13.99,1402503408.0,1,False
209650,Call of Duty®: Advanced Warfare - Gold Edition,39.99,1415001600.0,39,False
265550,Dead Rising 3 Apocalypse Edition,29.99,1409949600.0,21,False
260230,Valiant Hearts: The Great War™ / Soldats Inconnus : Mémoires de la Grande Guerre™,14.99,1403715600.0,9,False
250760,Shovel Knight: Treasure Trove,42.72,1403806080.0,11,False
304650,SUNLESS SEA,18.99,1423243558.0,11,False
247950,Sacred 3,14.99,1407241800.0,6,False
255260,Pro Cycling Manager 2014,9.99,1403194500.0,4,False
373420,Divinity: Original Sin - Enhanced Edition,39.99,1445954700.0,37,False
265590,The Red Solstice,9.99,1436462400.0,2,False
214490,Alien: Isolation,39.99,1412607600.0,36,False
253510,WARMACHINE: Tactics,19.99,1416527580.0,3,True
313740,Sakura Spirit,9.99,1404941887.0,3,False
249230,Risen 3 - Titan Lords,14.99,1407858540.0,11,False
306130,The Elder Scrolls® Online,19.99,1495486800.0,597,False
221540,DG2: Defense Grid 2,9.99,1411485000.0,3,False
255070,Abyss Odyssey,14.99,1405439880.0,2,False
299340,Habitat,14.99,1453822473.0,1,False
269210,Hero Siege,7.99,1391013512.0,5,False
274290,Gods Will Be Watching,9.99,1406221213.0,2,False
274520,Darkwood,19.99,1502992909.0,5,False
274250,OlliOlli,12.99,1406044839.0,1,False
232890,Stronghold Crusader 2,39.99,1411419917.0,13,False
251150,The Legend of Heroes: Trails in the Sky,19.99,1406650800.0,4,False
247080,Crypt of the NecroDancer,14.99,1429806217.0,17,False
289650,Assassin's Creed® Unity,29.99,1415692800.0,47,False
298110,Far Cry® 4,29.99,1416286740.0,77,False
296470,Mount Your Friends,4.99,1406662902.0,2,False
290770,The Fall,9.99,1401469723.0,1,False
291930,Industry Empire,9.99,1406704605.0,1,False
272510,NARUTO SHIPPUDEN: Ultimate Ninja STORM Revolution,29.99,1410818400.0,15,False
313160,Farming Simulator 15,12.99,1414654680.0,72,False
293780,Crawl,14.99,1491897631.0,1,False
298480,Victory At Sea,7.99,1407525274.0,1,False
288470,Fable Anniversary,34.99,1410537600.0,19,False
258970,Gauntlet™ Slayer Edition,19.99,1411491180.0,18,False
265300,Lords Of The Fallen™ 2014,29.99,1414515480.0,9,False
307960,IL-2 Sturmovik: Battle of Stalingrad,49.99,1413995085.0,4,False
261640,Borderlands: The Pre-Sequel,39.99,1413258660.0,88,False
65980,Sid Meier's Civilization®: Beyond Earth™,39.99,1414083600.0,70,False
243970,"Invisible, Inc.",19.99,1431449340.0,6,False
319510,Five Nights at Freddy's,4.99,1408471623.0,13,False
298630,The Escapists,17.99,1423850400.0,40,False
294440,Shadowgate,14.99,1408640280.0,2,False
289520,King's Bounty: Dark Side,12.99,1408485120.0,1,False
285900,Gang Beasts,19.99,1513098600.0,52,False
261180,Lethal League,13.99,1409158800.0,5,False
262750,GoD Factory: Wingmen,9.99,1409335200.0,1,False
268050,The Evil Within,19.99,1413234000.0,20,False
250700,Super Time Force Ultra,14.99,1408989038.0,1,False
241930,Middle-earth™: Shadow of Mordor™,19.99,1412096400.0,66,False
250900,The Binding of Isaac: Rebirth,14.99,1415124000.0,149,False
304730,Train Fever,19.99,1409817600.0,5,False
302510,Ryse: Son of Rome,9.99,1412928638.0,20,False
310080,Hatoful Boyfriend,9.99,1409842800.0,1,False
265970,Worlds of Magic,11.99,1426792275.0,1,False
242640,Styx: Master of Shadows,19.99,1412696100.0,14,False
246940,Lords of the Black Sun,24.99,1410541678.0,1,False
6510,Lost Planet™: Extreme Condition,14.99,1182895200.0,2,False
290080,Life is Feudal: Your Own,19.99,1447781700.0,24,False
292120,FINAL FANTASY® XIII,15.99,1412873580.0,13,False
312750,Final Fantasy IV (3D Remake),15.99,1410973200.0,2,False
305620,The Long Dark,19.99,1501599420.0,40,False
239140,Dying Light,24.99,1422345480.0,209,False
258520,The Vanishing of Ethan Carter,19.99,1411686180.0,10,False
267490,Batman™: Arkham Origins Blackgate - Deluxe Edition,19.99,1396374240.0,2,False
300380,Road Redemption,19.99,1507126101.0,3,False
289930,TransOcean: The Shipping Company,19.99,1411509585.0,1,False
249190,Ancient Space,19.99,1411477408.0,1,False
253330,Neverending Nightmares,14.99,1411746857.0,1,False
50,Half-Life: Opposing Force,4.99,941443200.0,1,False
130,Half-Life: Blue Shift,4.99,991378800.0,1,False
20,Team Fortress Classic,4.99,922953600.0,1,False
241260,Sherlock Holmes: Crimes and Punishments,29.99,1412056800.0,3,False
307690,Sleeping Dogs: Definitive Edition,19.99,1412773260.0,12,False
251730,Legend of Grimrock 2,23.99,1413388380.0,4,False
301910,Saints Row: Gat out of Hell,14.99,1421769900.0,8,False
237850,Dreamfall Chapters,24.99,1500652800.0,5,False
292910,Deponia: The Complete Journey,29.99,1404834720.0,4,False
306660,Ultimate General: Gettysburg,19.99,1413487522.0,2,False
308420,Ziggurat,14.99,1414093920.0,2,False
318220,Enforcer: Police Crime Action,19.99,1414170140.0,1,False
299740,Miscreated,29.99,1545156104.0,24,False
321800,Icewind Dale: Enhanced Edition,19.99,1414681587.0,4,False
294860,Valkyria Chronicles™,19.99,1415697540.0,14,False
274940,Depth,19.99,1415037660.0,19,False
313690,LEGO® Batman™ 3: Beyond Gotham,19.99,1415728800.0,5,False
327410,A Bird Story,3.99,1415383460.0,1,False
305960,Dragon: The Game,17.99,1415398575.0,1,False
282070,This War of Mine,19.99,1415988000.0,49,False
332800,Five Nights at Freddy's 2,7.99,1415677740.0,5,False
330830,Tales from the Borderlands,19.99,1613523600.0,13,False
291650,Pillars of Eternity,29.99,1427385600.0,59,False
292140,FINAL FANTASY® XIII-2,19.99,1418317080.0,7,False
317620,Space Hulk: Ascension (Classic),19.99,1439389080.0,3,False
246110,MASSIVE CHALICE,19.99,1433178585.0,4,False
296570,Lords of Xulima,19.99,1415988593.0,1,False
276810,Mordheim: City of the Damned,19.99,1447956343.0,15,False
289950,Construction Simulator 2015,14.99,1416351578.0,4,False
295790,Never Alone (Kisima Ingitchuna),14.99,1416323613.0,6,False
312610,METAL SLUG X,7.99,1412269295.0,1,False
325610,Total War: ATTILA,44.99,1424160120.0,82,False
312370,"Warhammer 40,000: Armageddon (Classic)",19.99,1416999240.0,1,False
327890,I Am Bread,12.99,1428596606.0,8,False
311730,DEAD OR ALIVE 5 Last Round: Core Fighters,39.99,1427731080.0,7,True
289690,LARA CROFT AND THE TEMPLE OF OSIRIS™,19.99,1418080560.0,4,False
244770,StarMade,14.99,1417697809.0,4,False
541660,Disney Infinity 2.0: Gold Edition,29.99,1481329186.0,1,False
257510,The Talos Principle,29.99,1418317380.0,28,False
322330,Don't Starve Together,14.99,1461257940.0,266,False
233610,Distance,24.99,1537272621.0,1,False
294810,BlazBlue: Continuum Shift Extend,19.99,1418366760.0,2,False
319050,Chaos Reborn,9.99,1445846289.0,1,False
268870,Satellite Reign,29.99,1440743054.0,3,False
311340,METAL GEAR SOLID V: GROUND ZEROES,19.99,1418925060.0,12,False
314160,Microsoft Flight Simulator X: Steam Edition,24.99,1418924465.0,37,False
333600,NEKOPARA Vol. 1,9.99,1419904841.0,2,False
332500,GRAV,19.99,1420740518.0,5,False
304240,Resident Evil,19.99,1421729835.0,10,False
297000,Heroes® of Might & Magic® III - HD Edition,14.99,1422493560.0,5,False
326670,Warhammer Quest (Classic),29.99,1420653660.0,1,False
313010,Cities XXL,9.99,1423155300.0,5,False
342380,Sakura Angels,9.99,1421435280.0,1,False
313120,Stranded Deep,19.99,1660190966.0,21,False
290790,Grey Goo,29.99,1422025200.0,8,False
244160,Homeworld Remastered Collection,34.99,1424887200.0,29,False
324810,TOXIKK™,14.99,1473537600.0,2,True
339800,HuniePop,9.99,1421691540.0,7,False
316790,Grim Fandango Remastered,14.99,1422334980.0,7,False
323470,DRAGON BALL XENOVERSE,39.99,1424991600.0,43,False
314830,Blackguards 2,9.99,1421773140.0,1,False
300570,Infinifactory,24.99,1435686360.0,3,False
259660,Void Destroyer,3.99,1421765485.0,1,False
329490,Phantom Breaker: Battle Grounds Classic,14.99,1422057714.0,2,False
290340,Armello,24.99,1441123578.0,14,False
319630,Life is Strange - Episode 1,19.99,1422576000.0,64,True
282900,Hyperdimension Neptunia Re;Birth1,19.98,1422575700.0,9,False
346010,Besiege,14.99,1582034148.0,35,False
287290,Resident Evil Revelations 2,19.99,1424841060.0,14,False
312840,Fahrenheit: Indigo Prophecy Remastered,9.99,1422508152.0,1,False
262060,Darkest Dungeon®,24.99,1453226400.0,87,False
307780,Mortal Kombat X,19.99,1428984000.0,37,False
310510,Deathtrap,19.99,1423074248.0,1,False
323320,Grow Home,7.99,1423061707.0,3,False
208750,Apotheon,14.99,1422983301.0,1,False
311560,Assassin’s Creed® Rogue,19.99,1425960000.0,19,False
271240,Offworld Trading Company,29.99,1461855600.0,16,False
255710,Cities: Skylines,29.99,1426003200.0,464,False
296830,Lucius II,19.99,1423838984.0,1,False
331670,The Jackbox Party Pack,24.99,1417028122.0,3,False
333950,Medieval Engineers,9.99,1424368740.0,5,False
266510,Hand of Fate,19.99,1424183031.0,8,False
312790,Agarest: Generations of War 2,19.99,1424366652.0,1,False
329130,Reassembly,14.99,1424385496.0,1,False
237350,Frozen Cortex,24.99,1424368740.0,1,False
270450,Robot Roller-Derby Disco Dodgeball,9.99,1424368376.0,1,False
279940,The Book of Unwritten Tales 2,29.99,1424390347.0,2,False
314660,Oddworld: New 'n' Tasty,19.99,1424885460.0,4,False
274170,Hotline Miami 2: Wrong Number,14.99,1426003260.0,15,False
322520,DYNASTY WARRIORS 8 Empires,49.99,1424998740.0,2,False
354140,Five Nights at Freddy's 3,7.99,1425344118.0,3,False
280790,Creativerse,24.99,1494261360.0,2,False
301640,Zombie Army Trilogy,44.99,1425635460.0,15,False
208650,Batman™: Arkham Knight,19.99,1435078800.0,51,False
307880,Savage Lands,3.99,1639672834.0,7,False
282210,Sid Meier's Starships,14.99,1426179600.0,4,False
238370,Magicka 2,14.99,1432652400.0,12,False
264710,Subnautica,29.99,1516759200.0,193,False
344760,Reign Of Kings,9.99,1450226866.0,15,False
275100,Shelter 2,24.99,1425909600.0,2,False
293760,Automation - The Car Company Tycoon Game,29.99,1426176185.0,3,False
339200,Oceanhorn: Monster of Uncharted Seas,14.99,1426590549.0,1,False
350080,Wolfenstein: The Old Blood,19.99,1430798460.0,12,False
327670,Ironcast,14.99,1427374638.0,1,False
345660,RIDE,19.99,1427475600.0,1,False
301120,Eastside Hockey Manager,19.99,1448992680.0,1,False
245370,Etherium,9.99,1427309640.0,1,False
359320,Elite Dangerous,19.99,1427990400.0,162,False
335300,DARK SOULS™ II: Scholar of the First Sin,39.99,1427925660.0,58,False
270150,RUNNING WITH RIFLES,14.99,1427994154.0,6,False
346420,The Spatials,9.99,1427731250.0,1,False
324260,VoidExpanse,14.99,1427990751.0,1,False
252450,StarDrive 2,29.99,1428595882.0,4,False
295590,Hero Generations,5.99,1428684660.0,1,False
329430,State of Decay: YOSE,19.99,1430150400.0,4,False
297130,Titan Souls,14.99,1429029600.0,2,False
275200,Westerado: Double Barreled,14.99,1429203769.0,1,False
344840,Gratuitous Space Battles 2,9.99,1429224944.0,1,False
340730,Sunrider Academy,9.99,1429136275.0,1,False
232090,Killing Floor 2,29.99,1479478136.0,95,False
262280,Dungeons 2,19.99,1429890878.0,7,False
319910,Trine 3: The Artifacts of Power,21.99,1440082200.0,4,False
320300,Car Mechanic Simulator 2015,19.99,1429819020.0,18,False
354380,Assassin’s Creed® Chronicles: China,9.99,1429632000.0,1,False
318230,Convoy,14.99,1429621200.0,1,False
311210,Call of Duty®: Black Ops III,59.99,1446786000.0,305,False
248860,NEO Scavenger,14.99,1418672623.0,1,False
225540,Just Cause™ 3,19.99,1448928120.0,65,False
361670,STAR WARS™ - X-Wing Alliance™,9.99,1430237383.0,1,False
321960,Might & Magic® Heroes® VII,29.99,1443531600.0,10,False
251130,Chroma Squad,14.99,1430401740.0,1,False
355250,STAR WARS™: TIE Fighter Special Edition,9.99,1430237070.0,1,False
361690,STAR WARS™ X-Wing vs TIE Fighter - Balance of Power Campaigns™,9.99,1430237564.0,1,False
354430,STAR WARS™ - X-Wing Special Edition,9.99,1430237473.0,1,False
312540,Ys VI: The Ark of Napishtim,19.99,1430240321.0,1,False
362890,Black Mesa,19.99,1583518328.0,17,False
235380,Blitzkrieg 3,9.99,1496422920.0,1,False
303800,The Witcher Adventure Game,9.99,1417085880.0,1,False
326410,Windward,9.99,1431438020.0,2,False
332200,Axiom Verge,19.99,1431615570.0,2,False
329050,Devil May Cry 4 Special Edition,24.99,1435074900.0,14,False
363970,Clicker Heroes,47.94,1431565500.0,8,True
274270,NOT A HERO,19.99,1468000800.0,2,False
346940,Shadowrun: Hong Kong - Extended Edition,19.99,1440089997.0,4,False
359900,The Incredible Adventures of Van Helsing III,14.99,1432319684.0,1,False
358130,Curious Expedition,14.99,1472829462.0,1,False
332310,LEGO® Worlds,29.99,1488909960.0,18,False
351710,Hyperdimension Neptunia Re;Birth2: Sisters Generation,19.98,1432909380.0,4,False
341940,Hatred,5.99,1433178000.0,2,False
333980,AKIBA'S TRIP: Undead ＆ Undressed,19.99,1432659596.0,2,False
284160,BeamNG.drive,24.99,1432915575.0,85,False
348550,GUILTY GEAR XX ACCENT CORE PLUS R,14.99,1432688176.0,1,False
257170,Rebuild 3: Gangs of Deadsville,14.99,1432929813.0,2,False
368360,60 Seconds!,8.99,1432573200.0,2,False
350310,BLADESTORM: Nightmare,59.99,1432861140.0,1,False
249950,Forge Quest,0.99,1432943310.0,1,False
345610,The Fruit of Grisaia,39.99,1432966305.0,1,False
346110,ARK: Survival Evolved,14.99,1503856800.0,412,False
377160,Fallout 4,19.99,1447131600.0,305,False
312530,Duck Game,12.99,1433437184.0,8,False
253250,Stonehearth,19.99,1532551268.0,6,False
358090,D4: Dark Dreams Don’t Die -Season One-,14.99,1433545219.0,1,False
314710,Mighty No. 9,19.99,1466528400.0,1,False
352400,LEGO® Jurassic World,19.99,1434078000.0,6,False
359550,Tom Clancy's Rainbow Six Siege,19.99,1448992800.0,548,True
363130,Toukiden: Kiwami,59.99,1435280340.0,1,False
368370,Her Story,9.99,1435148171.0,2,False
359230,Lethis - Path of Progress,19.99,1435254695.0,1,False
322850,Pro Cycling Manager 2015,4.99,1434643200.0,6,False
368500,Assassin's Creed® Syndicate,29.99,1447909200.0,39,False
351970,Tales of Zestiria,49.99,1445292000.0,20,False
318020,Act of Aggression - Reboot Edition,29.99,1441212600.0,14,False
360150,How To Survive: Third Person Standalone,9.99,1435848060.0,1,False
274230,RONIN,19.99,1435666581.0,1,False
335670,LISA: The Painful,19.99,1418662821.0,1,False
331600,One Piece Pirate Warriors 3,39.99,1440712800.0,13,False
317820,Guild of Dungeoneering Ultimate Edition,19.99,1436887838.0,4,False
236690,Blood Bowl 2: Legendary Edition (Classic),29.99,1504626900.0,21,False
367450,Poly Bridge,9.99,1468342510.0,11,False
319280,Yatagarasu Attack on Cataclysm,14.99,1436277370.0,1,False
323380,The Magic Circle,19.99,1436455813.0,1,False
375910,Anno 2205™,39.99,1446505200.0,15,False
363600,Holy Potatoes! A Weapon Shop?!,9.99,1436803445.0,2,False
312780,Way of the Samurai 4,24.99,1437667260.0,3,False
280360,Interstellaria,9.99,1437152429.0,1,False
269770,Secrets of Grindea,14.99,1709229615.0,1,False
388090,Five Nights at Freddy's 4,7.99,1437686880.0,3,False
345180,Victor Vran ARPG,19.99,1437733620.0,6,False
285920,TerraTech,24.99,1533912960.0,13,False
361550,Cradle,12.99,1437749238.0,1,False
310890,Breach & Clear: Deadline Rebirth (2016),9.99,1437461886.0,1,False
340170,FINAL FANTASY TYPE-0™ HD,29.99,1439913600.0,5,False
287700,METAL GEAR SOLID V: THE PHANTOM PAIN,19.99,1441126800.0,47,False
345390,King's Quest,24.99,1438102680.0,3,True
302670,Call to Arms,14.99,1524837840.0,3,False
268650,From the Depths,24.99,1604684474.0,4,False
320340,Cosmonautica,9.99,1438361981.0,1,False
347830,Fairy Fencer F,9.99,1438711646.0,2,False
383120,Empyrion - Galactic Survival,19.99,1596621388.0,13,False
356040,Sheltered,14.99,1458066901.0,3,False
301860,Submerged,19.99,1438659449.0,1,False
365450,Hacknet,9.99,1439423785.0,6,False
240620,Wanderlust Adventures,9.99,1439252433.0,1,False
234140,Mad Max,19.99,1441090860.0,31,False
386070,Planetary Annihilation: TITANS,29.99,1439916937.0,6,False
339230,ZOMBI,19.99,1439910677.0,1,False
330390,GRANDIA II HD Remaster,19.99,1440431991.0,2,False
365770,Volume,19.99,1439881260.0,1,False
344850,Big Pharma,24.99,1440680392.0,4,False
230290,Universe Sandbox,29.99,1440459720.0,9,False
363440,Mega Man Legacy Collection,14.99,1440474960.0,3,False
359310,Evoland 2,19.99,1440510600.0,1,False
356570,Party Hard,9.99,1440518591.0,4,False
351910,Valhalla Hills,12.99,1449075838.0,2,False
308173,Hegemony III: Clash of the Ancients,29.99,1440521297.0,1,False
391720,Layers of Fear (2016),19.99,1455573240.0,6,False
359390,Amnesia™: Memories,9.99,1440525683.0,1,False
392470,NOBUNAGA'S AMBITION: Sphere of Influence,59.99,1441126800.0,2,False
296970,Renowned Explorers: International Society,19.99,1441198009.0,5,False
380150,STASIS,7.99,1441046721.0,1,False
337000,Deus Ex: Mankind Divided,29.99,1471968000.0,31,False
314410,Rampage Knights,12.99,1441388116.0,2,False
268500,XCOM® 2,19.99,1454648400.0,143,False
252110,Lovers in a Dangerous Spacetime,14.99,1441811685.0,1,False
282140,SOMA,29.99,1442904333.0,17,False
391540,Undertale,9.99,1442332762.0,75,False
310470,Grand Ages: Medieval,19.99,1443190920.0,3,False
252870,PULSAR: Lost Colony,19.99,1624378811.0,3,False
383980,Rivals of Aether,29.99,1490716800.0,6,False
235540,Warhammer: End Times - Vermintide,29.99,1445619600.0,39,False
303210,The Beginner's Guide,9.99,1443718848.0,2,False
348470,SAMURAI WARRIORS 4-II,49.99,1443546000.0,1,False
282560,RollerCoaster Tycoon World™,14.99,1479311520.0,5,False
367270,Angels Fall First,17.99,1783807188.0,3,False
323580,Jotun: Valhalla Edition,14.99,1443531178.0,3,False
388060,The Escapists: The Walking Dead,17.99,1443628800.0,1,False
341800,Keep Talking and Nobody Explodes,14.99,1444323566.0,16,False
310950,Street Fighter V,19.99,1455598800.0,48,False
382140,SKYHILL,9.99,1444132740.0,1,False
403190,Planetbase,14.99,1444953600.0,9,False
230070,The Age of Decadence,14.99,1444827622.0,2,False
375820,Human Resource Machine,14.99,1444938986.0,1,False
290300,Rebel Galaxy,19.99,1445355749.0,7,False
364360,Total War: WARHAMMER,59.99,1464073200.0,188,False
366220,Wurm Unlimited,29.99,1445442439.0,1,False
507490,Ashes of the Singularity: Escalation,29.99,1478800800.0,9,False
389870,Mugen Souls,19.99,1445501675.0,1,False
408990,Timber and Stone,4.99,1445359096.0,1,False
353270,Hyperdimension Neptunia Re;Birth3 V Generation,19.98,1446225360.0,4,False
365590,Tom Clancy’s The Division™,29.99,1457413200.0,91,False
251290,The Legend of Heroes: Trails in the Sky SC,29.99,1446134247.0,1,False
402020,The Park®,12.99,1445943360.0,1,False
360170,How to Survive 2,14.99,1473340713.0,8,False
377860,Mushihimesama,19.99,1447351200.0,1,False
400170,The Incredible Adventures of Van Helsing: Final Cut,44.99,1446832961.0,2,False
388410,Darksiders II Deathinitive Edition,29.99,1446746220.0,4,False
365960,rFactor 2,29.99,1447347637.0,1,False
324680,Impossible Creatures Steam Edition,9.99,1447247076.0,1,False
378720,Thea: The Awakening,19.99,1448020768.0,2,False
307670,Hard West,19.99,1447869600.0,2,False
410850,DRAGON QUEST HEROES™ Slime Edition,39.99,1449162000.0,5,False
349040,NARUTO SHIPPUDEN: Ultimate Ninja STORM 4,19.99,1454626680.0,54,False
324160,CLANNAD,44.99,1448308779.0,2,False
333300,ADOM (Ancient Domains Of Mystery),14.99,1447700357.0,1,False
394510,HELLDIVERS™ Dive Harder Edition,19.99,1449503100.0,20,False
418340,RWBY: Grimm Eclipse,19.99,1467744271.0,6,False
393420,Hurtworld,24.99,1576001114.0,14,False
371660,Far Cry® Primal,29.99,1456808400.0,39,False
377870,DARIUSBURST Chronicle Saviours,49.99,1449190140.0,2,False
376210,The Isle,19.99,1449026834.0,9,False
376300,GUILTY GEAR Xrd -SIGN-,29.99,1449673200.0,2,False
345350,LIGHTNING RETURNS™: FINAL FANTASY® XIII,19.99,1449761731.0,4,False
360940,The Mean Greens - Plastic Warfare,9.99,1449593929.0,3,False
339340,Resident Evil 0,19.99,1453226400.0,6,False
379720,DOOM,19.99,1463112000.0,70,False
390520,PewDiePie: Legend of the Brofist,7.99,1449734706.0,1,False
393380,Squad,39.99,1600884000.0,110,False
367500,Dragon's Dogma: Dark Arisen,29.99,1452876480.0,30,False
405820,Turok,19.99,1450375322.0,1,False
397340,SimplePlanes,12.99,1450358381.0,1,False
298030,Total Annihilation,4.99,1450428873.0,1,False
391220,Rise of the Tomb Raider™,29.99,1455037140.0,102,False
394310,Punch Club,9.99,1452286136.0,6,False
427730,Who's Your Daddy?!,9.99,1463163023.0,14,False
405640,Pony Island,4.99,1451928942.0,1,False
433340,Slime Rancher,19.99,1501603265.0,43,False
281610,Homeworld: Deserts of Kharak,49.99,1453312573.0,10,False
323060,Tharsis,14.99,1452585554.0,1,False
388880,Oxenfree,9.99,1452833940.0,4,False
419460,"That Dragon, Cancer",9.99,1452585572.0,1,False
387990,Scrap Mechanic,28.99,1784914041.0,37,False
311310,Naval Action,19.99,1560429660.0,7,False
210970,The Witness,39.99,1453828500.0,17,False
391730,Crashlands,14.99,1453381020.0,2,False
329440,Sonic Lost World,29.99,1446483600.0,2,False
323850,Move or Die,14.99,1453398630.0,5,False
398170,Evochron Legacy SE,24.99,1453140000.0,1,False
363150,Romance of the Three Kingdoms XIII,59.99,1453942680.0,12,False
363680,Battlefleet Gothic: Armada (Classic),14.99,1461258000.0,20,False
405310,LEGO® MARVEL's Avengers,19.99,1453830600.0,2,False
272270,Torment: Tides of Numenera,34.99,1488268793.0,5,False
400910,Rabi-Ribi,17.99,1454003842.0,2,False
372360,Tales of Symphonia,19.99,1454367420.0,2,False
270880,American Truck Simulator,19.99,1454433666.0,173,False
383870,Firewatch,19.99,1455040500.0,21,False
374320,DARK SOULS™ III,59.99,1460397600.0,198,False
401890,ARSLAN: THE WARRIORS OF LEGEND,59.99,1455036900.0,1,False
413410,Danganronpa: Trigger Happy Havoc,19.99,1455818220.0,8,False
420110,NEKOPARA Vol. 2,9.99,1455929009.0,4,False
429570,The Walking Dead: Michonne - A Telltale Miniseries,14.99,1456250340.0,2,False
405900,Disgaea PC,19.99,1456347600.0,3,False
326460,ShellShock Live,9.99,1590160678.0,19,False
313630,The Solus Project,19.99,1465320617.0,4,False
434650,Lost Castle / 失落城堡,14.38,1472691300.0,3,False
413150,Stardew Valley,14.99,1456509578.0,490,False
322500,SUPERHOT,24.99,1456435440.0,13,False
298050,Master of Orion,24.99,1472144340.0,8,False
427520,Factorio,35.0,1597395519.0,188,False
374040,Portal Knights,19.99,1495119986.0,17,False
410990,Master of Orion 3,9.99,1472144400.0,1,False
318600,The Flame in the Flood,14.99,1456321800.0,1,False
410980,Master of Orion 2,5.99,1456423980.0,1,False
275850,No Man's Sky,59.99,1471021020.0,182,False
421050,Deponia Doomsday,19.99,1456851540.0,1,False
388750,BlazBlue: Chronophantasma Extend,29.99,1456906466.0,1,False
324310,Bus Simulator 16,9.99,1456909258.0,1,False
365360,Battle Brothers,29.99,1490374260.0,10,False
314180,Deathsmiles,19.99,1457650011.0,1,False
387340,Hyperdimension Neptunia U: Action Unleashed,14.99,1458579628.0,3,False
388210,Day of the Tentacle Remastered,14.99,1458619298.0,6,False
394970,DEADBOLT,9.99,1457964180.0,1,False
375900,Trackmania® Turbo,39.99,1458838800.0,4,False
375450,NOBUNAGA'S AMBITION: Sphere of Influence - Ascension,59.99,1458780120.0,1,False
421120,Samorost 3,19.99,1458835338.0,1,False
418250,Polaris Sector,39.99,1458655019.0,1,False
257850,Hyper Light Drifter,19.99,1459414500.0,10,False
311690,Enter the Gungeon,14.99,1459861140.0,25,False
265000,FORCED SHOWDOWN,19.99,1459277940.0,1,False
426000,HunieCam Studio,6.99,1459787314.0,2,False
394690,Tower Unite,19.99,1745084401.0,1,False
400800,MXGP2 - The Official Motocross Videogame,14.99,1460040607.0,1,False
413420,Danganronpa 2: Goodbye Despair,19.99,1461026764.0,7,False
377840,FINAL FANTASY IX,20.99,1460617221.0,7,False
281990,Stellaris,49.99,1462809420.0,429,False
406290,Twilight Struggle,9.99,1460584210.0,1,False
419480,Starpoint Gemini Warlords,34.99,1495558885.0,6,False
411370,Melty Blood Actress Again Current Code,24.99,1461113875.0,1,False
360430,Mafia III: Definitive Edition,29.99,1589904000.0,24,False
281640,The Banner Saga 2,24.99,1461081600.0,1,False
427250,8-Bit Armies,14.99,1461344520.0,2,False
301650,Battlezone 98 Redux,19.99,1460994784.0,1,False
458000,March of the Living,14.99,1461153443.0,1,False
446020,Jalopy,14.99,1522256426.0,1,False
415480,Hyperdevotion Noire: Goddess Black Heart (Neptunia),14.99,1461690798.0,1,False
387290,Ori and the Blind Forest: Definitive Edition,19.99,1461769380.0,7,False
453090,Parkitect,29.99,1543511423.0,3,False
380220,Hover Junkers,19.99,1459865734.0,3,False
455910,STAR WARS™: Rogue Squadron 3D,9.99,1459266604.0,1,False
412740,Audioshield,19.99,1459865283.0,1,False
322770,Vanishing Realms™,19.99,1566586618.0,1,False
359870,FINAL FANTASY X/X-2 HD Remaster,29.99,1463068754.0,17,False
289070,Sid Meier’s Civilization® VI,59.99,1477022400.0,391,False
223100,Homefront®: The Revolution,19.99,1463504400.0,10,False
431240,Golf With Your Friends,23.99,1589907420.0,20,False
394360,Hearts of Iron IV,49.99,1465228620.0,386,False
428690,Youtubers Life,19.99,1486055904.0,11,False
283640,Salt and Sanctuary,17.99,1463504521.0,5,False
252470,Space Pirates And Zombies 2,19.99,1510076820.0,3,False
254320,Duskers,19.99,1463590680.0,1,False
383150,Dead Island Definitive Edition,19.99,1464678120.0,5,False
411830,SENRAN KAGURA SHINOVI VERSUS,19.99,1464800673.0,3,False
381210,Dead by Daylight,19.99,1465923600.0,523,False
269170,Sports Bar VR,19.99,1464801986.0,1,False
446390,Onechanbara Z2: Chaos,39.99,1464919178.0,1,False
361280,Turmoil,12.99,1464856331.0,5,False
407330,Sakura Dungeon,19.99,1464980395.0,1,False
407810,Hard Reset Redux,19.99,1464966000.0,1,False
350640,Sherlock Holmes: The Devil's Daughter,29.99,1465577829.0,2,False
409890,Stranger of Sword City,19.99,1465232344.0,1,False
280520,Crea,14.99,1465492965.0,1,False
327070,Gloria Victis: Medieval MMORPG,30.0,1781719200.0,3,True
283160,House of the Dying Sun,19.99,1478026452.0,1,False
447040,Watch_Dogs® 2,49.99,1480395600.0,67,False
322190,SteamWorld Heist,14.99,1465298736.0,1,False
488790,South Park™: The Fractured But Whole™,29.99,1508162400.0,35,False
408760,Pro Cycling Manager 2016,9.99,1466092800.0,2,False
403640,Dishonored 2,29.99,1478887200.0,37,False
338390,The Technomancer,9.99,1467132780.0,5,False
438640,LEGO® STAR WARS™: The Force Awakens,19.99,1467064800.0,5,False
311240,Zero Escape: Zero Time Dilemma,19.99,1467218899.0,3,False
304430,INSIDE,24.99,1467907200.0,20,False
460120,Megadimension Neptunia VII,23.98,1467748435.0,3,False
423230,Furi,19.99,1467709840.0,2,False
384490,NECROPOLIS: BRUTAL EDITION,29.99,1468342800.0,3,False
440630,The Brookhaven Experiment,11.99,1467748680.0,1,False
486780,Fruit Ninja VR,14.99,1481801062.0,1,False
383790,The Ship: Remasted,9.99,1477933514.0,1,False
294100,RimWorld,34.99,1539787596.0,407,False
436320,Raw Data,39.99,1507219355.0,4,False
410320,EARTH DEFENSE FORCE 4.1 The Shadow of New Despair,19.99,1468896178.0,9,False
441830,I am Setsuna,39.99,1468943940.0,4,False
452510,UNDER NIGHT IN-BIRTH Exe:Late,29.99,1468371420.0,1,False
447020,Farming Simulator 17,14.99,1477328400.0,75,False
498240,Batman - The Telltale Series,14.99,1470157200.0,7,False
477160,Human Fall Flat,19.99,1469206680.0,119,False
416680,Zombie Night Terror,12.99,1469015820.0,1,False
438490,GOD EATER 2 Rage Burst,49.99,1472508000.0,11,False
252610,Death Road to Canada,14.99,1469163660.0,1,False
320240,We Happy Few,59.99,1533916800.0,10,False
447820,Day of Infamy,14.99,1490299440.0,12,False
417290,Ghost of a Tale,19.99,1520961327.0,3,False
240440,Quadrilateral Cowboy,19.99,1469465673.0,1,False
458710,Kingdom Rush Frontiers - Tower Defense,9.99,1469448348.0,1,False
384190,ABZU,19.99,1470149811.0,4,False
443810,This Is the Police,14.99,1470152661.0,6,False
448510,Overcooked,20.49,1470240000.0,7,False
445310,Might and Magic: Heroes VII – Trial by Fire,29.99,1470312523.0,1,False
497850,8-Bit Hordes,14.99,1471021337.0,1,False
474750,Reigns,2.99,1470920820.0,2,False
454650,DRAGON BALL XENOVERSE 2,19.99,1477605600.0,53,False
426790,Grow Up,9.99,1471334547.0,1,False
458730,Conception II: Children of the Seven Stars,19.99,1471304645.0,1,False
327030,Worms W.M.D,29.99,1471968000.0,11,False
449800,Attack on Titan / A.O.T. Wings of Freedom,39.99,1472200616.0,5,False
306760,Obduction,29.99,1472047560.0,3,False
493340,Planet Coaster,44.99,1479398739.0,136,False
496460,Life is Feudal: Forest Village,22.48,1495824747.0,8,False
427100,Fernbus Simulator,29.99,1472108986.0,1,False
230270,N++ (NPLUSPLUS),14.99,1472142909.0,1,False
517710,Redout: Enhanced Edition,19.99,1472835472.0,2,False
499520,The Turing Test,24.99,1472576400.0,2,False
496240,Onward,24.99,1742930456.0,1,False
425220,One Piece Burning Blood,49.99,1472767200.0,4,False
324800,Shadow Warrior 2,29.99,1476370440.0,24,False
435530,The Final Station,14.99,1472578200.0,2,False
371200,Halcyon 6: Starbase Commander,14.99,1473400920.0,2,False
298900,Space Hulk: Deathwing,29.99,1481738400.0,15,False
423580,Project Highrise,19.99,1473333126.0,6,False
412830,STEINS;GATE,29.99,1473395430.0,5,False
361300,Mother Russia Bleeds,14.99,1473087600.0,1,False
397950,Clustertruck,14.99,1474997400.0,5,False
435150,Divinity: Original Sin 2 - Definitive Edition,59.48,1505401200.0,227,False
396750,EVERSPACE™,19.99,1495749946.0,11,False
427190,DEAD RISING®,9.99,1473728400.0,1,False
341000,Mad Games Tycoon,14.99,1473758960.0,2,False
504370,Battlerite,71.22,1510155240.0,38,True
333420,Cossacks 3,19.99,1474399080.0,5,False
357310,Oriental Empires,29.99,1505382116.0,2,False
374030,Virginia,9.99,1474556256.0,1,False
474960,Quantum Break,39.99,1475164647.0,9,False
511740,Gal*Gun: Double Peace,29.99,1474994160.0,2,False
422900,Particle Fleet: Emergence,14.99,1475172287.0,1,False
523000,Princess Maker 2 Refine,19.99,1475074666.0,1,False
496810,MegaTagmension Blanc + Neptune VS Zombies (Neptunia),19.98,1475521407.0,2,False
392110,ENDLESS Space™ 2,39.99,1495126440.0,40,False
506610,Five Nights at Freddy's: Sister Location,7.99,1475856488.0,2,False
280160,Aragami,19.99,1475595958.0,4,False
504210,SHENZHEN I/O,14.99,1479405644.0,1,False
292730,Call of Duty®: Infinite Warfare,59.99,1478231400.0,22,False
446800,Transport Fever,29.99,1478592060.0,16,False
362960,Tyranny,29.99,1478793600.0,17,False
464450,DoDonPachi Resurrection,29.99,1476406395.0,1,False
465240,Serious Sam VR: The Last Hope,29.99,1505920188.0,2,False
356400,Thumper,19.99,1476137037.0,1,False
392580,WARSHIFT,9.99,1476320718.0,1,False
434170,The Jackbox Party Pack 3,24.99,1476761618.0,7,False
516750,My Summer Car,14.99,1736372238.0,9,False
432100,Negligee,14.99,1476914520.0,2,False
489830,The Elder Scrolls V: Skyrim Special Edition,39.99,1477609200.0,335,False
115800,Owlboy,19.99,1478019185.0,3,False
393080,Call of Duty®: Modern Warfare® Remastered (2017),39.99,1501171200.0,4,False
447530,VA-11 Hall-A: Cyberpunk Bartender Action,14.99,1466492924.0,2,False
418370,Resident Evil 7 Biohazard,19.99,1485234000.0,64,False
415200,Motorsport Manager,19.99,1478721600.0,9,False
386940,Ultimate Chicken Horse,14.99,1457110821.0,6,False
475550,Beholder,13.99,1478710524.0,4,False
491530,Notruf 112 | Emergency Call 112,14.98,1478764578.0,1,False
451780,Trillion: God of Destruction,9.99,1478548740.0,1,False
553640,ICEY,10.99,1479395280.0,3,False
502520,Ultimate General: Civil War,29.99,1500049902.0,5,False
314790,Silence,19.99,1479229121.0,1,False
469820,Genital Jousting,6.99,1516286121.0,1,False
460920,Steep™,29.99,1480690800.0,20,False
403970,The Dwarves,39.99,1480615197.0,1,False
342180,Arizona Sunshine® VR Legacy,14.99,1481047200.0,9,False
536220,The Walking Dead: A New Frontier,14.99,1482256800.0,9,False
418240,Shadow Tactics: Blades of the Shogun,39.99,1481043392.0,16,False
480650,Yu-Gi-Oh! Legacy of the Duelist,19.99,1481133540.0,7,False
482450,Nitroplus Blasterz: Heroines Infinite Duel,19.99,1481219219.0,1,False
429660,Tales of Berseria™,49.99,1485471660.0,22,False
361420,ASTRONEER,29.99,1549429245.0,60,False
520440,GUILTY GEAR Xrd REV 2,29.99,1481727540.0,7,False
360830,Yooka-Laylee,19.99,1491926512.0,4,False
460930,Tom Clancy's Ghost Recon® Wildlands,49.99,1488862800.0,139,False
304390,FOR HONOR™,29.99,1487048400.0,123,False
352550,Urban Empire,29.99,1484933981.0,3,False
291860,Pit People®,19.99,1520010214.0,6,False
555220,Detention,11.99,1484235324.0,3,False
550010,Happy Room,4.99,1482172687.0,2,False
409850,Criminal Girls: Invite Only,19.99,1484157360.0,1,False
291550,Brawlhalla,39.99,1508259660.0,47,True
502370,"Warhammer 40,000: Sanctus Reach (Classic)",19.99,1484840460.0,1,False
440900,Conan Exiles Enhanced,39.99,1525776000.0,111,False
445220,Avorion,24.99,1583762484.0,7,False
495280,Disgaea 2 PC,19.99,1485799200.0,3,False
312660,Sniper Elite 4,59.99,1487030400.0,55,False
389730,TEKKEN 7,39.99,1496354340.0,64,False
446790,Diluvion: Resubmerged,19.99,1486058400.0,1,False
526160,The Wild Eight,24.99,1570125990.0,3,False
527280,Nights of Azure,29.99,1486490400.0,1,False
518790,theHunter: Call of the Wild™,19.99,1487238000.0,196,False
524580,Fairy Fencer F Advent Dark Force,20.78,1487106100.0,3,False
457140,Oxygen Not Included,24.99,1564505466.0,65,False
502280,BERSERK and the Band of the Hawk,59.99,1487700000.0,2,False
553260,Realpolitiks,14.99,1487267984.0,1,False
466560,Northgard: Definitive Edition,34.99,1520434717.0,50,False
503560,911 Operator,14.99,1487934081.0,3,False
342640,Pixel Privateers,14.99,1487700044.0,1,False
481510,Night in the Woods,19.99,1487700000.0,6,False
367520,Hollow Knight,14.99,1487959251.0,65,False
543460,Dead Rising 4,29.99,1489507260.0,4,False
524220,NieR:Automata™,39.99,1489766340.0,85,False
356190,Middle-earth™: Shadow of War™,49.99,1507597200.0,74,False
357190,ULTIMATE MARVEL VS. CAPCOM 3,24.99,1488848400.0,3,False
285190,"Warhammer 40,000: Dawn of War III",39.99,1493301600.0,19,False
530070,Train Sim World® 2020,12.99,1489683600.0,9,False
527290,Atelier Firis: The Alchemist and the Mysterious Journey / フィリスのアトリエ ～不思議な旅の錬金術士～,9.29,1488909720.0,1,False
598330,SimAirport,24.99,1582942957.0,3,False
512900,Streets of Rogue,19.99,1562950331.0,7,False
355790,Styx: Shards of Darkness,19.99,1489510680.0,7,False
502800,SENRAN KAGURA ESTIVAL VERSUS,29.99,1489768882.0,2,False
405830,Turok 2: Seeds of Evil,19.99,1489683584.0,1,False
551730,Toukiden 2,59.99,1490112000.0,2,False
404590,Vikings - Wolves of Midgard,29.99,1490374705.0,1,False
477740,Zero Escape: The Nonary Games,29.99,1490379319.0,2,False
269950,X-Plane 11,29.99,1490900167.0,5,False
569860,Thimbleweed Park™,19.99,1490889597.0,3,False
572410,Steel Division: Normandy 44,19.99,1495558740.0,14,False
501590,Bulletstorm: Full Clip Edition,39.58,1491584400.0,3,False
578330,LEGO® City Undercover,19.99,1491327071.0,1,False
461950,Beat Cop,14.99,1490886000.0,1,False
460790,Bayonetta,19.99,1491922800.0,10,False
616560,Ultimate Epic Battle Simulator,14.99,1496357365.0,6,False
466300,Planescape: Torment: Enhanced Edition,19.99,1491926400.0,2,False
459220,Halo Wars: Definitive Edition,19.99,1492707855.0,4,False
469610,Rick and Morty: Virtual Rick-ality,29.99,1492700446.0,2,False
368070,Sniper Ghost Warrior 3,19.99,1493053200.0,6,False
414700,Outlast 2,19.99,1493092372.0,9,False
410900,Forts,14.99,1492599625.0,6,False
582270,Everything,14.99,1492783403.0,1,False
464340,Syberia 3,14.99,1510596000.0,1,False
228360,Full Throttle Remastered,14.99,1492534800.0,1,False
401710,Flinthook,14.99,1492542120.0,1,False
418460,Rising Storm 2: Vietnam,24.99,1496163682.0,17,False
424840,Little Nightmares,19.99,1493330400.0,15,False
445190,Expeditions: Viking,29.99,1493308860.0,2,False
480490,Prey,29.99,1493909700.0,29,False
476600,Call of Duty®: WWII,59.99,1509678000.0,50,False
586140,BlazBlue Centralfiction,39.99,1493189380.0,5,False
574050,DRAGON QUEST HEROES™ II,59.99,1493136000.0,2,False
501300,What Remains of Edith Finch,19.99,1493092830.0,3,False
436670,The Legend of Heroes: Trails in the Sky the 3rd,29.99,1493829989.0,1,False
588650,Dead Cells,24.99,1533592604.0,62,False
378540,The Surge,14.99,1494885600.0,11,False
460810,Vanquish,19.99,1495724400.0,4,False
525700,Birthdays the Beginning,19.99,1494348343.0,1,False
571260,THE KING OF FIGHTERS XIV STEAM EDITION,89.99,1497538320.0,5,False
636480,Ravenfield,17.99,1495122838.0,3,False
582660,Black Desert,9.99,1495641600.0,454,False
602520,NEKOPARA Vol. 3,9.99,1495724315.0,1,False
617830,SUPERHOT VR,24.99,1495716796.0,3,False
493200,RiME,29.99,1495818000.0,2,False
552520,Far Cry® 5,59.99,1522123200.0,110,False
366910,The Long Journey Home,9.99,1496164000.0,1,False
490450,Tokyo 42,19.99,1496249186.0,1,False
280180,Hover,19.99,1496250212.0,1,False
561600,MXGP3 - The Official Motocross Videogame,19.99,1496126796.0,1,False
541210,Cold Waters,39.99,1496678056.0,4,False
594570,Total War: WARHAMMER II,59.99,1506582000.0,234,False
334230,Town of Salem,4.99,1418671058.0,2,False
554620,Life is Strange: Before the Storm,16.99,1504195500.0,17,False
588040,WILL: A Wonderful World / WILL：美好世界,14.99,1496743319.0,1,False
571530,Superdimension Neptune VS Sega Hard Girls,21.58,1497288433.0,3,False
414340,Hellblade: Senua's Sacrifice,29.99,1502164800.0,28,False
582160,Assassin's Creed® Origins,59.99,1509076800.0,111,False
366090,Colony Survival,24.95,1497599964.0,1,False
525920,Pro Cycling Manager 2017,9.99,1497538260.0,3,False
435400,Hidden Folks,14.99,1487155714.0,1,False
582550,Passpartout: The Starving Artist,9.99,1496764855.0,1,False
550080,VALKYRIE DRIVE -BHIKKHUNI-,29.99,1497978060.0,1,False
564230,Fire Pro Wrestling World,29.99,1513619830.0,1,False
583470,The End Is Nigh,14.99,1499875200.0,1,False
611790,House Party,24.99,1657929797.0,4,False
578620,GORN,19.99,1563454899.0,1,False
654880,Dream Daddy: A Dad Dating Simulator,14.99,1500569220.0,5,False
529180,Dark and Light,17.99,1500571919.0,9,False
569480,Kingdoms and Castles,19.99,1500566066.0,9,False
580200,Yonder: The Cloud Catcher Chronicles,24.99,1500357027.0,1,False
462770,Pyre,19.99,1501002000.0,6,False
519190,Next Day: Survival,9.99,1526922056.0,4,False
473690,Absolver,29.99,1504019100.0,6,False
436290,Children of Zodiarcs,17.99,1500393525.0,1,False
645630,Car Mechanic Simulator 2018,31.98,1501252254.0,54,False
487120,Citadel: Forged with Fire,14.99,1572613645.0,2,False
511680,Fate/EXTELLA,39.99,1501001083.0,2,False
505460,Foxhole,29.99,1664377540.0,14,False
484900,Aven Colony,29.99,1500998430.0,1,False
641990,The Escapists 2,19.99,1503356400.0,20,False
552590,The Sexy Brutale,19.99,1491921732.0,1,False
535480,Sundered®: Eldritch Edition,19.99,1501250400.0,1,False
538680,The Legend of Heroes: Trails of Cold Steel,39.99,1501711200.0,2,False
343860,Tacoma,19.99,1501632000.0,1,False
587450,Saurian,19.99,1501715366.0,1,False
304530,Agents of Mayhem,29.99,1502809177.0,5,False
373930,Sudden Strike 4,19.99,1502470871.0,5,False
597220,West of Loathing,10.99,1502377294.0,3,False
636450,Rez Infinite,24.99,1502289600.0,1,False
675260,Batman: The Enemy Within - The Telltale Series,14.99,1502211600.0,2,False
606800,Startup Company,12.99,1586538113.0,2,False
584400,Sonic Mania,19.99,1504022400.0,7,False
495050,Mega Man Legacy Collection 2,19.99,1502208000.0,2,False
514900,>observer_,44.98,1502814300.0,3,False
322110,20XX,14.99,1502885759.0,1,False
611500,Quake Champions,44.95,1660838967.0,4,True
527430,"Warhammer 40,000: Inquisitor - Martyr",49.99,1528218840.0,20,False
434460,Rock of Ages 2: Bigger & Boulder™,14.99,1503939686.0,3,False
610190,WARRIORS ALL-STARS,59.99,1504053420.0,1,False
414740,RAID: World War II,9.99,1506446100.0,2,False
665360,Comedy Night,4.99,1503597647.0,1,False
527230,For The King,19.99,1524150100.0,13,False
579180,Ys VIII: Lacrimosa of DANA,39.99,1523897520.0,2,False
571740,Golf It!,8.99,1692379941.0,3,False
614570,Dishonored®: Death of the Outsider™,29.99,1505447700.0,6,False
493840,Marvel vs. Capcom: Infinite,39.99,1505836800.0,2,False
286000,Tooth and Tail,19.99,1505235600.0,2,False
623940,HIVESWAP: ACT 1,7.99,1505412050.0,1,False
386620,"Cook, Serve, Delicious! 2!!",14.99,1505344424.0,1,False
607880,Accel World VS. Sword Art Online Deluxe Edition,39.99,1505203939.0,1,False
567640,Danganronpa V3: Killing Harmony,39.99,1506409140.0,9,False
268130,Heat Signature,14.99,1506013157.0,2,False
589290,Holdfast: Nations At War,19.99,1583428347.0,4,False
440650,Niche - a genetics survival game,17.99,1506013273.0,1,False
571310,SteamWorld Dig 2,19.99,1506065995.0,1,False
668630,Tricolour Lovestory,1.99,1505962906.0,1,False
551770,ECHO,24.99,1505828164.0,1,False
268910,Cuphead,19.99,1506693600.0,47,False
311260,The Guild 3,29.99,1655225629.0,2,False
464060,RUINER,19.99,1506434400.0,4,False
577940,Killer Instinct,29.99,1506528000.0,2,True
673610,Airport CEO,24.99,1614881014.0,2,False
404680,Hob,19.99,1506445200.0,2,False
674940,Stick Fight: The Game,4.99,1506621634.0,23,False
658260,BLUE REFLECTION,59.99,1506414471.0,1,False
683900,RollerCoaster Tycoon® Classic,19.99,1506613540.0,1,False
658980,Valnir Rok Survival RPG,9.99,1506444540.0,1,False
622650,Bendy and the Ink Machine,19.99,1493305200.0,1,False
451020,Battle Chasers: Nightwar,29.99,1507050000.0,6,False
253230,A Hat in Time,29.99,1507237237.0,13,False
601430,The Evil Within 2,39.99,1507820400.0,11,False
598960,Mashinky,24.99,1538852400.0,1,False
612880,Wolfenstein II: The New Colossus,39.99,1509051600.0,25,False
411300,ELEX,29.99,1508259600.0,13,False
451340,Gold Mining Simulator,19.99,1507912198.0,6,False
493900,Dungeons 3,29.99,1507914060.0,8,False
433530,Heliborne Collection,29.99,1507841760.0,1,False
537800,Bomber Crew,15.99,1508428800.0,4,False
610180,The Jackbox Party Pack 4,24.99,1508386118.0,2,False
552500,Warhammer: Vermintide 2,29.99,1520532000.0,91,False
552440,The Talos Principle VR,29.99,1508255588.0,1,False
675010,MudRunner,19.99,1509404400.0,12,False
558990,Opus Magnum,19.99,1512669228.0,2,False
607890,Sword Art Online: Hollow Realization Deluxe Edition,39.99,1509091860.0,8,False
525480,.hack//G.U. Last Recode,49.99,1509728616.0,5,False
637100,Sonic Forces,39.99,1510066800.0,2,False
635940,Little Busters! English Edition,34.99,1509520241.0,1,False
485510,Nioh: Complete Edition,49.99,1510042200.0,27,False
456670,Hand of Fate 2,29.99,1510070233.0,4,False
705120,Death Coming/死神来了,6.99,1509956328.0,1,False
627270,Injustice™ 2,49.99,1512082800.0,11,False
633460,Tannenberg,19.99,1510825834.0,2,False
469600,Legion TD 2 - Multiplayer Tower Defense,24.99,1633099490.0,4,False
647830,LEGO® Marvel Super Heroes 2,19.99,1510682400.0,3,False
745880,Touhou Tenkuushou ~ Hidden Star in Four Seasons.,14.99,1510926458.0,1,False
587620,Okami HD,19.99,1513102740.0,5,False
618970,Outcast - Second Contact,14.99,1510649963.0,1,False
552700,WORLD OF FINAL FANTASY®,24.99,1511283624.0,5,False
609150,STAR OCEAN™ - THE LAST HOPE -™ 4K & Full HD Remaster,20.99,1511887860.0,1,False
628890,NOBUNAGA'S AMBITION: Taishi,59.99,1512003780.0,2,False
650000,DOOM VFR,14.99,1512086100.0,1,False
722060,Dominions 5 - Warriors of the Faith,39.99,1511780203.0,1,False
463530,Empires of the Undergrowth,29.99,1717776742.0,3,False
471010,Seven: Enhanced Edition,29.99,1512115260.0,1,False
311290,SpellForce 3 Reforced,39.99,1512669600.0,8,False
240720,Getting Over It with Bennett Foddy,7.99,1512590409.0,9,False
611660,Fallout 4 VR,59.99,1513036800.0,5,False
521890,Hello Neighbor,29.99,1512752400.0,1,False
342310,RIOT: Civil Unrest,16.99,1549988271.0,1,False
587260,Tokyo Xanadu eX+,59.99,1512720164.0,1,False
646570,Slay the Spire,24.99,1548258674.0,54,False
644930,They Are Billions,29.99,1560875093.0,19,False
337340,Finding Paradise,9.99,1513274314.0,1,False
557600,Gorogoa,14.99,1513270531.0,1,False
544550,Stationeers,34.99,1513119452.0,1,False
678900,Farmer's Dynasty - Final Harvest Edition,19.99,1574327460.0,1,False
657200,Hand Simulator,2.99,1500419066.0,1,False
684410,Bridge Constructor Portal,9.99,1513789200.0,3,False
678950,DRAGON BALL FighterZ,59.99,1516989420.0,63,False
716710,東方憑依華　～ Antinomy of Common Flowers.,24.99,1515139229.0,1,False
626690,Sword Art Online: Fatal Bullet,39.99,1519408800.0,21,False
776490,永远消失的幻想乡 ～ The Disappearing of Gensokyo,10.99,1515688089.0,1,False
621220,Nantucket,17.99,1516294940.0,1,False
686260,Forged Battalion,9.99,1534262288.0,1,False
416600,Full Metal Furies,27.98,1516212044.0,1,False
379430,Kingdom Come: Deliverance,29.99,1518508860.0,73,False
666140,My Time at Portia,29.99,1547542980.0,18,False
405710,Staxel,19.99,1554994827.0,2,False
503940,Railway Empire,29.99,1516989717.0,11,False
504230,Celeste,19.99,1516898321.0,4,False
393520,Iconoclasts,19.99,1516694404.0,1,False
424370,Wolcen: Lords of Mayhem,19.99,1581612066.0,14,False
595520,FINAL FANTASY XII THE ZODIAC AGE,49.99,1517504164.0,10,False
637650,FINAL FANTASY XV WINDOWS EDITION,34.99,1520355600.0,46,False
712100,A Total War Saga: THRONES OF BRITANNIA,39.99,1525323600.0,16,False
773951,Freeman: Guerrilla Warfare,24.99,1570237503.0,2,False
677160,We Were Here Too,9.99,1517561956.0,1,False
382310,Eco,29.99,1517939940.0,11,False
671510,DESOLATE,14.99,1547745705.0,3,False
501080,Fishing: Barents Sea,24.99,1518004829.0,1,False
671440,Rise of Industry,29.99,1556814743.0,3,False
637670,Secret of Mana,39.99,1518714000.0,2,False
730310,DYNASTY WARRIORS 9,44.99,1518509220.0,3,False
748490,The Legend of Heroes: Trails of Cold Steel II,39.99,1518634800.0,2,False
594650,Hunt: Showdown 1896,29.99,1566909034.0,243,False
543900,METAL GEAR SURVIVE,29.99,1519258980.0,2,False
753420,Dungreed,9.99,1518668112.0,2,False
551860,Abandon Ship,24.99,1571758129.0,1,False
574980,Them's Fightin' Herds,19.99,1588289052.0,1,False
774811,YUMENIKKI -DREAM DIARY-,19.99,1519365562.0,1,False
696170,SENRAN KAGURA Peach Beach Splash,29.99,1520445600.0,4,False
633060,Orwell: Ignorance is Strength,9.99,1519315315.0,1,False
590380,Into the Breach,14.99,1519743600.0,4,False
548430,Deep Rock Galactic,29.99,1589374867.0,150,False
632350,Cyberdimension Neptunia: 4 Goddesses Online,31.98,1519754400.0,3,False
637090,BATTLETECH,39.99,1524585600.0,27,False
677120,Heroes of Hammerwatch,14.99,1519937989.0,2,False
673950,Farm Together,19.99,1539277031.0,4,False
613830,CHRONO TRIGGER®,14.99,1519750440.0,2,False
546050,Puyo Puyo™Tetris®,19.99,1519754430.0,1,False
695920,Super Seducer : How to Talk to Girls,12.99,1520351842.0,1,False
631510,Devil May Cry HD Collection,29.99,1520956800.0,7,False
601050,Attack on Titan 2 - A.O.T.2,39.99,1682557200.0,5,False
589360,Ni no Kuni™ II: Revenant Kingdom,59.99,1521824340.0,18,False
287630,The Council,14.99,1520956800.0,2,True
611670,The Elder Scrolls V: Skyrim VR,59.99,1522710000.0,23,False
534370,Pure Farming 2018,19.99,1520926042.0,1,False
691690,Ash of Gods: Redemption,19.0,1521795658.0,1,False
593600,PixARK,19.99,1559289357.0,5,False
621060,PC Building Simulator,19.99,1548781080.0,14,False
704450,Neverwinter Nights: Enhanced Edition,19.99,1522173846.0,4,False
648350,Jurassic World Evolution,44.99,1528785201.0,63,False
495560,Farm Manager 2018,19.99,1523034000.0,2,False
720250,Welcome to the Game II,9.99,1522792234.0,1,False
329070,SpyParty,24.99,1523561334.0,1,False
573120,Dead In Vinland,19.99,1523545353.0,1,False
751440,VR Kanojo / VRカノジョ,49.99,1523242800.0,1,False
617480,Tower of Time,13.75,1523533110.0,1,False
736220,Squad 44,19.99,1533834000.0,16,False
559650,Witch It,19.99,1603385787.0,2,False
323190,Frostpunk,29.99,1524574920.0,78,False
750920,Shadow of the Tomb Raider: Definitive Edition,39.99,1536940800.0,69,False
743450,Monster Prom,11.99,1524848268.0,5,False
619780,The Swords of Ditto: Mormo's Curse,14.99,1524578400.0,1,False
560130,Pillars of Eternity II: Deadfire,19.99,1525798560.0,26,False
697550,It Lurks Below,19.99,1559145442.0,1,False
620980,Beat Saber,29.99,1558472135.0,119,False
684580,Shoppe Keep 2,9.99,1556204532.0,1,False
455980,Judgment: Apocalypse Survival Simulation,19.99,1525370400.0,1,False
825630,STEINS;GATE 0,34.99,1525819788.0,4,False
758190,Dragon Cliff,9.99,1526044680.0,1,False
568220,Lobotomy Corporation | Monster Management Simulation,24.99,1523285133.0,2,False
613100,House Flipper,24.99,1526569116.0,83,False
445980,Wizard of Legend,15.99,1526399838.0,7,False
609320,FAR: Lone Sails,14.99,1526572714.0,1,False
555510,MachiaVillain,19.99,1526490153.0,1,False
710470,Little Witch Academia: Chamber of Time,39.99,1526403840.0,1,False
570940,DARK SOULS™: REMASTERED,39.99,1527116040.0,32,False
648800,Raft,19.99,1655744210.0,302,False
620590,Ancestors Legacy,23.2,1527015600.0,3,False
816090,Space Hulk: Deathwing Enhanced Edition,29.99,1526976120.0,2,False
427290,Vampyr,39.99,1528149600.0,14,False
702890,BlazBlue: Cross Tag Battle,19.99,1574297473.0,4,False
838310,Bloodstained: Curse of the Moon,9.99,1527145200.0,1,False
606150,Moonlighter,19.99,1527597900.0,8,True
487720,Agony,14.99,1527606030.0,1,False
718670,Cultist Simulator,19.99,1527782400.0,3,False
573100,Battlefleet Gothic: Armada 2,19.99,1548349200.0,13,False
586200,Street Fighter 30th Anniversary Collection,29.99,1527613200.0,1,False
646910,The Crew™ 2,29.99,1530241200.0,36,False
741820,Prey: Typhon Hunter,39.99,1544540400.0,3,False
866800,The Walking Dead: The Final Season,19.99,1534218900.0,4,False
515180,Bus Simulator 18,14.99,1528909200.0,1,False
400940,Budget Cuts,14.99,1528995633.0,1,False
581320,Insurgency: Sandstorm,29.99,1544633940.0,46,False
812140,Assassin's Creed® Odyssey,59.99,1538755200.0,142,False
517630,Just Cause 4 Reloaded,28.35,1543942620.0,15,False
731490,Crash Bandicoot™ N. Sane Trilogy,39.99,1530291600.0,11,False
582010,Monster Hunter: World,29.99,1533744000.0,256,False
489630,"Warhammer 40,000: Gladius - Relics of War",39.99,1531407042.0,15,False
415590,Earthfall,19.99,1531440000.0,1,False
809890,Shining Resonance Refrain,29.99,1531195200.0,1,False
315460,Dig or Die,11.99,1531234535.0,1,False
606280,Darksiders III,39.99,1543341664.0,10,False
535930,Two Point Hospital,29.99,1535608800.0,42,False
574090,MOTHERGUNSHIP,24.99,1531821843.0,1,False
787860,Farming Simulator 19,17.99,1542668820.0,116,False
828070,Treasure Hunter Claire,19.99,1532059239.0,1,False
762650,Depraved,19.99,1569059221.0,1,False
744060,Groove Coaster,19.99,1531785600.0,1,False
485460,The Banner Saga 3,24.99,1532624280.0,4,False
743890,Mega Man X Legacy Collection,19.99,1532448000.0,1,False
743900,Mega Man X Legacy Collection 2,19.99,1532448000.0,1,False
644560,Mirror,1.99,1524123240.0,2,False
840140,武侠乂 The Swordsmen X,24.99,1588035858.0,6,False
785740,This Is the Police 2,14.99,1533047389.0,2,False
728880,Overcooked! 2,24.99,1533657685.0,76,False
335620,Star Traders: Frontiers,14.99,1533102024.0,1,False
312200,Chasm,19.99,1533009639.0,1,False
882790,Fate Seeker,21.09,1533692340.0,3,False
790820,Valkyria Chronicles 4 Complete Edition,49.99,1537884000.0,9,False
599140,Graveyard Keeper,19.99,1534346114.0,10,False
559100,Phantom Doctrine,39.99,1534266120.0,4,False
412020,Metro Exodus,29.99,1581703200.0,51,False
356650,Death's Gambit: Afterlife,19.99,1534219200.0,1,False
801630,UNDER NIGHT IN-BIRTH Exe:Late[cl-r],24.99,1534812891.0,2,False
342560,Airships: Conquer the Skies,24.99,1534429980.0,1,False
758330,Shenmue I & II,29.99,1534860000.0,2,False
914620,Mist Survival,10.99,1534312823.0,3,False
312670,Strange Brigade,49.99,1535410800.0,5,False
534550,Guacamelee! 2,19.99,1534870742.0,1,False
792100,7 Billion Humans,14.99,1535043600.0,1,False
513710,SCUM,44.99,1750172116.0,28,False
633230,NARUTO TO BORUTO: SHINOBI STRIKER,19.99,1688076000.0,15,False
352720,The Universim,29.99,1705946495.0,3,False
815370,Green Hell,8.91,1567687980.0,36,False
702670,Donut County,12.99,1535460944.0,1,False
585450,Shadows: Awakening,29.99,1535734829.0,2,False
650510,ZONE OF THE ENDERS THE 2nd RUNNER : M∀RS / アヌビス ゾーン・オブ・エンダーズ : マーズ,29.99,1536080400.0,1,False
805550,Assetto Corsa Competizione,39.99,1559145520.0,27,False
814380,Sekiro™: Shadows Die Twice - GOTY Edition,59.99,1553187600.0,140,False
738520,Breathedge,24.99,1614276030.0,4,True
600480,Megaquarium,24.99,1536822077.0,1,False
324510,Boundless,19.99,1536681676.0,1,False
640820,Pathfinder: Kingmaker — Enhanced Plus Edition,19.99,1537884120.0,22,False
445020,Frozen Synapse 2,29.99,1536857793.0,1,False
838350,The Scroll of Taiwu : Beyond The Dome,29.99,1781665812.0,7,False
601150,Devil May Cry 5,29.99,1552003200.0,68,False
271260,Star Control®: Origins,19.99,1537459200.0,1,False
368340,CrossCode,19.99,1537509600.0,3,False
532210,Life is Strange 2,31.96,1537977840.0,9,True
646270,60 Parsecs!,9.99,1537298769.0,1,False
566540,Labyrinth of Refrain: Coven of Dusk,49.99,1537289371.0,2,False
502500,ACE COMBAT™ 7: SKIES UNKNOWN,59.99,1548975420.0,33,False
736190,Chinese Parents,9.99,1538200608.0,7,False
779340,Total War: THREE KINGDOMS,39.99,1558620000.0,106,False
544750,SOULCALIBUR VI,59.99,1539896400.0,21,False
591460,Parkasaurus,24.99,1597297260.0,2,False
742300,Mega Man 11,29.99,1538499600.0,2,False
383840,Nimbatus - The Space Drone Constructor,19.98,1589471890.0,2,False
594330,Visage,34.99,1604030380.0,1,False
392160,X4: Foundations,49.99,1543590000.0,18,False
955560,Evenicle,44.99,1539187020.0,1,False
831560,WARRIORS OROCHI 4,59.99,1539672780.0,10,False
645730,RESONANCE OF FATE™/END OF ETERNITY™ 4K/HD EDITION,34.99,1539773399.0,1,False
653530,Return of the Obra Dinn,19.99,1539882060.0,10,False
774461,The Jackbox Party Pack 5,29.99,1539784800.0,3,False
816340,Kingdom Rush Origins - Tower Defense,14.99,1539819069.0,1,False
803600,Disgaea 5 Complete,39.99,1540227600.0,3,False
907270,eSports Legend,9.99,1539669660.0,1,False
800270,Terraforming Mars,19.99,1539780779.0,1,False
553310,Lethal League Blaze,19.99,1540401360.0,1,False
399810,Call of Cthulhu®,19.99,1540854000.0,6,False
931500,Touhou Genso Wanderer -Reloaded-,34.99,1540526590.0,1,False
748360,MY HERO ONE'S JUSTICE,19.99,1540504800.0,1,False
658850,Do Not Feed the Monkeys,15.99,1540349531.0,1,False
572430,Party Hard 2,19.99,1540481615.0,1,False
677340,The Colonists,24.99,1540396871.0,1,False
774511,Megadimension Neptunia VIIR,31.98,1540242550.0,1,False
868360,Project Hospital,24.99,1540915170.0,2,False
879420,Agony UNRATED,14.99,1540915278.0,1,False
973760,Thronebreaker: The Witcher Tales,19.99,1541790316.0,6,False
704850,Thief Simulator,19.99,1541779383.0,7,False
492720,Tropico 6,39.99,1553878800.0,22,False
877200,Zero Caliber VR,24.99,1690794366.0,1,False
758870,Kynseed,24.99,1670338800.0,2,False
847370,Sunset Overdrive,19.99,1542387617.0,1,False
673880,"Warhammer 40,000: Mechanicus",22.49,1542304800.0,5,False
688420,Bad North: Jotunn Edition,14.99,1542384026.0,1,False
939520,HELLGATE: London,12.99,1542322829.0,1,False
868520,killer7,19.99,1542304825.0,1,False
952860,河洛群俠傳 (Ho Tu Lo Shu ： The Books of Dragon),17.99,1542260995.0,1,False
595690,One Hour One Life,14.99,1541703632.0,1,False
692840,Underworld Ascendant,29.99,1542304800.0,1,False
456750,The Room Three,5.99,1542100559.0,1,False
760060,Mutant Year Zero: Road to Eden,34.99,1543942800.0,6,False
432350,Epic Battle Fantasy 5,24.99,1543593467.0,1,False
759740,RIDE 3,29.99,1543564965.0,1,False
606230,Thea 2: The Shattering,24.99,1557741518.0,1,False
761620,Beholder 2,23.78,1543978380.0,1,False
848350,Katamari Damacy REROLL,29.99,1544137736.0,1,False
424030,War of Rights,29.99,1543867116.0,2,False
883710,Resident Evil 2,39.99,1548392400.0,58,False
269190,Edge Of Eternity,29.99,1623164528.0,3,False
701160,Kingdom Two Crowns,19.99,1544541170.0,5,False
994280,Gujian3(古剑奇谭三),29.99,1544802420.0,8,False
683320,GRIS,6.25,1544709292.0,8,False
449960,Book of Demons,24.99,1544716800.0,1,False
629730,Blade and Sorcery,29.99,1718643640.0,3,False
250680,BELOW,24.99,1544806805.0,1,False
519860,DUSK,19.99,1544468520.0,1,False
834910,ATLAS,29.99,1545508800.0,7,False
962730,Skater XL - The Ultimate Skateboarding Game,39.99,1595948682.0,2,False
738540,Tales of Vesperia: Definitive Edition,49.99,1547161560.0,4,False
955900,Amazing Cultivation Simulator,24.99,1606287720.0,2,False
893180,Catherine Classic,19.99,1547132400.0,3,False
955050,Bright Memory,7.99,1585155540.0,4,False
552620,ATOM RPG: Post-apocalyptic indie game,14.99,1545246835.0,2,False
880940,Pummel Party,14.99,1537459326.0,44,False
976310,Mortal Kombat 11,49.99,1556035200.0,61,False
619150,while True: learn(),12.99,1547738325.0,1,False
761600,Onimusha: Warlords,19.99,1547571654.0,1,False
939960,Far Cry® New Dawn,39.99,1550250000.0,15,False
241000,Jon Shafer's At the Gates,29.99,1548277188.0,1,False
889510,SENRAN KAGURA Burst Re:Newal,29.99,1548179820.0,1,False
848450,Subnautica: Below Zero,29.99,1620965280.0,24,False
607050,Wargroove,19.99,1549022384.0,2,False
690830,Foundation,34.99,1738335776.0,15,False
596970,Sunless Skies: Sovereign Edition,24.99,1548957587.0,1,False
916440,Anno 1800,59.99,1555430400.0,46,False
951440,Volcanoids,19.99,1548780749.0,2,False
494430,Praey for the Gods,29.99,1639506369.0,1,False
656240,Heat,19.99,1593134482.0,1,False
899440,GOD EATER 3,59.99,1549580400.0,6,False
859580,Imperator: Rome,39.99,1556208000.0,10,False
715560,Eastshade,24.99,1550069973.0,2,False
803980,Plane Mechanic Simulator,11.99,1707919038.0,1,False
690790,DiRT Rally 2.0,19.99,1551139378.0,17,False
622220,Fate/EXTELLA LINK,49.99,1553014500.0,5,False
819030,STEINS;GATE ELITE,59.99,1550599140.0,3,False
858810,Dawn of Man,24.99,1551430757.0,9,False
641080,Trials® Rising,19.99,1551200400.0,3,False
851100,Touhou Luna Nights,17.99,1551142974.0,2,False
714370,LEFT ALIVE™,59.99,1551805200.0,1,False
774241,Warhammer: Chaosbane,29.99,1559322000.0,3,False
860890,Factory Town,19.99,1637172093.0,2,False
784150,Workers & Resources: Soviet Republic,39.99,1718899558.0,4,False
840800,Outlaws of the Old West,19.99,1552409142.0,2,False
736260,Baba Is You,14.99,1552492825.0,4,False
755500,ONE PIECE World Seeker,59.99,1552600800.0,2,False
921590,DISSIDIA FINAL FANTASY NT Free Edition,29.99,1552411680.0,1,True
532790,Vampire: The Masquerade® - Bloodlines™ 2,59.99,1761062401.0,6,False
704270,Generation Zero®,24.99,1553590507.0,15,False
736850,We. The Revolution,19.99,1553181393.0,1,False
470220,UNO,9.99,1483462742.0,5,False
632360,Risk of Rain 2,24.99,1597157640.0,127,False
794260,Outward Definitive Edition,39.99,1652796000.0,21,False
942970,Unheard - Voices of Crime,6.99,1553835987.0,3,False
508440,Totally Accurate Battle Simulator,19.99,1617300073.0,17,False
548570,RAGE 2,39.99,1557759600.0,12,False
1056960,Wolfenstein: Youngblood,19.99,1564074000.0,6,False
919640,Steel Division 2,39.99,1561041914.0,7,False
886820,Nelke & the Legendary Alchemists ~Ateliers of the New World~,59.99,1553583430.0,1,False
798510,SUPER DRAGON BALL HEROES WORLD MISSION,59.99,1554415200.0,2,False
1046030,ISLANDERS,4.99,1554365770.0,3,False
546430,Pathway,15.99,1554980434.0,1,False
787480,Phoenix Wright: Ace Attorney Trilogy,29.99,1554825739.0,8,False
726830,Vacation Simulator,19.99,1554822032.0,1,False
622720,Weedcraft Inc,19.99,1554987120.0,1,False
813630,Supraland,19.99,1554455663.0,2,False
819020,Zanki Zero: Last Beginning,59.99,1554858120.0,1,False
751780,Forager,19.99,1555606832.0,9,False
460950,Katana ZERO,14.99,1555596706.0,5,False
629760,MORDHAU,29.99,1556557154.0,26,False
494840,UBOAT,40.78,1722611399.0,3,False
899770,Last Epoch,34.99,1708534855.0,33,False
699170,Fell Seal: Arbiter's Mark,29.99,1556643595.0,1,False
1058020,"STAR WARS™ Battlefront (Classic, 2004)",9.99,1556766137.0,1,False
706020,Fade to Silence,29.99,1556643533.0,1,False
752590,A Plague Tale: Innocence,39.99,1557849600.0,26,False
929010,Swag and Sorcery,12.99,1557418475.0,1,False
990050,Death end re;Quest,31.98,1558029764.0,1,False
921570,OCTOPATH TRAVELER™,59.99,1559923200.0,20,False
954650,Druidstone: The Secret of the Menhir Forest,24.99,1557936679.0,1,False
785260,Team Sonic Racing™,39.99,1558447299.0,1,False
692850,Bloodstained: Ritual of the Night,39.99,1560862800.0,13,False
1045620,Atelier Lulua ~The Scion of Arland~,59.99,1558378560.0,1,False
934780,American Fugitive,19.99,1558443650.0,1,False
937170,Otaku's Adventure,6.99,1558371540.0,1,False
505230,Pathologic 2,34.99,1558630800.0,2,False
857980,Void Bastards,29.99,1559102381.0,2,False
732690,FIVE NIGHTS AT FREDDY'S: HELP WANTED,29.99,1559026858.0,1,False
817540,SpellForce 3 Soul Harvest,19.99,1559063304.0,2,False
809720,Rescue HQ - The Tycoon,19.99,1559052031.0,1,False
994730,Banner of the Maid,16.99,1559023291.0,1,False
989690,Conan Unconquered,19.99,1559145600.0,1,False
1029890,Layers of Fear 2 (2019),19.99,1559077200.0,1,False
804010,SteamWorld Quest: Hand of Gilgamech,24.99,1559296897.0,1,False
727130,Between the Stars,29.99,1709835323.0,1,False
1091500,Cyberpunk 2077,59.99,1607558400.0,297,False
686810,Hell Let Loose,49.99,1627401600.0,55,False
641320,Cooking Simulator,19.99,1559833200.0,4,False
1085660,Destiny 2,69.6,1569949200.0,342,True
1051200,Trover Saves the Universe,29.99,1559653200.0,2,False
602960,Barotrauma,34.99,1678725605.0,5,False
782330,DOOM Eternal,29.99,1584676800.0,70,False
703080,Planet Zoo,44.99,1572954900.0,145,False
314650,SpaceEngine,29.99,1560240205.0,1,False
1073440,コイカツ！ / Koikatsu Party,59.99,1560160920.0,4,False
1011940,Ideology in Friction,24.99,1560484886.0,1,False
557340,My Friend Pedro,19.99,1561046400.0,5,False
774171,Muse Dash,2.99,1560996120.0,18,False
673130,AMID EVIL,19.98,1561053540.0,1,False
1016960,Super Neptunia RPG,32.78,1561051051.0,1,False
1007040,EARTH DEFENSE FORCE 5,59.99,1562828575.0,10,False
917150,Godhood,26.99,1597164981.0,1,False
1011390,Field of Glory: Empires,39.99,1562853450.0,1,False
910490,Killsquad,29.99,1634810943.0,1,False
780290,Gloomhaven,34.99,1634735327.0,6,False
807120,Iratus: Lord of the Dead,29.99,1587663188.0,3,False
679900,Swords & Souls: Neverseen,14.99,1563814400.0,1,False
1047440,DATE A LIVE: Rio Reincarnation,39.98,1563904872.0,1,False
984800,Automachef,14.99,1563904803.0,1,False
939600,LOVE³ -Love Cube-,9.99,1564066824.0,1,False
718850,Age of Wonders: Planetfall,29.99,1565107140.0,10,False
1042800,"Warhammer 40,000: Inquisitor - Prophecy",24.99,1564506147.0,1,False
1067850,Kindergarten 2,14.99,1564459238.0,1,False
1097580,CUSTOM ORDER MAID 3D2 It's a Night Magic,40.0,1564534853.0,1,False
809140,Cliff Empire,17.99,1565118286.0,2,False
617290,Remnant: From the Ashes,39.99,1566273600.0,34,False
555950,Danganronpa Another Episode: Ultra Despair Girls,29.99,1498582904.0,1,False
820630,Metal Wolf Chaos XD,24.99,1565106600.0,1,False
774861,Project Winter,9.99,1558630920.0,5,False
861540,Dicey Dungeons,14.99,1565713230.0,3,False
562860,Ion Fury,24.99,1565874402.0,1,False
812040,Shortest Trip to Earth,25.99,1565883976.0,1,False
1017900,Age of Empires: Definitive Edition,19.99,1566226930.0,8,False
813780,Age of Empires II: Definitive Edition,34.99,1573747200.0,124,False
1097840,Gears 5,29.99,1568077200.0,10,False
1026680,FINAL FANTASY VIII - REMASTERED,19.99,1567526496.0,3,False
656350,UnderMine,19.99,1596722393.0,1,False
762830,Telling Lies,19.99,1566574274.0,1,False
722560,RAD,19.99,1566252092.0,1,False
987720,ONINAKI,49.99,1566489767.0,1,False
606880,GreedFall,34.99,1568066400.0,22,False
939850,The Dark Pictures Anthology: Man of Medan,19.99,1567115580.0,2,False
1092660,Blair Witch,29.99,1567176924.0,1,False
996580,Spyro™ Reignited Trilogy,39.99,1567530000.0,12,False
823950,Re:Legend,24.99,1662417769.0,1,False
814370,Monster Sanctuary,19.99,1607443202.0,1,False
981750,CRYSTAR,19.99,1566952080.0,1,False
330020,Children of Morta,21.99,1567522800.0,8,False
678960,CODE VEIN,59.99,1569535200.0,40,False
1049320,River City Girls,29.99,1567695745.0,1,False
1025440,Fantasy General II,39.99,1567693256.0,1,False
774361,Blasphemous,34.99,1568113042.0,4,False
1016920,Unrailed!,19.99,1600880411.0,2,False
948740,AI: The Somnium Files,19.99,1568767560.0,1,False
861650,Session: Skate Sim,39.99,1663863704.0,1,False
644830,The Surge 2,29.99,1569276000.0,7,False
873940,Crying Suns,24.99,1568865573.0,1,False
798460,Ni no Kuni Wrath of the White Witch™ Remastered,49.99,1568930400.0,3,False
382560,Hot Lava,19.99,1568912400.0,1,False
539470,Police Stories,19.99,1568916024.0,1,False
714120,Little Misfortune,19.99,1568818800.0,1,False
842100,Daymare: 1998,27.98,1568703648.0,1,False
1128000,Cube World,19.99,1569859149.0,3,False
881100,Noita,19.99,1602781382.0,20,False
821250,Flotsam,24.99,1764864409.0,1,False
779290,Stygian: Reign of the Old Ones,19.99,1569517178.0,1,False
914710,Cat Quest II,14.99,1569316022.0,1,False
421170,Indivisible,19.99,1570546800.0,2,False
1042780,Pine,24.99,1570712453.0,1,False
865360,We Were Here Together,12.99,1570715695.0,1,False
690640,Trine 4: The Nightmare Prince,29.99,1570539480.0,1,False
965230,DORAEMON  STORY OF SEASONS,49.99,1570744860.0,1,False
1062040,Dragon Star Varnir,39.99,1570553215.0,1,False
707030,POSTAL 4: No Regerts,19.99,1650481200.0,2,False
871530,Radio Commander: Vietnam '64,19.99,1570719744.0,1,False
1122050,Gensokyo Night Festival,12.99,1571036205.0,2,False
428660,Deliver Us The Moon,24.99,1570715985.0,1,False
992300,嗜血印 Bloody Spell,24.99,1643213408.0,11,False
632470,Disco Elysium - The Final Cut,39.99,1571155260.0,62,False
1042550,Digimon Story Cyber Sleuth: Complete Edition,49.99,1571349660.0,2,False
979120,Autonauts,19.99,1571324455.0,2,False
1016800,Chernobylite Complete Edition,29.99,1627466160.0,3,False
1005300,The Jackbox Party Pack 6,29.99,1571284500.0,10,False
1088790,Rebel Inc: Escalation,14.99,1634141327.0,2,False
574720,Little Big Workshop,19.99,1571331592.0,1,False
1039890,EARTH DEFENSE FORCE: IRON RAIN,59.99,1571122902.0,1,False
792300,The Beast Inside,24.99,1571328060.0,1,False
1162520,Richman10,13.99,1571932363.0,5,False
859570,Secret Neighbor: Hello Neighbor Multiplayer,19.99,1571936056.0,1,False
867290,Crossroads Inn Anniversary Edition,14.99,1571853426.0,2,False
1012840,Moons of Madness,31.48,1571741820.0,1,False
728530,SD GUNDAM G GENERATION CROSS RAYS,39.99,1574894640.0,8,False
1172380,STAR WARS Jedi: Fallen Order™,39.99,1573794000.0,63,False
1148650,The Legend of Bum-Bo,14.99,1573581600.0,2,False
1079800,Pistol Whip,29.99,1573149532.0,1,False
1108370,Ratropolis,17.99,1608627362.0,1,False
976730,Halo: The Master Chief Collection,39.99,1575396000.0,134,False
954740,Terminator: Resistance,39.99,1573752761.0,6,False
809230,Unity of Command II,29.99,1573581584.0,1,False
1076160,Command: Modern Operations,79.99,1573738634.0,1,False
952540,Romancing SaGa 3™,28.99,1573490196.0,1,False
1112790,Automation Empire,29.99,1574272846.0,1,False
1066780,Transport Fever 2,39.99,1576054800.0,13,False
973580,Sniper Ghost Warrior Contracts,29.99,1574445600.0,3,False
546560,Half-Life: Alyx,59.99,1584982200.0,68,False
563840,LOST EMBER,29.99,1574434936.0,1,False
1174180,Red Dead Redemption 2,59.99,1575565200.0,298,False
710920,Darksiders Genesis,29.99,1575568800.0,3,False
493520,GTFO,39.99,1639107094.0,40,False
649950,Ashen,39.99,1575907304.0,2,False
823500,BONEWORKS,29.99,1576000739.0,8,False
1145360,Hades,24.99,1600353507.0,82,False
1072420,DRAGON QUEST BUILDERS™ 2,49.99,1575997860.0,2,False
960170,DJMAX RESPECT V,49.99,1583974628.0,30,False
952060,Resident Evil 3,39.99,1585886220.0,39,False
555160,Pavlov,24.99,1733347222.0,4,False
1094520,Sands of Salzaar,14.99,1639623672.0,5,False
851850,DRAGON BALL Z: KAKAROT,19.99,1579215600.0,31,False
872410,ROMANCE OF THE THREE KINGDOMS XIV,59.99,1579136400.0,15,False
960090,Bloons TD 6,13.99,1545094491.0,58,False
1178490,港詭實錄ParanormalHK,12.99,1578311666.0,1,False
1106530,GemCraft - Frostborn Wrath,12.99,1578668918.0,1,False
745920,Temtem,44.99,1662480335.0,9,False
916840,The Walking Dead: Saints & Sinners,19.99,1579802400.0,4,False
528230,SYNTHETIK: Legion Rising,19.99,1521162953.0,3,False
895620,Spellcaster University,24.99,1623776505.0,2,False
625960,Stoneshard,24.99,1581012490.0,4,False
1150080,Azur Lane Crosswave,39.99,1581620400.0,2,False
1167450,DAEMON X MACHINA,49.99,1581613200.0,5,False
1144400,Senren＊Banka,34.99,1581670877.0,1,False
407130,Tank Mechanic Simulator,19.99,1582214449.0,1,False
1147560,Skul: The Hero Slayer,19.99,1611185717.0,8,False
1101190,Dungeon Defenders: Awakened,14.99,1590680550.0,2,False
913740,WORLD OF HORROR,19.99,1697734800.0,3,False
1227780,Taur,24.99,1582185509.0,1,False
1062340,KATANA KAMI: A Way of the Samurai Story,29.99,1582159380.0,1,False
1057090,Ori and the Will of the Wisps,29.99,1583899200.0,29,False
817840,Max Gentlemen Sexy Business!,19.99,1582640516.0,1,False
1115690,"Yes, Your Grace",19.99,1583509434.0,2,False
1123770,Curse of the Dead Gods,19.99,1614099488.0,3,False
824270,KovaaK's,9.99,1522748940.0,1,False
397540,Borderlands 3,59.99,1584108000.0,121,False
1090630,Granblue Fantasy: Versus,19.99,1584117160.0,5,False
495420,State of Decay 2: Juggernaut Edition,29.99,1584118500.0,14,False
1213210,Command & Conquer™ Remastered Collection,19.99,1591376400.0,11,False
1060220,Langrisser I & II,49.99,1583859644.0,1,False
1072040,Panzer Corps 2,39.99,1584636972.0,1,False
991270,The Legend of Heroes: Trails of Cold Steel III,59.99,1584982800.0,2,False
1250650,AI＊Shoujo/AI＊少女,69.99,1584406850.0,2,False
978520,Legend of Keepers: Career of a Dungeon Manager,19.99,1619714393.0,2,False
261550,Mount & Blade II: Bannerlord,49.99,1666681380.0,72,False
903950,Last Oasis,29.99,1585238161.0,5,False
1089090,ONE PIECE: PIRATE WARRIORS 4,39.99,1694707140.0,10,False
960690,One Step From Eden,19.99,1585238417.0,1,False
1150640,Yu-Gi-Oh! Legacy of the Duelist : Link Evolution,39.99,1585076460.0,1,False
933820,Endzone - A World Apart,24.99,1616085216.0,2,False
1066890,Automobilista 2,39.99,1593558720.0,1,False
1151340,Fallout 76,39.99,1586883600.0,270,False
895400,Deadside,24.99,1733420199.0,5,False
882100,XCOM®: Chimera Squad,9.99,1587700800.0,3,False
682990,Drug Dealer Simulator,19.99,1587049224.0,2,False
397460,The Jackbox Party Pack 2,24.99,1444755281.0,1,False
969990,SpongeBob SquarePants: Battle for Bikini Bottom - Rehydrated,29.99,1592931348.0,4,False
924980,Trials of Mana,49.99,1587743880.0,5,False
1184050,Gears Tactics,29.99,1588086000.0,4,False
746850,Cloudpunk,19.99,1587657647.0,2,False
793460,112 Operator,24.99,1587646895.0,1,False
1149440,Dragon Marked For Death,39.99,1587455520.0,1,False
985890,Streets of Rage 4,24.99,1588258800.0,3,False
1189630,Path Of Wuxia,34.99,1668483190.0,2,False
1106840,Hydroneer,14.99,1588941463.0,2,False
1158310,Crusader Kings III,49.99,1598976000.0,171,False
1256670,Library Of Ruina,29.99,1628622211.0,1,False
988910,Super Mega Baseball 3,44.99,1589383975.0,1,False
1102190,Monster Train,24.99,1590080426.0,6,False
979110,Space Haven,24.99,1778684451.0,5,False
674500,Total Tank Simulator,19.99,1589986958.0,1,False
906100,Observation,24.99,1590078309.0,1,False
1030840,Mafia: Definitive Edition,39.99,1600988400.0,35,False
257420,Serious Sam 4,39.99,1600952400.0,5,False
1217060,Gunfire Reborn,19.99,1637202540.0,28,False
1062160,Poly Bridge 2,14.99,1590683127.0,2,False
1191630,Shantae and the Seven Sirens,29.99,1590674892.0,1,False
1172620,Sea of Thieves: 2026 Edition,39.99,1591178700.0,239,False
526870,Satisfactory,39.99,1725980394.0,126,False
1222680,Need for Speed™ Heat,69.99,1591282832.0,31,False
1233570,Mirror's Edge™ Catalyst,19.99,1591279200.0,2,False
1222690,Dragon Age™ Inquisition,39.99,1591282591.0,7,False
1262240,Plants vs. Zombies: Battle for Neighborville™,29.99,1591282658.0,2,False
1178400,Pro Cycling Manager 2020,19.99,1591257674.0,1,False
1262540,Need for Speed™,29.99,1591282614.0,1,False
1113000,Persona 4 Golden,19.99,1592070797.0,11,False
1030210,Torchlight III,39.99,1602597173.0,4,False
1237950,STAR WARS™ Battlefront™ II,39.99,1591887749.0,27,False
638230,Journey,14.99,1591890600.0,5,False
1238810,Battlefield™ V,49.99,1603378620.0,63,False
1238020,Mass Effect™ 3 N7 Digital Deluxe Edition (2012),29.99,1591887286.0,1,False
1238840,Battlefield™ 1,39.99,1591887305.0,36,False
1238860,Battlefield 4™,39.99,1591887317.0,18,False
601840,Griftlands,19.99,1622567356.0,3,False
610370,Desperados III,39.99,1592326800.0,6,False
1238000,Mass Effect™: Andromeda Deluxe Edition,39.99,1591887420.0,3,False
1238820,Battlefield 3™,39.99,1591887344.0,1,False
1222140,Detroit: Become Human,39.99,1592475475.0,57,False
1237970,Titanfall® 2,29.99,1592506488.0,38,False
1161580,Hardspace: Shipbreaker,34.99,1653407520.0,6,False
753640,Outer Wilds,24.99,1592495439.0,20,False
1222670,The Sims™ 4,74.37,1592506560.0,305,True
960990,Beyond: Two Souls,19.99,1592487501.0,1,False
960910,Heavy Rain,19.99,1592484900.0,1,False
1238060,Dead Space™ 3,19.99,1592506399.0,2,False
1222730,STAR WARS™: Squadrons,39.99,1601611200.0,17,False
991170,Barn Finders,22.48,1592233176.0,1,False
1151640,Horizon Zero Dawn™ Complete Edition,49.99,1596812220.0,64,False
1009290,SWORD ART ONLINE Alicization Lycoris,19.99,1594332300.0,2,False
1264670,The Wind Road,29.99,1594310315.0,1,False
788100,Neon Abyss,31.49,1594738800.0,6,False
978780,STORY OF SEASONS: Friends of Mineral Town,39.99,1594746240.0,1,False
953490,CARRION,19.99,1595512800.0,3,False
803330,Destroy All Humans!,29.99,1595955538.0,6,False
1286830,STAR WARS™: The Old Republic™,29.98,1595343480.0,116,True
945360,Among Us,4.99,1542387646.0,40,False
962130,Grounded,39.99,1664297911.0,71,False
1250410,Microsoft Flight Simulator (2020) 40th Anniversary Edition,59.99,1597723200.0,197,False
1233260,FAIRY TAIL,59.99,1596071700.0,1,False
798490,Othercide,29.99,1595887020.0,1,False
628670,Hellpoint,34.99,1596124500.0,1,False
1263070,Blightbound,19.99,1627398497.0,1,False
1089980,The Henry Stickmin Collection,14.99,1596815722.0,5,False
894940,Littlewood,14.99,1596549704.0,1,False
349730,Popup Dungeon,24.99,1597251606.0,1,False
972660,Spiritfarer®: Farewell Edition,29.99,1597770081.0,9,False
1253920,Rogue Legacy 2,24.99,1651161600.0,5,False
1282590,Train Sim World® 2,19.99,1597942800.0,5,False
719040,Wasteland 3,39.99,1598572800.0,10,False
870780,CONTROL Ultimate Edition,39.99,1598540400.0,15,False
536270,Ancestors: The Humankind Odyssey,39.99,1598548383.0,3,False
1163550,Captain Tsubasa: Rise of New Champions,39.99,1601330400.0,1,False
826630,Iron Harvest,29.99,1598918400.0,9,False
1377380,Night of the Dead,29.99,1717144440.0,3,False
1222700,A Way Out,29.99,1592506559.0,10,False
933110,Age of Empires III: Definitive Edition,19.99,1602766800.0,14,True
1180660,Tell Me Why,19.99,1598543940.0,1,True
1289670,EA Play,5.99,1598882400.0,151,False
1307550,Craftopia,24.99,1599220804.0,7,False
566440,Necromunda: Underhive Wars,19.99,1599515760.0,2,False
1282210,DEEMO -Reborn-,24.99,1599191194.0,1,False
1229490,ULTRAKILL,29.99,1599151946.0,5,False
1041720,Kingdoms of Amalur: Re-Reckoning,39.99,1599584443.0,4,False
651670,Star Renegades,24.99,1599576654.0,1,False
1119700,As Far As The Eye,24.99,1599753510.0,1,False
1233880,Disgaea 4 Complete+,39.99,1599757242.0,1,False
1129580,Medieval Dynasty,34.99,1632391357.0,18,False
970830,The Dungeon Of Naheulbeuk: The Amulet Of Chaos,34.99,1600354147.0,2,False
1286350,BPM: BULLETS PER MINUTE,19.99,1600185465.0,1,False
1139900,Ghostrunner,29.99,1603814400.0,10,False
1054490,Wingspan,19.99,1600357951.0,1,False
739630,Phasmophobia,19.99,1600451828.0,256,False
837470,Untitled Goose Game,19.99,1600880340.0,4,False
1024650,Port Royale 4,44.99,1601053200.0,1,False
418530,Spelunky 2,19.99,1601384151.0,2,False
739650,Drake Hollow,29.99,1601571420.0,1,False
1086940,Baldur's Gate 3,59.99,1691074826.0,236,False
897450,The Survivalists,29.99,1602255140.0,1,False
1075190,A Game of Thrones: The Board Game - Digital Edition,19.99,1601992800.0,1,False
1211630,The Jackbox Party Pack 7,29.99,1602738000.0,13,False
1227530,Partisans 1941,29.99,1602687514.0,1,False
999220,Amnesia: Rebirth,29.99,1603202400.0,2,False
1000010,Crown Trick,19.99,1602835021.0,1,False
1367550,Kingdom Rush Vengeance - Tower Defense,19.99,1602766870.0,1,False
1343400,RuneScape ®,8.99,1602687300.0,7,True
1176710,Space Crew: Legendary Edition,15.99,1602781200.0,1,False
1096530,Solasta: Crown of the Magister,29.99,1622126911.0,11,False
1058650,Beyond The Wire,9.99,1661969434.0,1,False
1361000,In Silence,9.99,1635547566.0,3,False
1140270,Monster Prom 2: Monster Camp,11.99,1603472526.0,1,False
684450,Surviving the Aftermath,29.99,1637081791.0,1,False
1124300,HUMANKIND™,49.99,1629208800.0,17,False
1167630,Teardown,29.99,1650545381.0,15,False
1249800,Xuan-Yuan Sword VII,34.99,1603918235.0,1,False
1194630,The Dark Pictures Anthology: Little Hope,19.99,1604012400.0,2,False
753650,Due Process,9.99,1604426400.0,2,False
1235140,Yakuza: Like a Dragon,19.99,1605038400.0,17,False
1049410,Superliminal,19.99,1604599094.0,2,False
1307890,Kingdoms Reborn,19.99,1604389848.0,1,False
1154040,SpellForce 3 Fallen God,19.99,1604425102.0,1,False
1239080,Door Kickers 2: Task Force North,24.99,1739194326.0,2,False
1328660,Need for Speed™ Hot Pursuit Remastered,29.99,1604653200.0,1,False
1356670,Sakuna: Of Rice and Ruin,29.99,1605031076.0,2,False
420560,Firefighting Simulator - The Squad,24.99,1605624827.0,1,False
765810,Mars Horizon,19.99,1605625253.0,1,False
878670,Shenmue III,29.99,1605808850.0,1,False
604540,Empire of Sin,39.99,1606838400.0,3,False
839770,Phoenix Point,24.99,1607018415.0,2,False
895870,Project Wingman,24.99,1606845590.0,2,False
803050,Per Aspera,29.99,1607013659.0,2,False
848480,Creeper World 4,24.99,1607018311.0,1,False
1295510,DRAGON QUEST® XI S: Echoes of an Elusive Age™ - Definitive Edition,39.99,1607101200.0,8,False
1178790,Shiren the Wanderer: The Tower of Fortune and the Dice of Fate,19.99,1606949637.0,1,False
983970,Haven,24.99,1607003399.0,1,False
1404210,Red Dead Online,19.99,1606849200.0,3,False
1402320,Medal of Honor™: Above and Beyond,39.99,1607648645.0,1,False
1382330,Persona® 5 Strikers,59.99,1614056220.0,7,False
1150690,OMORI,19.99,1608883234.0,3,False
875210,Kingdom Heroes 8,29.99,1610456191.0,2,False
1128920,EVERSPACE™ 2,49.99,1680799770.0,7,False
573090,Stormworks: Build and Rescue,24.99,1600358513.0,4,False
1325200,Nioh 2 – The Complete Edition,49.99,1612512000.0,22,False
1366540,Dyson Sphere Program,19.99,1611212340.0,12,False
1196590,Resident Evil Village,39.99,1620360000.0,40,False
1220010,Home Behind 2,19.99,1644998549.0,1,False
1369630,ENDER LILIES: Quietus of the Knights,24.99,1624283825.0,3,False
1468810,鬼谷八荒 Tale of Immortal,19.99,1685099515.0,12,False
1293160,The Medium,49.99,1611853200.0,1,False
973810,Journey To The Savage Planet,29.99,1611852720.0,3,False
1088710,Yakuza 3 Remastered,129.13,1611846240.0,1,False
1105510,Yakuza 5 Remastered,19.99,1611846286.0,1,False
1105500,Yakuza 4 Remastered,19.99,1611846120.0,1,False
1400970,The Elder Scrolls Online - Blackwood,7.99,1622556000.0,2,False
1274570,DEVOUR,9.99,1611828471.0,1,False
892970,Valheim,29.99,1612277769.0,112,False
1142710,Total War: WARHAMMER III,59.99,1645077600.0,121,False
1328670,Mass Effect™ Legendary Edition,59.99,1621004457.0,43,False
930210,HuniePop 2: Double Date,19.99,1612807239.0,4,False
1288310,Firework,9.99,1612421760.0,1,False
860510,Little Nightmares II,29.99,1612998000.0,16,False
694280,Zombie Army 4: Dead War,47.98,1613660400.0,5,False
700600,Evil Genius 2: World Domination,39.99,1617116400.0,6,False
1384160,GUILTY GEAR -STRIVE-,39.99,1623394800.0,44,False
1000360,Hellish Quart,17.99,1613494615.0,1,False
1227890,Summer Memories,19.99,1592204383.0,1,False
1029210,30XX,19.99,1691600065.0,1,False
1157220,Nebuchadnezzar,19.99,1613574014.0,1,False
680420,OUTRIDERS,19.99,1617292800.0,18,False
774181,Rhythm Doctor,19.99,1765062373.0,2,False
787810,Rogue Heroes: Ruins of Tasos,19.99,1614100320.0,1,False
518150,Intruder,19.99,1551481173.0,1,False
1282730,Loop Hero,14.99,1614880560.0,6,False
1372810,Teamfight Manager,9.99,1614638095.0,1,False
1119730,"Ranch Simulator: Build, Hunt, Farm",24.99,1699030542.0,2,False
1495320,Carnal Instinct,29.99,1614614379.0,1,False
907650,Stronghold: Warlords,39.99,1615312411.0,1,False
1035120,Lust from Beyond,33.98,1615481459.0,1,False
869880,Cyanide & Happiness - Freakpocalypse (Episode 1),19.99,1615482125.0,1,False
761830,Mr. Prepper,18.68,1616087100.0,1,False
1477590,EZ2ON REBOOT : R,44.99,1649923401.0,2,False
785770,Emergency Call 112 – The Fire Fighting Simulation 2,29.99,1616083989.0,1,False
936790,Life is Strange: True Colors,59.99,1631203200.0,5,False
1034140,Subverse,39.99,1731704426.0,3,False
1426210,It Takes Two,39.99,1616731207.0,149,False
885970,Total War: ROME REMASTERED,29.99,1619704800.0,6,False
1009560,The Tenants,19.99,1666288800.0,2,False
1455840,Dorfromantik,13.99,1651132740.0,6,False
1388590,Yakuza 6: The Song of Life,19.99,1616688279.0,1,False
491540,The Bus,39.99,1774529953.0,1,False
977950,A Dance of Fire and Ice,5.99,1548374492.0,1,False
1198090,The Legend of Heroes: Trails of Cold Steel IV,59.99,1617987600.0,1,False
1104280,The Slormancer,19.99,1747155682.0,2,False
1113560,NieR Replicant™ ver.1.22474487139...,59.99,1619193600.0,15,False
720620,TaleSpire,24.99,1618464418.0,1,False
1259420,Days Gone,39.99,1621310400.0,34,False
1295270,SaGa Frontier Remastered,24.99,1618502534.0,1,False
732050,Voxel Tycoon,24.99,1618491490.0,1,False
597820,BIOMUTANT,39.99,1621962000.0,9,False
1123830,Farm Manager 2021,25.48,1620313278.0,1,False
1073910,Before We Leave,19.99,1620921600.0,1,False
1520500,Succubus Cafe,29.99,1620889800.0,1,False
1465360,SnowRunner,29.99,1621295581.0,34,False
1413480,Shin Megami Tensei III Nocturne HD Remaster,49.99,1621562400.0,3,False
978300,Saints Row®: The Third™ Remastered,29.99,1621634487.0,1,False
1134100,Frozenheim,19.99,1655391659.0,1,False
1167140,Siege Survival: Gloria Victis,24.99,1621335870.0,1,False
534380,Dying Light 2 Stay Human: Reloaded Edition,59.99,1643932800.0,67,False
784080,MechWarrior 5: Mercenaries,29.99,1622073652.0,11,False
629820,Maneater,39.99,1621951198.0,3,False
1222370,Necromunda: Hired Gun,39.99,1622498400.0,2,False
1497950,EARTH DEFENSE FORCE: WORLD BROTHERS,39.99,1622099031.0,1,False
1233590,Warhammer Age of Sigmar: Storm Ground,19.99,1622066400.0,1,False
1199030,Tainted Grail: Conquest,19.99,1622123803.0,2,False
1029780,Going Medieval,29.99,1773759831.0,5,False
1338770,Sniper Ghost Warrior Contracts 2,39.99,1622833200.0,7,False
1105670,The Last Spell,24.99,1678374058.0,4,False
1335790,Operation: Tango,19.99,1622545072.0,1,False
1359090,Zero Hour,9.99,1725897730.0,5,False
1517290,Battlefield™ 2042,59.99,1637308800.0,85,False
1599340,Lost Ark,24.99,1644617880.0,204,True
1580780,NINJA GAIDEN Σ [NINJA GAIDEN: Master Collection],39.99,1623286800.0,1,False
400750,Call to Arms - Gates of Hell: Ostfront,34.99,1623430740.0,7,False
1290000,PowerWash Simulator,24.99,1657814608.0,22,False
1196470,WE ARE FOOTBALL,24.99,1623344352.0,1,False
1643320,S.T.A.L.K.E.R. 2: Heart of Chornobyl,59.99,1732117544.0,22,False
1580790,NINJA GAIDEN Σ2 [NINJA GAIDEN: Master Collection],39.99,1623286920.0,1,False
1369760,NINJA GAIDEN 3: Razor's Edge [NINJA GAIDEN: Master Collection],39.99,1623286920.0,1,False
763890,Wildermyth,24.99,1623776664.0,7,False
997010,Police Simulator: Patrol Officers,29.99,1668095489.0,2,False
775500,SCARLET NEXUS,59.99,1624572000.0,12,False
768520,Red Solstice 2: Survivors,14.99,1623944749.0,1,False
1374840,Dark Deity,24.99,1623795649.0,1,False
1076200,Roguebook,24.99,1623939893.0,1,False
1466860,Age of Empires IV: Anniversary Edition,39.99,1635432960.0,83,False
1388880,Doki Doki Literature Club Plus!,14.99,1625071326.0,1,False
1277400,Monster Hunter Stories 2: Wings of Ruin,39.99,1625803200.0,6,False
1213740,She Will Punish Them,15.99,1588208516.0,3,False
1351630,Ys IX: Monstrum Nox,59.99,1625590800.0,1,False
1618540,Ghost Exorcism INC.,11.99,1626386698.0,2,False
1509960,PICO PARK,4.99,1620382418.0,8,False
898750,Super Robot Wars 30,59.99,1635371940.0,7,False
1522820,Orcs Must Die! 3,29.99,1627048800.0,8,False
894020,Death's Door,19.99,1626785410.0,4,False
1127500,Mini Motorways,9.99,1626792759.0,3,False
858820,Tribes of Midgard,19.99,1627405200.0,10,False
1295500,"Warhammer 40,000: Battlesector",35.99,1626962400.0,3,False
1483870,Draw & Guess,4.99,1615544574.0,5,False
1591530,SAMURAI WARRIORS 5,59.99,1627347600.0,2,False
1248130,Farming Simulator 22,19.99,1637567369.0,94,False
979690,The Ascent,29.99,1627578000.0,8,False
454120,Starbase,34.99,1627570767.0,2,False
924970,Back 4 Blood,59.99,1634050800.0,35,False
1158850,The Great Ace Attorney Chronicles,39.99,1627358400.0,1,False
1173790,FINAL FANTASY III,17.99,1627491360.0,1,False
1434950,HighFleet,29.99,1627404807.0,1,False
821880,Idol Manager,19.99,1627368707.0,1,False
1173770,FINAL FANTASY,11.99,1627491360.0,1,False
1173810,FINAL FANTASY V,17.99,1636563600.0,2,False
1173800,FINAL FANTASY IV,17.99,1631116800.0,2,False
1173820,FINAL FANTASY VI,17.99,1645635657.0,3,False
1173780,FINAL FANTASY II,11.99,1627488000.0,1,False
1184370,Pathfinder: Wrath of the Righteous - Enhanced Edition,19.99,1630598400.0,27,False
941460,Death Trash,19.99,1628175545.0,1,False
1123050,GRIME,24.99,1627908729.0,1,False
1040420,Dreamscaper,24.99,1628179200.0,1,False
1190000,Car Mechanic Simulator 2021,24.99,1628686825.0,16,False
1489630,Carrier Command 2,29.99,1628611260.0,1,False
1480560,Lawn Mowing Simulator,19.99,1628614800.0,1,False
1538570,Patron,19.99,1628611213.0,1,False
1549970,Aliens: Fireteam Elite,29.99,1629777600.0,8,False
1097200,Twelve Minutes,24.99,1629388089.0,2,False
1110910,Mortal Shell,29.99,1629302400.0,1,False
1003590,Tetris® Effect: Connected,39.99,1629259200.0,1,False
1466640,Road 96 🛣️,19.96,1629115075.0,1,False
740130,Tales of ARISE,49.99,1699484400.0,26,False
1135300,King's Bounty II,39.99,1629824280.0,2,False
607080,Psychonauts 2,59.99,1629849420.0,3,False
1149460,ICARUS,34.99,1638566880.0,29,False
1551360,Forza Horizon 5,59.99,1636433940.0,211,False
1240440,Halo Infinite,59.99,1636999200.0,33,True
1244460,Jurassic World Evolution 2,59.99,1636466460.0,40,False
1674170,Sprocket,19.99,1630004424.0,3,False
1255560,Myst,34.99,1629993587.0,1,False
1099410,A Total War Saga: TROY,39.99,1630592231.0,2,False
1454400,Cookie Clicker,4.99,1630523202.0,2,False
1446650,BRAVELY DEFAULT II,59.99,1630602000.0,1,False
1118240,Lake,19.99,1630510500.0,1,False
1252330,DEATHLOOP,59.99,1631592000.0,10,False
976590,Bus Simulator 21 Next Stop,24.99,1631015520.0,1,False
921800,Encased: A Sci-Fi Post-Apocalyptic RPG,29.99,1631033986.0,1,False
1562420,FOREWARNED,12.99,1714064278.0,1,False
1062090,Timberborn,34.99,1773330554.0,14,False
1149620,Gas Station Simulator,19.99,1631725118.0,5,False
977880,Eastward,24.99,1631775600.0,2,False
841190,"Honey, I Joined a Cult",21.99,1667491200.0,1,False
1158370,Aragami 2,34.99,1631872800.0,1,False
1283410,Tails of Iron,24.99,1631879898.0,1,False
1210320,Potion Craft: Alchemist Simulator,19.99,1670950811.0,4,False
699130,World War Z,29.99,1632227531.0,13,False
1672970,Minecraft Dungeons,19.99,1632323157.0,6,False
757310,Sable,24.99,1632401868.0,1,False
1393370,Actraiser Renaissance,29.99,1632438000.0,1,False
1372280,MELTY BLOOD: TYPE LUMINA,49.99,1632981992.0,3,False
1271700,HOT WHEELS UNLEASHED™,39.99,1633014000.0,2,False
1414850,Nickelodeon All-Star Brawl,49.99,1633406436.0,2,False
1446780,MONSTER HUNTER RISE,39.99,1642006800.0,101,False
488860,MADNESS: Project Nexus,24.99,1632953032.0,1,False
1330470,F.I.S.T.: Forged In Shadow Torch,15.99,1633243500.0,2,False
1426450,Age of Darkness: Final Stand,27.99,1736970560.0,4,False
985830,SUCCUBUS,24.99,1633453244.0,1,False
1490890,Demon Slayer -Kimetsu no Yaiba- The Hinokami Chronicles,59.99,1634313600.0,8,False
1316910,Super Monkey Ball Banana Mania,29.99,1633406400.0,1,False
780310,The Riftbreaker,29.99,1634198458.0,9,False
1552350,The Jackbox Party Pack 8,29.99,1634176794.0,2,False
1227280,Despot's Game: Dystopian Battle Simulator,19.99,1664467176.0,1,False
671970,Junkyard Simulator,19.99,1634129988.0,1,False
1092790,Inscryption,19.99,1634655900.0,23,False
1543030,Sword and Fairy 7,29.99,1634874960.0,1,False
1281590,The Dark Pictures Anthology: House of Ashes,29.99,1634857200.0,2,False
1593500,God of War,49.99,1642175940.0,74,False
1088850,Marvel's Guardians of the Galaxy,59.99,1635264369.0,19,False
1435790,Escape Simulator,19.99,1634651197.0,15,False
1493760,Youtubers Life 2,19.99,1634651629.0,1,False
1287840,Disciples: Liberation,39.99,1634832000.0,1,False
1732190,FATAL FRAME / PROJECT ZERO: Maiden of Black Water,39.99,1635382800.0,3,False
509980,BIGFOOT,19.99,1485854385.0,1,False
1696810,Railroads Online,47.98,1733414160.0,1,False
1245620,ELDEN RING,59.99,1645744078.0,236,False
1135690,Unpacking,19.99,1635836387.0,6,False
842180,Prison Simulator,14.98,1636033851.0,1,False
1547890,Let's Build a Zoo,19.99,1636123990.0,1,False
1721470,Poppy Playtime,58.46,1634053980.0,16,True
1178830,Bright Memory: Infinite,19.99,1636678409.0,4,False
1471410,SYNTHETIK 2,19.99,1636639299.0,1,False
1276790,Ruined King: A League of Legends Story™,29.99,1637079720.0,3,False
1266840,The Last Stand: Aftermath,24.99,1637073801.0,1,False
1559390,Fate Seeker II,22.6,1637586114.0,2,False
1525700,Tavern Master,14.99,1637052711.0,1,False
1137300,Sherlock Holmes Chapter One,44.99,1636999200.0,1,False
773370,Exo One,16.99,1637247628.0,1,False
1195290,Moncage,14.99,1637028000.0,1,False
846770,DYSMANTLE,19.99,1637064149.0,1,False
1380420,Grow: Song of the Evertree,24.99,1637074060.0,1,False
1527950,Wartales,34.99,1681306892.0,18,False
1206560,WorldBox - God Simulator,19.99,1638466470.0,7,False
751630,After the Fall®,19.99,1639072553.0,1,False
1580240,Rune Factory 4 Special,29.99,1638899623.0,1,False
1716120,Monster Rancher 1 & 2 DX,29.99,1639011600.0,1,False
1069660,Ultimate Admiral: Dreadnoughts,34.99,1674666244.0,1,False
1144200,Ready or Not,49.99,1702490460.0,190,False
747660,Five Nights at Freddy's: Security Breach,39.99,1639706418.0,12,False
1619750,Karryn's Prison,29.99,1639598616.0,1,False
1769420,Noble Fates,24.99,1639504763.0,1,False
1126320,Being a DIK - Season 1,13.99,1581665280.0,2,False
1509510,Settlement Survival,21.49,1666629109.0,1,False
1563180,Internet Cafe Simulator 2,19.99,1641578411.0,1,False
1522870,Supraland Six Inches Under,19.99,1642172398.0,1,False
1296830,暖雪 Warm Snow,17.98,1642560060.0,6,False
1832640,Mirror 2: Project X,1.99,1642745631.0,2,False
1659040,HITMAN World of Assassination,29.99,1642701600.0,47,False
987840,Expeditions: Rome,44.99,1642701563.0,2,False
1611600,WARNO,39.99,1716448500.0,2,False
1432050,Nobody Saves the World,24.99,1642510824.0,2,False
920210,LEGO® Star Wars™: The Skywalker Saga,49.99,1649178000.0,31,False
1451940,NEEDY STREAMER OVERLOAD,15.99,1642755055.0,7,False
1794680,Vampire Survivors,4.99,1666281692.0,25,False
1109570,Word Game,34.99,1642759140.0,1,False
1170950,Mortal Online 2,39.99,1643133705.0,1,False
1843760,Rogue Tower,14.99,1643386143.0,2,False
1272320,Diplomacy is Not an Option,29.99,1728060958.0,3,False
1498570,THE KING OF FIGHTERS XV,39.99,1733990400.0,8,False
1129540,Orc Massage,14.99,1644379680.0,1,False
1164250,Model Builder: Complete Edition,19.99,1644339660.0,1,False
1239020,TOGETHER BnB,17.99,1617987875.0,2,False
1621310,Atelier Sophie 2: The Alchemist of the Mysterious Dream,59.99,1645750800.0,4,False
900040,ELEX II,49.99,1646157559.0,2,False
515960,Martha Is Dead,29.99,1645710775.0,1,False
1656780,Hero's Hour,17.99,1646156954.0,1,False
1036890,Shadow Warrior 3: Definitive Edition,39.99,1646143260.0,1,False
1621690,Core Keeper,19.99,1724749928.0,15,False
1531540,Distant Worlds 2,49.99,1646920971.0,1,False
1740720,Have a Nice Death,24.99,1679500826.0,2,False
982290,Airborne Kingdom,24.99,1646674935.0,1,False
553420,TUNIC,29.99,1647450149.0,2,False
1602010,Persona 4 Arena Ultimax,29.99,1647489514.0,1,False
1368030,ANNO: Mutationem,24.99,1647486060.0,1,False
1475810,Ghostwire: Tokyo,59.99,1648180800.0,9,False
1029690,Sniper Elite 5,49.99,1653523305.0,20,False
1284190,The Planet Crafter,23.99,1712757296.0,23,False
1239320,Animal Shelter,19.99,1648050561.0,1,False
915810,Midnight Ghost Hunt,19.99,1711040635.0,5,False
1850570,DEATH STRANDING DIRECTOR'S CUT,39.99,1648650600.0,17,False
1097350,Weird West: Definitive Edition,39.99,1648731600.0,2,False
1218210,Coromon,19.99,1648742383.0,1,False
1588530,Dungeon Alchemist,44.99,1648735236.0,1,False
914800,Coffee Talk,12.99,1580318565.0,1,False
1051690,Nightmare Reaper,24.99,1648485178.0,1,False
1133760,CHRONO CROSS: THE RADICAL DREAMERS EDITION,19.99,1649347286.0,1,False
928960,Godfall Ultimate Edition,39.99,1649353187.0,1,False
1504570,Cultivation Tales,19.99,1713412982.0,1,False
1846920,Lust Academy - Season 1,14.99,1649761482.0,1,False
1924480,College Kings 2 - Episode 1,12.99,1649963011.0,1,False
1021100,Aircraft Carrier Survival,19.99,1650457784.0,1,False
1703340,The Stanley Parable: Ultra Deluxe,24.99,1651075200.0,5,False
1605220,Dune: Spice Wars,34.99,1694700102.0,3,False
1157390,King Arthur: Knight's Tale,44.99,1650992400.0,2,False
1296610,Peglin,19.99,1724778360.0,3,False
666150,Prehistoric Kingdom,29.99,1651078826.0,1,False
1226510,Trigon: Space Story,19.99,1651147253.0,1,False
1611910,"Warhammer 40,000: Chaos Gate - Daemonhunters",44.99,1651759235.0,9,False
1341290,We Were Here Forever,17.99,1652179614.0,3,False
867210,Songs of Conquest,29.99,1716217521.0,4,False
1468720,Ultimate Epic Battle Simulator 2,19.99,1689958896.0,1,False
1608700,Soundfall,29.99,1652280585.0,1,False
1836860,Neptunia x SENRAN KAGURA: Ninja Wars,49.99,1652288442.0,1,False
1843940,Brigandine The Legend of Runersia,39.99,1652252372.0,1,False
1604030,V Rising,34.99,1715166032.0,36,False
1874880,Arma Reforger,39.99,1700136000.0,32,False
597180,Old World,39.99,1652943590.0,4,False
1594940,Little Witch in the Woods,19.99,1757907055.0,1,False
1922560,Plants vs. Zombies™ Garden Warfare 2: Deluxe Edition,29.99,1652720470.0,4,False
1084600,My Time at Sandrock,39.99,1698933641.0,4,False
1761390,Hatsune Miku: Project DIVA Mega Mix+,39.39,1653580807.0,4,False
747200,Keplerth,14.99,1653339600.0,1,False
1259980,RIDE 4,39.99,1602161784.0,2,False
1332010,Stray,29.99,1658242831.0,40,False
1594320,Captain of Industry,34.99,1654002084.0,4,False
1361210,"Warhammer 40,000: Darktide",39.99,1669831200.0,61,False
1631080,HoneySelect2Libido DX,69.99,1654218674.0,2,False
1754000,The Elder Scrolls Online: High Isle,14.99,1654524000.0,2,False
1169040,Necesse,14.99,1760633972.0,3,False
1371720,Card Shark,19.99,1654174523.0,1,False
1938090,Call of Duty®,69.99,1666929600.0,186,False
1577120,The Quarry,59.99,1654834920.0,6,False
1824220,Chivalry 2,39.99,1655042153.0,10,False
1966900,20 Minutes Till Dawn,4.99,1686225637.0,2,False
1488200,Symphony of War: The Nephilim Saga,19.99,1654891182.0,2,False
1120320,Builder Simulator,13.98,1654790297.0,1,False
1462040,FINAL FANTASY VII REMAKE INTERGRADE,39.99,1655449235.0,54,False
1361510,Teenage Mutant Ninja Turtles: Shredder's Revenge,24.99,1655384280.0,3,False
1202130,Starship Troopers: Terran Command,29.99,1655398808.0,1,False
1533420,Neon White,24.99,1655395200.0,2,False
1286680,Tiny Tina's Wonderlands,29.99,1656003600.0,30,False
1216060,DNF Duel,49.99,1656399420.0,3,False
1449200,AI: THE SOMNIUM FILES - nirvanA Initiative,39.99,1656086400.0,2,False
523660,HYPERCHARGE: Unboxed,24.99,1588002358.0,1,False
1730680,Klonoa Phantasy Reverie Series,39.99,1657231656.0,1,False
1062520,Dinkum,19.99,1745373658.0,9,False
1702330,Rune Factory 5,39.99,1657731727.0,1,False
1677280,Company of Heroes 3,59.99,1677174720.0,13,False
1879330,WARRIORS OROCHI 3 Ultimate Definitive Edition,39.99,1657630836.0,1,False
1700870,Clanfolk,29.99,1657814240.0,1,False
1336980,NOBUNAGA'S AMBITION: Awakening,59.99,1658358000.0,4,False
1683340,Kayak VR: Mirage,22.99,1657620412.0,1,False
1817070,Marvel’s Spider-Man Remastered,59.99,1660316340.0,62,False
1889930,Baldur's Gate: Dark Alliance II,39.99,1658330863.0,1,False
871980,Digimon Survive,59.99,1659049200.0,2,False
1850740,Ghost Watchers,14.99,1753365896.0,3,False
1136370,Bear and Breakfast,19.99,1659013508.0,1,False
1987080,Inside the Backrooms,6.99,1655744359.0,8,False
1811950,The Legend of Heroes: Kuro no Kiseki,49.99,1658934000.0,1,False
1060230,Sapiens,24.99,1658861795.0,1,False
1612770,Sweet Transit,29.99,1713801970.0,1,False
1220140,Cartel Tycoon,29.99,1658851350.0,1,False
1313140,Cult of the Lamb,24.99,1660233486.0,39,False
1295920,The Mortuary Assistant,24.99,1659448830.0,4,False
1866180,Hooked on You: A Dead by Daylight Dating Sim™,9.99,1659548212.0,1,False
1282410,Hard West 2,29.99,1659632455.0,1,False
1649080,Two Point Campus,29.99,1660053600.0,6,False
1599600,PlateUp!,19.99,1659621694.0,10,False
1044720,Farthest Frontier,34.99,1761228008.0,10,False
1288320,Way of the Hunter,29.99,1660669013.0,3,False
824550,SD GUNDAM BATTLE ALLIANCE,59.99,1661378217.0,5,False
1385380,Across the Obelisk,19.99,1660662275.0,4,False
1343240,Thymesia,24.99,1660838390.0,2,False
1350650,FreshWomen - Season 1,13.99,1660913084.0,2,False
1109680,Regiments,29.99,1660643486.0,1,False
1970580,Backpack Hero,22.73,1699984682.0,1,False
1294420,Rollerdrome,29.99,1660654806.0,1,False
1777620,Soul Hackers 2,59.99,1661486407.0,2,False
990080,Hogwarts Legacy,59.99,1676052000.0,104,False
1284210,Guild Wars 2®,19.99,1661279520.0,17,True
2060130,Return to Monkey Island,24.99,1663602981.0,4,False
1372110,JoJo's Bizarre Adventure: All-Star Battle R,49.99,1662069621.0,2,False
529340,Victoria 3,49.99,1666713602.0,27,False
1266700,Destroy All Humans! 2 - Reprobed,39.99,1661878787.0,1,False
1408610,Call of the Wild: The Angler™,29.99,1661950798.0,1,False
1262580,Need for Speed™ Payback,29.99,1592505300.0,2,False
1324340,Made in Abyss: Binary Star Falling into Darkness,59.99,1662134155.0,1,False
1659600,Teenage Mutant Ninja Turtles: The Cowabunga Collection,39.99,1661879160.0,1,False
1401590,Disney Dreamlight Valley,39.99,1701785145.0,29,False
1283400,Steelrising,59.98,1662652857.0,1,False
1705180,"Gunner, HEAT, PC!",29.99,1662490861.0,1,False
1150760,Gloomwood,19.99,1662418811.0,1,False
1944790,Train Sim World® 3,24.99,1662483600.0,2,False
2058190,Lost Judgment,39.99,1663160316.0,2,False
1061910,Metal: Hellsinger,29.99,1663228798.0,3,False
1121640,The Wandering Village,29.99,1752764078.0,4,False
1556790,Isonzo,44.99,1663088400.0,1,False
2058180,Judgment,39.99,1663160292.0,1,False
1273400,Construction Simulator,24.99,1663685047.0,5,False
1659420,UNCHARTED™: Legacy of Thieves Collection,49.99,1666192050.0,19,False
1556200,Predator: Hunting Grounds,19.99,1619704518.0,1,False
1657630,Slime Rancher 2,28.49,1758646822.0,8,False
1337760,Potion Permit,19.99,1663833639.0,1,False
1176470,Terra Invicta,39.99,1767636000.0,5,False
1059990,Trombone Champ,14.99,1663298608.0,1,False
1399080,The DioField Chronicle,59.99,1663862400.0,1,False
1637320,Dome Keeper,17.99,1664296279.0,8,False
1602080,Soulstice,39.99,1663657195.0,1,False
1592190,BONELAB,39.99,1664470841.0,2,False
1954200,Kena: Bridge of Spirits,39.99,1664244000.0,5,False
1789480,Marauders,29.99,1664812783.0,4,False
1668510,The Legend of Heroes: Trails from Zero,39.99,1664298000.0,1,False
1942280,Brotato,4.99,1687514379.0,9,False
1496790,Gotham Knights,59.99,1666371657.0,11,False
1846380,Need for Speed™ Unbound,69.99,1669964400.0,15,False
698670,Scorn,39.99,1665741120.0,2,False
1158160,Coral Island,29.99,1699974556.0,3,False
1324130,Stranded: Alien Dawn,34.99,1682427600.0,6,False
1276760,DRAGON BALL: THE BREAKERS,19.99,1665698798.0,1,False
1850510,TRIANGLE STRATEGY,59.99,1665680444.0,1,False
1182900,A Plague Tale: Requiem,49.99,1666026000.0,5,False
1874490,Potionomics,24.99,1666026000.0,2,False
1380910,Stardeus,29.99,1665586708.0,1,False
1731070,Asterigos: Curse of the Stars,34.99,1665507393.0,1,False
1817190,Marvel’s Spider-Man: Miles Morales,49.99,1668787080.0,28,False
1580520,Lost Eidolons,34.99,1665672423.0,1,False
1898290,LEGO® Bricktales,29.99,1665586810.0,1,False
1687950,Persona 5 Royal,59.99,1666324804.0,48,False
2050650,Resident Evil 4,39.99,1679616000.0,85,False
1850960,The Jackbox Party Pack 9,29.99,1666241998.0,1,False
1324530,"Warhammer 40,000: Shootas, Blood & Teef",19.99,1666277689.0,1,False
1665190,Monster Prom 3: Monster Roadtrip,11.99,1666372245.0,1,False
1647550,NEO: The World Ends with You,59.99,1666196922.0,1,False
1776380,STAR OCEAN THE DIVINE FORCE,59.99,1666886424.0,1,False
799600,Cosmoteer: Starship Architect & Commander,19.99,1666627175.0,4,False
1868140,DAVE THE DIVER,19.99,1687942854.0,34,False
1599660,Sackboy™: A Big Adventure,59.99,1666882619.0,3,False
1262350,SIGNALIS,19.99,1666879183.0,1,False
1237320,Sonic Frontiers,39.99,1667883780.0,8,False
1816300,HARVESTELLA,59.99,1667577589.0,1,False
1336490,Against the Storm,29.99,1702050764.0,8,False
1515210,The Past Within,5.99,1667390498.0,2,False
2066020,Soulstone Survivors,14.99,1750179552.0,3,False
1451090,Tactics Ogre: Reborn,49.99,1668189422.0,2,False
1939160,Shadows Over Loathing,22.99,1668181087.0,1,False
1614550,Astro Colony,19.99,1780423302.0,1,False
1849900,Among Us 3D: VR,9.99,1668103200.0,1,False
1963210,VALKYRIE ELYSIUM,59.99,1668185946.0,1,False
1063660,Bendy and the Dark Revival,19.99,1668499230.0,1,False
1782120,ZERO Sievert,19.99,1729697047.0,2,False
1065310,Evil West,49.99,1669071600.0,3,False
1567020,The Dark Pictures Anthology: The Devil in Me,39.99,1668730041.0,1,False
973230,We Who Are About To Die,21.99,1668445201.0,2,False
2096610,Crysis 3 Remastered,29.99,1668696943.0,1,False
715400,Frozen Flame,19.99,1668693600.0,1,False
2096600,Crysis 2 Remastered,29.99,1668696875.0,1,False
1881420,Cardfight!! Vanguard Dear Days,69.99,1668610500.0,1,False
1205520,Pentiment,19.99,1668495653.0,1,False
1544020,The Callisto Protocol™,59.99,1669957200.0,7,False
368260,Marvel's Midnight Suns,59.99,1669957323.0,9,False
1608070,CRISIS CORE –FINAL FANTASY VII– REUNION,49.99,1670950610.0,6,False
1952250,SAMURAI MAIDEN,59.99,1670486400.0,1,False
975370,Dwarf Fortress,29.99,1670338727.0,7,False
2208920,Assassin's Creed Valhalla,59.99,1670349651.0,34,False
1113120,IXION,34.99,1670435951.0,3,False
736820,Knights of Honor II: Sovereign,44.99,1670349497.0,1,False
1766740,Choo-Choo Charles,31.43,1670596282.0,3,False
1229240,Chained Echoes,24.99,1670504335.0,1,False
1774580,STAR WARS Jedi: Survivor™,69.99,1682654400.0,49,False
1583230,High On Life,39.99,1670918400.0,9,False
2221920,Immortals Fenyx Rising,39.99,1671127108.0,1,False
1920480,River City Girls 2,39.99,1671080424.0,1,False
814000,ONE PIECE ODYSSEY,39.99,1673560777.0,3,False
2221490,Tom Clancy’s The Division® 2,29.99,1673545980.0,23,False
1693980,Dead Space,59.99,1674835321.0,24,False
2161440,Sailing Era,24.99,1673491993.0,1,False
1189490,觅长生,14.99,1673582449.0,2,False
1812300,Aquatico,24.99,1673542774.0,1,False
1422130,SimRail - The Railway Simulator,34.99,1734116336.0,1,False
1816570,江湖十一,17.99,1673404791.0,1,False
1680880,Forspoken,69.99,1674579595.0,3,False
1547000,Grand Theft Auto: San Andreas – The Definitive Edition,59.99,1674151680.0,4,False
1809700,Persona 3 Portable,19.99,1674104448.0,1,False
2231380,Tom Clancy's Ghost Recon® Breakpoint,59.99,1674493200.0,20,False
939400,LoveChoice,1.99,1636981183.0,1,False
312520,Rain World,24.99,1490720400.0,5,False
1254320,Surviving the Abyss,19.99,1730819142.0,1,False
1485590,ENDLESS Dungeon™ - Definitive Edition,14.99,1697724240.0,2,False
1629520,A Little to the Left,14.99,1667919755.0,4,False
1888930,The Last of Us™ Part I,59.99,1680015509.0,48,False
1817230,Hi-Fi RUSH,29.99,1674680409.0,8,False
2239550,Watch Dogs®: Legion,59.99,1674755640.0,4,False
2231450,Pizza Tower,19.99,1674756022.0,9,False
2172860,The Elder Scrolls Online: Necrom,14.99,1685973600.0,3,False
1451190,Undisputed,49.99,1728401324.0,3,False
1581770,SpellForce: Conquest of Eo,29.99,1675432716.0,1,False
1282150,SpongeBob SquarePants: The Cosmic Shake,39.99,1675187837.0,1,False
2095300,Breakout 13,9.99,1673250900.0,1,False
1448440,Wo Long: Fallen Dynasty,39.99,1677830400.0,6,False
1943950,Escape the Backrooms,9.99,1761217224.0,17,False
1938010,WILD HEARTS™,69.99,1676559694.0,5,False
695330,SEASON: A letter to the future,24.99,1675184340.0,1,False
668580,Atomic Heart,49.6,1676933700.0,21,False
1342260,SAMURAI SHODOWN,49.53,1623690000.0,1,False
1805480,Like a Dragon: Ishin!,39.99,1676991780.0,3,False
1963370,No One Survived,16.99,1766828127.0,1,False
1649240,Returnal™,59.99,1676476646.0,2,False
1351080,Pharaoh™: A New Era,22.99,1676473161.0,1,False
1201540,HELLCARD,24.99,1706810418.0,1,False
1894430,Plan B: Terraform,15.99,1756472660.0,1,False
1971650,OCTOPATH TRAVELER II,59.99,1677257938.0,14,False
1016950,Blood Bowl 3,29.99,1677171687.0,2,False
1329880,Wild West Legacy,26.99,1724345830.0,1,False
1998340,Labyrinth of Galleria: The Moon Society,49.99,1676397737.0,1,False
1326470,Sons Of The Forest,29.99,1708624858.0,123,False
954850,Kerbal Space Program 2,49.99,1677247203.0,3,False
1530160,Digimon World: Next Order,59.99,1677020340.0,1,False
553540,Phantom Brigade,39.98,1677606351.0,1,False
1347970,Patch Quest,14.99,1677776663.0,1,False
1669000,Age of Wonders 4,49.99,1683043231.0,27,False
756800,Contraband Police,29.99,1678284082.0,6,False
1948980,Hero's Adventure: Road to Passion,17.98,1700103000.0,2,False
1331550,Big Ambitions,25.99,1678471242.0,5,False
1985810,Call of Duty®: Black Ops Cold War,59.99,1678294760.0,13,False
2000950,Call of Duty®: Modern Warfare®,59.99,1678294809.0,13,False
1432860,Sun Haven,24.99,1678494712.0,8,False
1214470,Hotel Renovator,24.99,1678208400.0,1,False
2130460,FATAL FRAME / PROJECT ZERO: Mask of the Lunar Eclipse,49.99,1678323600.0,1,False
1985820,Call of Duty®: Vanguard,59.99,1678294770.0,1,False
820520,Deceive Inc.,19.99,1679410841.0,5,False
1562430,DREDGE,39.99,1680192098.0,20,False
768200,Smalland: Survive the Wilds,34.99,1708005572.0,3,False
2138710,Sifu,45.48,1680011092.0,10,False
1929610,Demonologist,19.99,1695653691.0,10,False
1593030,Terra Nil,24.99,1680018708.0,2,False
2109370,The Great War: Western Front™,34.99,1680192042.0,1,False
774801,Crab Champions,9.99,1680364802.0,4,False
1466060,Tainted Grail: The Fall of Avalon,44.99,1748012455.0,21,False
2071280,Ravenswatch,24.99,1727366487.0,7,False
1358700,STRANGER OF PARADISE FINAL FANTASY ORIGIN,39.99,1680796699.0,3,False
1194810,Meet Your Maker,19.99,1680623424.0,1,False
1677350,EA SPORTS™ PGA TOUR™,69.99,1680840000.0,1,False
1798020,Mega Man Battle Network Legacy Collection Vol. 2,39.99,1681444800.0,2,False
1571100,Passpartout 2: The Lost Artist,24.99,1680625688.0,1,False
1798010,Mega Man Battle Network Legacy Collection Vol. 1,39.99,1681444800.0,1,False
1811990,Wildfrost,19.99,1681290029.0,2,False
1651560,Fabledom,20.99,1715605143.0,2,False
1928870,Minecraft Legends,39.99,1681832885.0,2,False
1457080,The Mageseeker: A League of Legends Story™,29.99,1681833645.0,1,False
1669980,Volcano Princess,10.99,1682049259.0,3,False
1364780,Street Fighter™ 6,39.99,1685678400.0,95,False
986130,Shadows of Doubt,24.99,1727366311.0,5,False
1888160,ARMORED CORE™ VI FIRES OF RUBICON™,59.99,1692914439.0,25,False
1294810,Redfall,39.99,1682985798.0,1,False
1245560,Roots of Pacha,24.99,1682441589.0,1,False
1321440,Cassette Beasts,19.99,1682521253.0,1,False
1940340,Darkest Dungeon® II,39.99,1683560828.0,9,False
1494420,Silica,19.99,1683121878.0,2,False
1566200,Tape to Tape,19.99,1683125503.0,1,False
2369390,Far Cry® 6,59.99,1683824300.0,14,False
1159690,Voidtrain,29.99,1762534799.0,3,False
669330,Mechabellum,14.99,1727362800.0,2,False
758690,Occupy Mars: The Game,29.99,1769796855.0,1,False
2126680,Lust Academy - Season 2,14.99,1683636584.0,1,False
1304930,The Outlast Trials,39.99,1709650061.0,37,False
1268750,Starship Troopers: Extermination,29.99,1728604776.0,7,False
1971870,Mortal Kombat 1,49.99,1695142740.0,33,False
2005010,"Warhammer 40,000: Boltgun",21.99,1684857482.0,2,False
1644320,Railway Empire 2,49.99,1685033710.0,1,False
2231010,Fetish Locator Week Three,19.99,1684961896.0,1,False
482400,System Shock,36.38,1685459032.0,5,False
1649010,Miasma Chronicles,34.99,1684853402.0,1,False
1589120,Above Snakes,24.99,1685023125.0,1,False
1607680,Bread & Fred,14.99,1684850464.0,1,False
1608230,Planet of Lana,23.98,1684853871.0,1,False
1785150,Friends vs Friends,9.99,1685455026.0,1,False
1730700,We Love Katamari REROLL+ Royal Reverie,29.99,1685656685.0,1,False
1810820,Etrian Odyssey III HD,39.99,1686751200.0,1,False
1139980,Travellers Rest,17.99,1595951905.0,3,False
1850160,Poly Bridge 3,19.99,1685465940.0,1,False
1868180,Etrian Odyssey HD,39.99,1686751200.0,1,False
1868170,Etrian Odyssey II HD,39.99,1686751200.0,1,False
1716740,Starfield,49.99,1693958400.0,33,False
2290180,Riders Republic,39.99,1686243574.0,14,False
1944430,Amnesia: The Bunker,24.99,1686034841.0,1,False
949230,Cities: Skylines II,49.99,1698163140.0,48,False
1272080,PAYDAY 3,29.99,1695308460.0,14,False
1282100,REMNANT II®,49.99,1690300800.0,35,False
1084160,Jagged Alliance 3,44.99,1689339441.0,5,False
671860,BattleBit Remastered,14.99,1686840122.0,18,False
1150440,Aliens: Dark Descent,39.99,1687186800.0,3,False
2379390,Tom Clancy’s Rainbow Six® Extraction,39.99,1686847810.0,1,False
1368130,Park Beyond,29.99,1686866378.0,1,False
1946700,Layers of Fear,29.99,1686846522.0,1,False
1548850,Six Days in Fallujah,39.99,1687441904.0,7,False
1641960,Forever Skies,29.99,1744650161.0,2,False
1164940,Trepang2,39.99,1687363208.0,1,False
1501610,Nova Lands,19.99,1687453230.0,1,False
1913210,AEW: Fight Forever,39.99,1688043367.0,1,False
1668540,The Legend of Heroes: Trails into Reverie,59.99,1688749260.0,1,False
2218750,Halls of Torment,6.66,1727182812.0,2,False
872670,SCP: 5K,19.99,1645549200.0,4,False
1286320,Exoprimal,59.99,1689307200.0,2,False
2163330,Yet Another Zombie Survivors,14.99,1689267766.0,2,False
538030,Xenonauts 2,39.99,1775149224.0,2,False
1382070,Viewfinder,24.99,1689685016.0,1,False
1457320,Techtonica,29.99,1731001216.0,1,False
1161590,Punch Club 2: Fast Forward,19.99,1689872400.0,1,False
1135230,Ember Knights,19.99,1689681673.0,1,False
1574260,My Friendly Neighborhood,29.99,1689681530.0,1,False
1895880,Ratchet & Clank: Rift Apart,59.99,1690383503.0,8,False
1101120,Gunsmith Simulator,13.05,1728053480.0,1,False
1584940,Lakeburg Legacies,22.99,1689859907.0,1,False
1880330,Sanfu,10.99,1690527013.0,1,False
1937500,Let's School,19.99,1690422600.0,1,False
2239150,Thronefall,12.99,1728650983.0,3,False
1702010,Sengoku Dynasty,27.73,1731001402.0,2,False
2357570,Overwatch®,14.99,1691692200.0,88,True
1449690,The Walking Dead: The Telltale Definitive Series,49.99,1603991832.0,4,False
1658040,I Am Future: Cozy Apocalypse Survival,19.99,1731520848.0,1,False
1230530,Atlas Fallen: Reign Of Sand,39.99,1691618020.0,1,False
1920780,Stray Gods: The Roleplaying Musical,29.99,1691650720.0,1,False
1171690,Wayfinder,24.99,1729526761.0,5,False
1433140,The Texas Chain Saw Massacre,14.99,1692365454.0,4,False
1353230,Bomb Rush Cyberfunk,39.99,1692367221.0,2,False
1545560,Shadow Gambit: The Cursed Crew,39.99,1692287820.0,2,False
1538970,Hammerwatch II,24.99,1692115199.0,1,False
2273430,BlazBlue Entropy Effect,19.99,1707933600.0,5,False
1028310,BOOK OF HOURS,24.99,1692291600.0,1,False
1450900,Desynced,29.99,1772712028.0,1,False
2201940,Ship Graveyard Simulator 2,24.99,1692189985.0,1,False
2114740,Blasphemous 2,44.99,1692893068.0,4,False
2080690,Sunkenland,19.99,1693011743.0,11,False
742420,Saints Row,29.99,1692888034.0,1,False
1260320,Party Animals,19.99,1695208320.0,38,False
1244090,Sea of Stars: Sunset Edition,34.99,1693279980.0,4,False
1778820,TEKKEN 8,39.99,1706223600.0,31,False
1696440,The Matchless Kungfu,19.99,1730854800.0,1,False
2183650,MEGA MAN X DiVE Offline,29.99,1693540867.0,1,False
2230110,Fae Farm,29.99,1694189088.0,2,False
1063420,Void Crew,24.99,1732553978.0,1,False
1206610,Rubber Bandits,9.99,1638449748.0,1,False
1627720,Lies of P,59.99,1695048142.0,42,False
1876890,Wandering Sword,24.99,1694746032.0,3,False
1658150,Moonstone Island,19.99,1695228828.0,1,False
1902690,Fate/Samurai Remnant,39.99,1695949200.0,5,False
1766060,HumanitZ,19.99,1770400717.0,2,False
1755830,Astrea: Six-Sided Oracles,24.99,1695311140.0,2,False
2440510,Forza Motorsport,69.99,1696910333.0,4,False
1958220,WitchSpring R,34.99,1695693383.0,1,False
1202200,Paleo Pines,29.99,1695731304.0,1,False
1501750,Lords of the Fallen,29.99,1697202293.0,11,False
1937780,Total War: PHARAOH,39.99,1697032565.0,4,False
1599330,Wildmender,24.99,1695915883.0,1,False
2250600,Disgaea 7: Vows of the Virtueless,59.99,1696352400.0,1,False
2395210,Tony Hawk's™ Pro Skater™ 1 + 2,39.99,1696352460.0,1,False
1332720,Thief Simulator 2,19.99,1696424183.0,2,False
1676840,For The King II,24.99,1698944426.0,5,False
1566880,SWORD ART ONLINE Last Recollection,59.99,1696543287.0,1,False
1167750,The Lamplighters League,49.99,1696348724.0,1,False
2285150,The Front,19.99,1761824793.0,2,False
1622900,Star Trek: Infinite,29.99,1697119305.0,1,False
2022670,SONIC SUPERSTARS,39.99,1697515200.0,2,False
1150530,Wizard with a Gun,24.99,1697558100.0,2,False
2344520,Diablo® IV,49.99,1697568600.0,105,False
2322560,Love Is All Around,9.99,1697601540.0,5,False
2131680,METAL GEAR & METAL GEAR 2: Solid Snake,19.99,1698134820.0,4,False
2216830,The Jackbox Party Pack 10,29.99,1697691636.0,1,False
849100,Alaskan Road Truckers,33.28,1697640675.0,1,False
1357210,Galactic Civilizations IV,39.99,1697727797.0,1,False
2399830,ARK: Survival Ascended,44.99,1698296845.0,81,False
2144740,Ghostrunner 2,39.99,1698332112.0,2,False
1989270,Slay the Princess — The Pristine Cut,17.99,1698069541.0,1,False
1849250,EA SPORTS™ WRC,49.99,1698940980.0,2,False
1966720,Lethal Company,9.99,1698095392.0,64,False
1681430,RoboCop: Rogue City,39.99,1698944402.0,10,False
2238900,STAR OCEAN THE SECOND STORY R,49.99,1698940560.0,2,False
835960,The Talos Principle 2,29.99,1698939940.0,2,False
2375550,Like a Dragon Gaiden: The Man Who Erased His Name,49.99,1699455600.0,3,False
1333200,Song of Nunu: A League of Legends Story,29.99,1698854550.0,1,False
1735700,Back to the Dawn,23.99,1752805989.0,1,False
1337520,Risk of Rain Returns,14.99,1699469751.0,2,False
2140020,Stronghold: Definitive Edition,14.99,1699375537.0,2,False
1643310,Dungeons 4,59.99,1699552552.0,1,False
2017080,Nickelodeon All-Star Brawl 2,49.99,1699376400.0,1,False
692890,Roboquest,24.99,1699363960.0,3,False
1963570,Cuisineer,24.99,1699550514.0,1,False
2103140,Magicraft,15.99,1730514735.0,1,False
2244130,Ratopia,22.0,1746064527.0,1,False
2254740,Persona 5 Tactica,59.99,1700197177.0,1,False
1844380,Warhammer Age of Sigmar: Realms of Ruin,59.99,1700236806.0,1,False
1020790,NARUTO X BORUTO Ultimate Ninja STORM CONNECTIONS,59.99,1700175554.0,1,False
2334730,Death Must Die,6.99,1699997662.0,4,False
1274600,The Last Faith,27.99,1700060040.0,1,False
2005160,Naheulbeuk's Dungeon Master,24.99,1700055128.0,1,False
1748620,FlipWitch - Forbidden Sex Hex,14.99,1700278735.0,1,False
1469610,Last Train Home,39.99,1701179883.0,2,False
2054970,Dragon's Dogma 2,39.99,1711065840.0,17,False
2230650,TEVI,35.68,1701309316.0,1,False
2134770,SteamWorld Build,24.77,1701439223.0,1,False
2351560,Apocalypse Party,9.99,1701399571.0,1,False
2653790,The Exit 8,3.99,1701255646.0,1,False
2186680,"Warhammer 40,000: Rogue Trader",49.99,1701964560.0,34,False
2073850,THE FINALS,39.99,1702007340.0,58,True
1540210,Arizona Sunshine® VR 2,39.99,1701972000.0,1,False
1190970,House Flipper 2,39.99,1702558427.0,14,False
2157560,Granblue Fantasy Versus: Rising,49.99,1702528938.0,9,False
2155180,Pioneers of Pagonia,34.99,1765460158.0,1,False
2287520,Five Nights at Freddy's: Help Wanted 2,39.99,1702562394.0,2,False
2052410,WITCH ON THE HOLY NIGHT,39.99,1702540842.0,1,False
2273420,Peeping Dorm Manager,10.99,1702692075.0,1,False
2495450,Winter Memories,19.99,1704499200.0,2,False
2072450,Like a Dragon: Infinite Wealth,69.99,1706194800.0,13,False
2161700,Persona 3 Reload,59.99,1706850044.0,37,False
1708010,The Expanse: A Telltale Series,24.99,1700488959.0,1,False
1747760,Momodora: Moonlit Farewell,16.99,1704960026.0,1,False
1623730,Palworld,29.99,1783652772.0,80,False
2198510,New Cycle,29.99,1705598422.0,1,False
2201710,Three Kingdoms Zhao Yun,19.99,1705564304.0,1,False
2511500,Dominions 6 - Rise of the Pantokrator,44.99,1705486605.0,1,False
553850,HELLDIVERS™ 2,39.99,1707382200.0,126,False
1830970,The Last Flame,19.99,1736445768.0,1,False
2076010,UNDER NIGHT IN-BIRTH II Sys:Celes,49.99,1706137206.0,2,False
2662630,The Elder Scrolls Online: Gold Road,14.99,1717423200.0,2,False
1203620,Enshrouded,29.99,1706107189.0,63,False
315210,Suicide Squad: Kill the Justice League,69.99,1706896615.0,4,False
2420110,Horizon Forbidden West™ Complete Edition,59.99,1711032960.0,20,False
2187220,Apollo Justice: Ace Attorney Trilogy,49.99,1706159032.0,1,False
881020,Granblue Fantasy: Relink,39.99,1706763579.0,18,False
1877020,Jujutsu Kaisen Cursed Clash,59.99,1706828455.0,1,False
2190220,Touhou Danmaku Kagura Phantasia Lost,19.99,1707318014.0,1,False
2362300,Train Sim World® 4,29.99,1695747623.0,2,False
2321470,Deep Rock Galactic: Survivor,12.99,1758106855.0,6,False
2478970,Tomb Raider I-III Remastered Starring Lara Croft,29.99,1707889138.0,2,False
1493640,Banishers: Ghosts of New Eden,49.8,1707757080.0,2,False
850190,Goat Simulator 3,29.99,1708005701.0,3,False
2071500,Islands of Insight,29.99,1707847097.0,1,False
1718570,ASTLIBRA Revision,24.99,1665665987.0,1,False
1928980,Nightingale,29.99,1708448158.0,3,False
2379780,Balatro,14.99,1708440403.0,34,False
1458140,Pacific Drive,29.99,1708588765.0,7,False
1371580,Myth of Empires,29.99,1708542000.0,4,False
2399420,Le Mans Ultimate,39.99,1753174844.0,4,False
2670630,Supermarket Simulator,19.99,1750355007.0,22,False
2446550,STAR WARS™: Battlefront Classic Collection,35.01,1710392072.0,4,False
1839950,Terminator: Dark Fate - Defiance,39.99,1708527651.0,1,False
1893810,Solium Infernum,39.99,1708632002.0,1,False
1759380,Bandle Tale: A League of Legends Story,24.99,1708534686.0,1,False
2477340,Expeditions: A MudRunner Game,39.99,1709658275.0,2,False
2292260,STAR WARS™: Dark Forces Remaster,29.99,1709125217.0,1,False
1684350,The Thaumaturge,34.99,1709575226.0,2,False
2427700,Backpack Battles,14.99,1749833998.0,4,False
2215430,Ghost of Tsushima DIRECTOR'S CUT,59.99,1715871540.0,46,False
1601580,Frostpunk 2,44.99,1726851665.0,10,False
2497920,A Difficult Game About Climbing,9.99,1709744433.0,1,False
266410,iRacing,9.99,1421092320.0,24,False
1677110,Lightyear Frontier,20.28,1710870371.0,2,False
1310410,Alone in the Dark,39.99,1710943014.0,1,False
1214650,SOUTH PARK: SNOW DAY!,29.99,1711461451.0,2,False
1268590,Millennia,39.99,1711472175.0,2,False
2313330,TerraTech Worlds,29.99,1711130418.0,1,False
1566690,Outpost: Infinity Siege,24.99,1711468698.0,2,False
2786680,"Knowledge, or know Lady",6.99,1711677270.0,1,False
2725260,ENDER MAGNOLIA: Bloom in the Mist,24.99,1737557958.0,2,False
2881650,Content Warning,7.99,1711987152.0,14,False
2524890,Pixel Gun 3D: PC Edition,27.98,1712071560.0,2,True
2835570,Buckshot Roulette,2.99,1712250013.0,6,False
871540,BMX Streets,24.99,1712299564.0,1,False
1465460,Infection Free Zone,24.99,1712854321.0,3,False
1924490,Gigantic: Rampage Edition,19.99,1712667646.0,1,False
2437170,SMITE 2,29.99,1724756340.0,7,True
2116120,Incursion Red River,21.99,1712771990.0,2,False
1062810,Inkbound,29.99,1712676673.0,1,False
1823950,Laysara: Summit Kingdom,24.99,1772215327.0,1,False
1371980,No Rest for the Wicked,39.99,1713456041.0,14,False
1492070,Sker Ritual,19.99,1713445298.0,3,False
934700,Dead Island 2,49.99,1713797578.0,15,False
2654470,BUNNY GARDEN,24.99,1713463514.0,2,False
1658280,Eiyuden Chronicle: Hundred Heroes,49.99,1713879651.0,2,False
1162750,Songs of Syx,24.99,1600704159.0,1,False
2698940,The Crew Motorfest,69.99,1713459600.0,6,False
1363080,Manor Lords,39.99,1714136367.0,30,False
1812450,Bellwright,29.99,1713873625.0,9,False
1887840,Another Crab's Treasure,29.99,1714060476.0,4,False
2015270,Rotwood,29.99,1772551519.0,2,False
1785650,TopSpin 2K25,19.99,1714104480.0,1,False
1979440,SAND LAND,59.99,1714082632.0,1,False
2666510,Rusty's Retirement,6.99,1714133095.0,2,False
2450450,MEGATON MUSASHI W: WIRED,49.99,1714003116.0,1,False
2479810,Gray Zone Warfare,39.99,1714469908.0,15,False
1145350,Hades II,29.99,1758816089.0,27,False
427410,Abiotic Factor,34.99,1753205877.0,19,False
983870,FOUNDRY,29.99,1714666576.0,3,False
1188930,Chrono Ark,24.99,1714706946.0,1,False
1536090,Echoes of the Plum Grove,19.99,1714406387.0,1,False
813230,ANIMAL WELL,24.99,1715259611.0,3,False
1840080,Homeworld 3,53.06,1715622480.0,2,False
1177980,"Little Kitty, Big City",30.58,1715270262.0,2,False
2132850,Rabbit and Steel,14.99,1715270182.0,2,False
2418520,Farm Together 2,25.99,1748624338.0,1,False
1996010,Crow Country,19.99,1715266844.0,1,False
1128860,Men of War II,44.99,1715791914.0,1,False
2111190,MULLET MADJACK,19.99,1715782329.0,1,False
2461850,Hellblade II: Senua’s Saga,49.99,1716278303.0,2,False
2183900,"Warhammer 40,000: Space Marine 2",59.99,1725898212.0,73,False
2488620,F1® 24,1.99,1717167600.0,10,False
2703850,Rooftops & Alleys: The Parkour Game,24.99,1750085952.0,1,False
2739590,Mad Island,19.99,1716476557.0,2,False
1266540,Ships At Sea,24.99,1716457523.0,1,False
2646460,Soulmask,29.99,1775790000.0,6,False
1809540,Nine Sols,29.99,1716965608.0,5,False
1556100,Killer Klowns From Outer Space: The Game,39.99,1717516800.0,2,False
1592280,Selaco,24.99,1717164081.0,1,False
1875060,Reus 2,24.99,1716904686.0,1,False
2358720,Black Myth: Wukong,59.99,1724119114.0,68,False
2406770,Bodycam,33.32,1717801177.0,15,False
1790600,DRAGON BALL: Sparking! ZERO,49.99,1728597600.0,22,False
380600,Fishing Planet,95.97,1503936120.0,3,True
1875830,Shin Megami Tensei V: Vengeance,59.99,1718334000.0,4,False
2695940,PANICORE,9.99,1717164027.0,1,False
2552430,KINGDOM HEARTS -HD 1.5+2.5 ReMIX-,49.99,1718294274.0,14,False
1859910,Legend of Mortal,19.99,1718348400.0,1,False
1411910,Fallen Aces,14.99,1718391915.0,1,False
2356560,Monster Hunter Stories,29.99,1718337542.0,1,False
2567870,Chained Together,4.99,1718811835.0,13,False
1995520,Pax Dei,29.99,1760626399.0,1,False
1898300,ASKA,24.99,1718895248.0,1,False
2933080,Crime Boss: Rockay City,19.99,1718721960.0,2,False
1708850,Drug Dealer Simulator 2,40.48,1718893274.0,1,False
1622910,Still Wakes the Deep,32.98,1718701237.0,1,False
2840770,Avatar: Frontiers of Pandora™,29.99,1718643620.0,12,False
2195120,Go-Go Town!,27.99,1784246416.0,1,False
1712350,Riven,34.99,1719331193.0,1,False
2300320,Farming Simulator 25,29.99,1731414840.0,58,False
2458860,Summer Clover,17.99,1719453780.0,1,False
1934680,Age of Mythology: Retold,29.99,1725469217.0,13,False
1978590,Anger Foot,19.99,1720718198.0,1,False
2291060,EARTH DEFENSE FORCE 6,59.99,1721890800.0,4,False
1465470,The Crust,36.77,1721056098.0,2,False
1857090,Norland,29.99,1721307370.0,2,False
2669320,EA SPORTS FC™ 25,0.99,1727409120.0,54,False
1939970,Nobody Wants to Die,24.99,1721227289.0,1,False
2510710,Kunitsu-Gami: Path of the Goddess,39.99,1721361600.0,1,False
1416920,Chinese Online Game,9.99,1721369230.0,1,False
1422440,Cataclismo,29.99,1742488793.0,3,False
2591280,F1® Manager 2024,34.99,1721743256.0,2,False
2290000,TerraScape,14.99,1721217834.0,1,False
2816950,Yaoling: Mythical Journey,19.99,1750319798.0,1,False
2849080,Kingdom Rush 5: Alliance TD,19.99,1721908863.0,2,False
2307350,Into the Radius 2,39.99,1776962485.0,1,False
2445690,Lost Castle 2,17.99,1781150313.0,2,False
2012510,Stormgate,64.99,1754419930.0,1,True
983380,Car Manufacture,19.99,1722527918.0,1,False
2142790,Fields of Mistria,13.99,1785944790.0,5,False
2366980,Thank Goodness You're Here!,19.99,1722527998.0,2,False
2638370,Five Nights at Freddy's: Into the Pit,19.99,1723064413.0,2,False
2396980,Fate/stay night REMASTERED,29.99,1723042709.0,1,False
2751000,Prince of Persia The Lost Crown,29.99,1723136365.0,2,False
2400510,Dungeons & Degenerate Gamblers,14.99,1723136498.0,1,False
2396240,SteamWorld Heist II,29.99,1723129087.0,1,False
2305840,Cat Quest III,19.99,1723100509.0,1,False
1575940,Sins of a Solar Empire II,49.99,1723723590.0,3,False
2162800,shapez 2 - Factory,29.99,1776943550.0,5,False
1040200,Crime Scene Cleaner,29.99,1723647079.0,4,False
1845910,Dragon Age™: The Veilguard,59.99,1730390463.0,14,False
1456940,Level Zero: Extraction,19.99,1738170184.0,1,False
2059530,Dawn of Defiance,19.99,1723723245.0,1,False
2515020,FINAL FANTASY XVI,49.99,1726581577.0,17,False
2780980,LOCKDOWN Protocol,9.99,1763485360.0,10,False
1295660,Sid Meier's Civilization VII,69.99,1739228460.0,29,False
1043810,Tactical Breach Wizards,19.99,1724345700.0,2,False
1672500,GUNDAM BREAKER 4,59.99,1724882572.0,3,False
1771300,Kingdom Come: Deliverance II,59.99,1738683276.0,52,False
2853730,Skull and Bones,29.99,1724346083.0,1,False
2490990,Visions of Mana,59.99,1724947920.0,2,False
2933130,The Lord of the Rings: Return to Moria™,29.99,1724778000.0,6,False
1114150,CarX Street,19.99,1724914860.0,3,False
2878980,NBA 2K25,69.99,1730145600.0,50,False
2067050,Squirrel with a Gun,19.99,1724947244.0,1,False
2369900,Castlevania Dominus Collection,24.99,1724770980.0,1,False
2228280,MEMORIAPOLIS,32.0,1746031676.0,1,False
2696050,Yarimono,24.99,1725004861.0,1,False
2440380,Megaloot,9.99,1725026667.0,1,False
2223840,The Casting of Frank Stone™,29.99,1725379330.0,2,False
2878600,Harry Potter: Quidditch Champions,29.99,1725368400.0,2,False
2313020,Umamusume: Pretty Derby - Party Dash,44.99,1724943652.0,1,False
2380050,Star Trucker,24.99,1725371760.0,1,False
2683150,Ale & Tale Tavern,14.99,1725530304.0,1,False
2401970,Ace Attorney Investigations Collection,39.99,1725595431.0,1,False
2920570,Dale & Dawson Stationery Supplies,7.99,1725030032.0,2,False
2322010,God of War Ragnarök,59.99,1726758000.0,26,False
1249970,Test Drive Unlimited Solar Crown,49.99,1726156807.0,2,False
2634890,MARVEL vs. CAPCOM Fighting Collection: Arcade Classics,49.99,1726113756.0,1,False
2658450,LOLLIPOP CHAINSAW RePOP,44.99,1726114314.0,1,False
3070070,TCG Card Shop Simulator,19.99,1726399396.0,11,False
2688950,Planet Coaster 2,49.99,1730905185.0,6,False
1737870,REKA,19.99,1726131242.0,1,False
2644470,PICO PARK 2,8.99,1726124435.0,2,False
2175540,DRAGON QUEST MONSTERS: The Dark Prince,39.99,1726070486.0,1,False
1796790,Chef RPG,19.99,1726149547.0,1,False
2527390,Dead Rising Deluxe Remaster,49.99,1726704287.0,1,False
2198150,Tiny Glade,14.99,1727106693.0,8,False
1147860,UFO 50,24.99,1726671139.0,2,False
1627570,The Plucky Squire,29.99,1726588291.0,1,False
3156770,Witchfire,39.99,1727106719.0,4,False
2246340,Monster Hunter Wilds,39.99,1740718895.0,59,False
2828860,The Forever Winter,29.99,1727204404.0,2,False
1858630,SWORD ART ONLINE Fractured Daydream,84.99,1727992870.0,3,False
2537590,Microsoft Flight Simulator 2024,69.99,1732032103.0,28,False
2679460,Metaphor: ReFantazio,69.99,1728619150.0,20,False
2021880,Ara History Untold: Anniversary Edition ,49.99,1727197200.0,1,False
2124490,SILENT HILL 2,69.99,1728360060.0,12,False
2172010,Until Dawn™,59.99,1728053880.0,2,False
3097560,Liar's Bar,6.99,1727877687.0,16,False
2458560,Zoochosis,24.99,1727701369.0,1,False
2193540,Wizard of Legend 2,24.99,1749736814.0,1,False
3021100,Five Hearts Under One Roof,19.99,1727913625.0,1,False
2668510,Red Dead Redemption,49.99,1730210569.0,18,False
1442430,Storage Hunter Simulator,38.68,1764248499.0,1,False
3170540,Backyard Baseball '97,9.99,1728567270.0,1,False
3035570,Assassin's Creed Mirage,49.99,1729184426.0,8,False
2000890,MechWarrior 5: Clans,29.99,1729123003.0,1,False
2513280,SONIC X SHADOW GENERATIONS,49.99,1729828630.0,6,False
2288150,ROMANCE OF THE THREE KINGDOMS 8 REMAKE,59.99,1729731600.0,2,False
3146520,WEBFISHING,4.99,1728673231.0,6,False
2420660,Neva,19.99,1729007124.0,1,False
1585180,Drova - Forsaken Kin,24.99,1729000686.0,1,False
2233120,A Quiet Place: The Road Ahead,29.99,1729170018.0,1,False
1874000,Life is Strange: Double Exposure,49.99,1730217444.0,3,False
2217000,Rivals of Aether II,29.99,1729702308.0,2,False
1911610,Windblown,24.99,1729785561.0,2,False
2455640,Romancing SaGa 2: Revenge of the Seven,49.99,1729785576.0,3,False
292000,No More Room in Hell 2,29.99,1729609428.0,2,False
2731870,Ys X: Nordics,59.99,1729875660.0,1,False
2772750,Age of History 3,9.99,1729677837.0,1,False
2135150,Elin,19.99,1730444404.0,4,False
2701660,DRAGON QUEST III HD-2D Remake,59.99,1731603430.0,3,False
2272900,Mirthwood,24.99,1730912443.0,1,False
2996040,Teenage Mutant Ninja Turtles: Splintered Fate,29.99,1730908982.0,1,False
2288630,Taiko no Tatsujin: Rhythm Festival,79.99,1730934353.0,1,False
2287330,Empire of the Ants,39.99,1730966121.0,1,False
1590760,Metal Slug Tactics,24.99,1730815170.0,1,False
1481170,ZEPHON,39.99,1731074418.0,1,False
2669410,Metro Awakening,29.99,1730998712.0,1,False
2211170,Unrailed 2: Back on Track,19.99,1781197792.0,1,False
1286220,Sea Power : Naval Combat in the Missile Age,49.99,1731405333.0,1,False
2716400,The Rise of the Golden Idol,19.99,1731434337.0,1,False
2475490,Mouthwashing,12.99,1727369986.0,1,False
2510960,Temtem: Swarm,12.99,1775149176.0,1,False
2694490,Path of Exile 2,29.99,1733510040.0,55,False
2408820,Luma Island,19.99,1732096458.0,3,False
2842040,Star Wars Outlaws,69.99,1732211905.0,12,False
2768430,ATLYSS,9.99,1732316420.0,3,False
2178070,Towers of Aghasba,29.99,1732035692.0,1,False
2384580,DYNASTY WARRIORS: ORIGINS,69.99,1737075600.0,15,False
2647680,ICBM: Escalation,29.99,1732200260.0,1,False
2356780,Dungeon Clawler,14.99,1777561234.0,1,False
2677660,Indiana Jones and the Great Circle,69.99,1733702499.0,8,False
2909110,Nuclear Nightmare,6.99,1729486446.0,1,False
333640,Caves of Qud,29.99,1733417760.0,1,False
2909400,FINAL FANTASY VII REBIRTH,49.99,1737641006.0,16,False
2916430,Fast Food Simulator,14.99,1733857145.0,6,False
2527500,MiSide,14.99,1733889561.0,9,False
2289720,Kaiju Princess 2,17.99,1734055247.0,1,False
2521380,Legacy of Kain™ Soul Reaver 1&2 Remastered,29.99,1733846420.0,1,False
2667120,Ballionaire,12.34,1733839122.0,1,False
2353250,Astrometica,19.99,1733837556.0,1,False
2141730,Backrooms: Escape Together,9.99,1666098221.0,4,False
3004100,FREEDOM WARS Remastered,39.99,1736463677.0,1,False
1750770,Starcom: Unknown Space,24.99,1725296672.0,1,False
2531310,The Last of Us™ Part II Remastered,49.99,1743699480.0,17,False
3058630,Assetto Corsa EVO,39.99,1737042893.0,2,False
619820,Heroes of Hammerwatch II,19.99,1736893073.0,2,False
1660080,Aloft,24.99,1736953015.0,2,False
1534840,Hyper Light Breaker,29.99,1736874000.0,1,False
2530980,Tales of Graces f Remastered,39.99,1737068502.0,1,False
1245480,SYNDUALITY Echo of Ada,39.99,1737673277.0,1,False
2854740,Nunholy,7.99,1737079931.0,1,False
2634950,Tokyo Xtreme Racer,49.99,1758767065.0,3,False
3287520,NINJA GAIDEN 2 Black,49.99,1737658854.0,1,False
1133870,Space Engineers 2,29.99,1738002058.0,2,False
3017860,DOOM: The Dark Ages,69.99,1747267245.0,15,False
2820820,Jotunnslayer: Hordes of Hel,14.99,1756917692.0,1,False
3159330,Assassin’s Creed Shadows,69.99,1742430660.0,31,False
2651280,Marvel's Spider-Man 2,59.99,1738252800.0,21,False
2495100,Hello Kitty Island Adventure,39.99,1738224044.0,6,False
2169200,Sniper Elite: Resistance,49.99,1738246187.0,1,False
2273980,Orcs Must Die! Deathtrap,29.99,1738065957.0,1,False
3059070,The Headliners,7.99,1738238747.0,4,False
2457540,Cardfight!! Vanguard Dear Days 2,69.99,1738198585.0,1,False
1763250,SWORN,30.99,1758643151.0,2,False
2073250,Rift of the NecroDancer,19.99,1738776630.0,1,False
3244220,A Game About Digging A Hole™,4.99,1738929661.0,3,False
2457220,Avowed,49.99,1739901660.0,5,False
2967990,Train Sim World® 5,39.99,1726592413.0,3,False
2622380,ELDEN RING NIGHTREIGN,39.99,1748555952.0,36,False
3061810,Like a Dragon: Pirate Yakuza in Hawaii,59.99,1740063660.0,3,False
2668430,The Legend of Heroes: Trails through Daybreak II,59.99,1739556015.0,1,False
3178350,WARRIORS: Abyss,24.99,1739401212.0,1,False
371970,Barony,19.99,1435075199.0,3,False
2001120,Split Fiction,49.99,1741277100.0,50,False
1270580,Mind Over Magic,24.99,1739382727.0,1,False
2385530,PGA TOUR 2K25,39.99,1740718620.0,5,False
1902960,Lost Records: Bloom & Rage,34.98,1739869254.0,1,False
2104890,RoadCraft,39.99,1747752675.0,8,False
3123410,Atelier Yumia: The Alchemist of Memories & the Envisioned Land,69.99,1742518800.0,4,False
2026820,Die in the Dungeon,14.99,1777658610.0,1,False
2750000,Microtopia,19.99,1739893852.0,1,False
3241660,R.E.P.O.,9.99,1740578356.0,68,False
2185060,Two Point Museum,29.99,1741107507.0,10,False
2878960,WWE 2K25,59.99,1741906800.0,3,False
3013550,Yu-Gi-Oh! EARLY DAYS COLLECTION,49.99,1740664935.0,1,False
1932640,Suikoden I&II HD Remaster Gate Rune and Dunan Unification Wars,49.99,1741248120.0,1,False
3240220,Grand Theft Auto V Enhanced,29.99,1741091880.0,57,False
1340990,Rise of the Ronin,49.99,1741654815.0,2,False
1984020,Everhood 2,19.99,1741096865.0,1,False
1299460,Wanderstop,24.99,1741697962.0,1,False
3164500,Schedule I,19.99,1742853611.0,55,False
1203190,Wreckfest 2,34.99,1742489789.0,2,False
2680010,The First Berserker: Khazan,59.99,1743087633.0,7,False
1689620,BLEACH Rebirth of Souls,59.99,1742508037.0,1,False
801800,Atomfall,49.99,1743083820.0,4,False
2456740,inZOI,39.99,1743120004.0,10,False
2407270,AI LIMIT,34.99,1743084027.0,3,False
1172710,Dune: Awakening,49.99,1749564063.0,22,False
1324780,Easy Red 2,8.99,1641503362.0,3,False
3028310,Nordhold,19.99,1742921998.0,2,False
3020510,Legend of Heroes: Three Kingdoms,19.99,1742959771.0,1,False
3117820,Sultan's Game,24.99,1743390037.0,5,False
2452080,SaGa Frontier 2 Remastered,29.99,1743091026.0,1,False
1796470,Haste,19.99,1743512588.0,2,False
1934570,South of Midnight,39.99,1744128081.0,2,False
1569580,Blue Prince,29.99,1744293403.0,9,False
2239710,Into the Dead: Our Darkest Days,24.99,1744236022.0,2,False
1401730,Crashlands 2,24.99,1744297245.0,1,False
1479730,Commandos: Origins,49.99,1744207121.0,1,False
2680550,Hollywood Animal,19.99,1744300651.0,1,False
2827230,Wild Assault,14.99,1779969883.0,1,False
2608270,Intravenous 2,19.99,1723741321.0,1,False
2625420,Drive Beyond Horizons,24.99,1742835787.0,10,False
1374490,RuneScape: Dragonwilds,29.99,1744735534.0,6,False
1486920,Tempest Rising,39.99,1745513962.0,3,False
2492040,FATAL FURY: City of the Wolves,19.99,1769068848.0,2,False
1903340,Clair Obscur: Expedition 33,49.99,1745478027.0,49,False
1721060,Mandragora: Whispers of the Witch Tree,39.99,1744873314.0,1,False
3255380,LUNAR Remastered Collection,49.99,1744959559.0,1,False
1931180,Lost Skies,24.99,1758113967.0,1,False
2138720,REMATCH,49.99,1750327103.0,10,False
2623190,The Elder Scrolls IV: Oblivion Remastered,49.99,1745334060.0,14,False
3014080,The Hundred Line -Last Defense Academy-,59.99,1745467231.0,3,False
2869860,Monster Prom 4: Monster Con,14.99,1745515180.0,1,False
2414270,Sunderfolk,49.99,1745420125.0,1,False
3228590,Deadzone: Rogue,24.99,1754931634.0,5,False
2277560,WUCHANG: Fallen Feathers,49.99,1753321583.0,7,False
3238670,Conquest Dark,9.99,1746013693.0,1,False
1604270,Broken Arrow,49.99,1750348800.0,5,False
2488370,Cash Cleaner Simulator,19.99,1746719941.0,2,False
2787320,Revenge of the Savage Planet,29.99,1746727200.0,1,False
3226530,Tower Dominion,17.49,1746672836.0,1,False
2525310,Drop Duchy,14.99,1746456799.0,1,False
2863640,The Midnight Walk,29.99,1746712615.0,1,False
2993780,FANTASY LIFE i: The Girl Who Steals Time,59.99,1747839591.0,7,False
3168600,Among Us 3D,9.99,1746550787.0,1,False
3489700,Stellar Blade™,59.99,1749678927.0,23,False
490110,The Precinct,29.99,1747147921.0,2,False
2400430,Capcom Fighting Collection 2,39.99,1747368020.0,1,False
3400000,Cubic Odyssey,24.99,1747238452.0,1,False
2292800,Blacksmith Master,19.99,1747313717.0,1,False
2742830,Monster Train 2,24.99,1747834582.0,3,False
1153410,JDM: Japanese Drift Master,34.99,1747835563.0,1,False
2784470,9 Kings,19.99,1748004922.0,3,False
3059520,F1® 25,49.99,1748617380.0,33,False
1857740,MOBILE SUIT GUNDAM SEED BATTLE DESTINY REMASTERED,39.99,1747864831.0,1,False
2404880,Car Dealer Simulator,19.99,1748537256.0,2,False
2543180,POPUCOM,19.99,1748831400.0,2,False
3400930,Guilty as Sock!,5.5,1748508043.0,3,False
2393160,Nice Day for Fishing,23.99,1748534329.0,1,False
1671210,DELTARUNE,24.99,1749048929.0,11,False
2864560,Rune Factory: Guardians of Azuma,59.99,1749095465.0,2,False
3008130,Dying Light: The Beast,59.99,1758211254.0,20,False
1004640,FINAL FANTASY TACTICS - The Ivalice Chronicles,49.99,1759247896.0,5,False
2215390,Five Nights at Freddy's: Secret of the Mimic,39.99,1749834015.0,2,False
1601570,The Alters,34.99,1749816029.0,2,False
2201320,Date Everything!,29.99,1750175956.0,8,False
1285190,Borderlands 4,99.99,1757606481.0,24,False
3527290,PEAK,7.99,1750093261.0,46,False
3350200,Revenge on gold diggers ,6.99,1750320768.0,2,False
2288350,RAIDOU Remastered: The Mystery of the Soulless Army,49.99,1750305653.0,1,False
3483740,Cast n Chill,14.99,1750089887.0,1,False
2272540,FBC: Firebreak,19.99,1750154635.0,1,False
2695570,Kindergarten 3,19.99,1750262159.0,1,False
2545710,Tony Hawk's™ Pro Skater™ 3 + 4,49.99,1752206438.0,1,False
2383200,PATAPON 1+2 REPLAY,29.99,1752184813.0,1,False
3024040,Stronghold Crusader: Definitive Edition,19.99,1752590643.0,3,False
3405690,EA SPORTS FC™ 26,69.99,1758841140.0,48,False
1430190,Killing Floor 3,39.99,1753362060.0,3,False
2235200,Neon Abyss 2,19.99,1752745933.0,1,False
3101040,Magical Girl Witch Trials,29.99,1752834333.0,3,False
3249650,Little Fighter 2 Remastered,15.88,1752846372.0,1,False
2824490,He is Coming,19.99,1752757029.0,1,False
3504780,Wildgate,29.99,1753195440.0,2,False
2753900,The King is Watching,14.99,1753091458.0,1,False
1782460,Hell Clock,19.99,1753195537.0,1,False
3716600,Mage Arena,2.99,1753373693.0,4,False
2661300,Grounded 2,29.99,1753808815.0,6,False
2807960,Battlefield™ 6,69.99,1760108280.0,46,False
1154030,Titan Quest II,34.99,1754074735.0,3,False
2016460,Tales of the Shire: A The Lord of The Rings™ Game,34.99,1753804164.0,1,False
1941540,Mafia: The Old Country,59.99,1754582400.0,4,False
2928600,Demon Slayer -Kimetsu no Yaiba- The Hinokami Chronicles 2,59.99,1754409646.0,3,False
2542120,NINJA GAIDEN: Ragebound,24.99,1753973640.0,1,False
2347080,Frosthaven,39.99,1753977327.0,1,False
2133760,Tiny Bookshop,19.99,1754584164.0,2,False
3230400,EA SPORTS™ Madden NFL 26,69.99,1755187212.0,12,False
3035120,Is This Seat Taken?,9.99,1754575261.0,1,False
1909950,SUPER ROBOT WARS Y,59.99,1756332024.0,3,False
3556750,"Warhammer 40,000: Dawn of War - Definitive Edition",29.99,1755190560.0,3,False
1721110,Abyssus,24.99,1755010060.0,2,False
1617400,The Bazaar,19.99,1755114660.0,2,False
2417610,METAL GEAR SOLID Δ: SNAKE EATER,69.99,1756386023.0,8,False
3339880,OFF,14.99,1755277256.0,1,False
3450310,Europa Universalis V,59.99,1762275513.0,9,False
3606480,Call of Duty®: Black Ops 7,69.99,1763096400.0,29,False
2274620,Discounty,19.99,1755788135.0,1,False
3472040,NBA 2K26,69.99,1757044839.0,43,False
2615540,VOID/BREAKER,19.99,1755626413.0,1,False
1943730,Wicked Island,34.99,1755791894.0,1,False
2453160,Sword of the Sea,29.99,1755619257.0,1,False
2508780,STORY OF SEASONS: Grand Bazaar,49.99,1756313460.0,3,False
2523720,Gears of War: Reloaded,39.99,1756220414.0,1,False
3293260,Waterpark Simulator,12.99,1785510022.0,4,False
2589500,Whisper of the House,14.99,1756281423.0,1,False
2486820,Sonic Racing: CrossWorlds,69.99,1758816058.0,9,False
2361770,SHINOBI: Art of Vengeance,29.99,1756440082.0,1,False
1030300,Hollow Knight: Silksong,19.99,1756994412.0,14,False
2101960,Cronos: The New Dawn,59.99,1757080603.0,2,False
1342490,Daemon X Machina: Titanic Scion,69.99,1757055632.0,1,False
1620730,Hell is Us,49.99,1757001588.0,2,False
2730810,EVERYBODY'S GOLF HOT SHOTS,39.99,1757023221.0,1,False
2444750,Shape of Dreams,24.99,1757555859.0,7,False
3551340,Football Manager 26,59.99,1762272098.0,12,False
1984270,Digimon Story Time Stranger,69.99,1759442400.0,14,False
1669480,Firefighting Simulator: Ignite,34.99,1757429247.0,1,False
3602290,FEMBOY FUTA HOUSE,14.99,1757691871.0,1,False
3478050,Road to Empress I,7.11,1757376033.0,3,False
2719750,Star Birds,19.99,1757515275.0,1,False
2947440,SILENT HILL f,69.99,1758772832.0,15,False
3180070,"No, I'm not a Human",14.99,1757955595.0,6,False
3585800,Keep Digging,6.99,1757581772.0,1,False
1757300,Jump Space,19.99,1758290424.0,2,False
3375780,Trails in the Sky 1st Chapter,59.99,1758265218.0,2,False
3447040,Sora no Kiseki the 1st,59.99,1758265226.0,1,False
3405340,Megabonk,9.99,1758218421.0,14,False
3115220,Town to City,29.99,1779807403.0,1,False
2949320,Ratatan,24.99,1758207610.0,1,False
3407390,ENDLESS Legend™ 2,49.99,1758545776.0,2,False
2748340,Goblin Cleanup,19.99,1758211102.0,1,False
2686630,Voyagers of Nera,29.99,1758026726.0,1,False
1808500,ARC Raiders,39.99,1761816609.0,38,False
2885870,Strange Antiquities,17.99,1758116531.0,1,False
2755480,The Censor DX Edition,17.99,1758243775.0,1,False
3314790,CloverPit,9.99,1758902426.0,4,False
2288470,Aethermancer,25.99,1758628573.0,1,False
3259600,Atelier Resleriana: The Red Alchemist & the White Guardian,59.99,1758848400.0,1,False
1392860,Little Nightmares III,39.99,1760047200.0,2,False
1904480,Absolum,24.99,1760014326.0,2,False
2060160,The Farmer Was Replaced,9.99,1760102338.0,2,False
2582140,Seafarer: The Ship Sim,24.99,1759849075.0,1,False
2958130,Jurassic World Evolution 3,59.99,1761054952.0,10,False
2352620,Fellowship,24.99,1760630011.0,4,False
3167020,Escape From Duckov,17.99,1760598013.0,7,False
2062430,BALL x PIT,14.99,1760543329.0,6,False
2627260,NINJA GAIDEN 4,69.99,1761004794.0,4,False
1449110,The Outer Worlds 2,69.99,1761757153.0,9,False
3274580,Anno 117: Pax Romana,59.99,1762988339.0,15,False
2592160,Dispatch,29.99,1761141600.0,20,False
3949040,RV There Yet?,7.99,1761050178.0,23,False
2968420,PowerWash Simulator 2,24.99,1761226840.0,5,False
2119830,MISERY,12.99,1761231630.0,2,False
1857950,VEIN,19.99,1761318057.0,4,False
1880620,Once Upon A KATAMARI,59.99,1761256836.0,1,False
2289750,Super Fantasy Kingdom,19.99,1761310530.0,1,False
3478650,FreshWomen - Season 2,13.99,1761217317.0,1,False
2879840,Escape Simulator 2,19.99,1761577723.0,3,False
3364070,The Jackbox Party Pack 11,29.99,1761195617.0,1,False
2878450,Master of Command,29.99,1761588018.0,2,False
2893570,DRAGON QUEST I & II HD-2D Remake,59.99,1761839762.0,3,False
3764200,Resident Evil Requiem,69.99,1772168388.0,25,False
2827200,MIMESIS,9.99,1761548726.0,7,False
2799860,INAZUMA ELEVEN: Victory Road,69.99,1763046011.0,6,False
1783560,The Last Caretaker,34.99,1762434007.0,2,False
436780,Tavern Keeper 🍻,29.99,1762191726.0,2,False
3215050,Surviving Mars: Relaunched,39.99,1762793921.0,2,False
2489330,Whiskerwood,29.99,1762437334.0,1,False
2870920,Restaurats,19.9,1762530839.0,1,False
3932890,Escape from Tarkov,49.99,1763204483.0,12,False
3917090,Assetto Corsa Rally,29.99,1763045152.0,2,False
3873970,NASCAR 25,39.99,1762880213.0,1,False
3008740,Winter Burrow,19.99,1762966863.0,1,False
2373990,Solo Leveling: ARISE OVERDRIVE,39.99,1764004087.0,3,False
2350790,Moonlighter 2: The Endless Vault,29.99,1763560523.0,1,False
1649950,News Tower,24.99,1763476256.0,1,False
3014320,OCTOPATH TRAVELER 0,49.99,1764867722.0,1,False
2753970,MARVEL Cosmic Invasion,29.99,1764604279.0,1,False
606160,ROUTINE,24.99,1764860216.0,1,False
2070270,Cloudheim,29.99,1764860484.0,1,False
2692990,DON'T SCREAM TOGETHER,7.99,1764784489.0,1,False
2240620,UNBEATABLE,27.99,1765301810.0,1,False
1718460,Terminator 2D: NO FATE,29.99,1765526409.0,1,False
3669570,Alchemy Factory,17.99,1765522574.0,1,False
4164420,My Winter Car,14.99,1767026324.0,2,False
1631270,StarRupture,19.99,1767707743.0,4,False
3419520,Quarantine Zone: The Last Check,19.99,1768233463.0,6,False
3199650,Pathologic 3,34.99,1767974412.0,1,False
2362060,CODE VEIN II,69.99,1769727618.0,4,False
2499860,DRAGON QUEST VII Reimagined,59.99,1770310721.0,5,False
3316940,The Legend of Heroes: Trails beyond the Horizon,59.99,1768464007.0,1,False
2754380,The Roottrees are Dead,19.99,1736952639.0,1,False
3681010,Nioh 3,69.99,1770354000.0,7,False
3065800,Marathon,39.99,1772733600.0,14,False
2483190,Forza Horizon 6,69.99,1779162600.0,21,False
2956680,LORT,14.99,1769006794.0,2,False
2305640,Bladesong,19.99,1769090384.0,1,False
2397300,Half Sword,24.99,1769792376.0,3,False
1588550,Cairn,29.99,1769705689.0,2,False
2191500,Vampires: Bloodlord Rising,19.99,1769780512.0,1,False
2432860,MENACE,39.99,1770299805.0,2,False
3834090,YAPYAP,9.99,1770141401.0,4,False
3501070,Car Service Together,19.99,1770233020.0,1,False
3656800,Train Sim World® 6,39.99,1759251617.0,1,False
2362050,MY HERO ACADEMIA: All’s Justice,59.99,1770332425.0,1,False
3321460,Crimson Desert,69.99,1773957036.0,19,False
2129530,REANIMAL,39.99,1770991110.0,6,False
686060,Mewgenics,29.99,1770732014.0,7,False
2536520,Diablo II: Resurrected – Infernal Edition,39.99,1770849012.0,4,False
2966320,Starsand Island,28.27,1770828300.0,2,False
3643170,Roadside Research,12.99,1770908124.0,4,False
2069250,High On Life 2,59.99,1770994805.0,1,False
3280350,DEATH STRANDING 2: ON THE BEACH,69.99,1773930523.0,10,False
3050900,ROMEO IS A DEAD MAN,49.99,1770733873.0,1,False
3937550,Yakuza Kiwami 3 & Dark Ties,59.99,1770822077.0,1,False
2643390,Star Trek: Voyager - Across the Unknown,34.99,1771426287.0,2,False
4069520,Super Battle Golf,12.99,1771516222.0,7,False
2744880,Climber Animals: Together,3.99,1711127241.0,3,False
2852190,Monster Hunter Stories 3: Twisted Reflection,69.99,1773374413.0,6,False
3717070,WWE 2K26,99.99,1773356244.0,3,False
2868840,Slay the Spire 2,24.99,1772733048.0,15,False
3897800,Poker Night at the Inventory,9.99,1772733060.0,1,False
2057760,Esoteric Ebb,24.99,1772557120.0,2,False
2778610,Over The Top: WWI,19.14,1772808875.0,2,False
2697000,The Legend of Khiimori,29.99,1772550287.0,1,False
2487300,Docked,29.99,1772715387.0,1,False
3920610,FATAL FRAME II: Crimson Butterfly REMAKE,49.99,1773277200.0,2,False
3226450,iRacing Arcade,24.99,1772545843.0,1,False
2157830,John Carpenter's Toxic Commando,39.99,1773334150.0,2,False
2975950,Solasta II,39.99,1773324148.0,1,False
2833580,BRAVELY DEFAULT FLYING FAIRY HD Remaster,39.99,1773334824.0,1,False
3202030,龙胤立志传,19.99,1773368754.0,1,False
2253100,Everwind,24.99,1773765900.0,2,False
3552140,Retro Rewind - Video Store Simulator,19.9,1773755941.0,5,False
3948120,Scritchy Scratchy,6.99,1773831687.0,3,False
2624870,Life is Strange: Reunion,39.99,1774540800.0,1,False
3500390,Mega Man Star Force Legacy Collection,39.99,1774584040.0,1,False
2426530,Nova Roma,29.99,1774547760.0,1,False
3784030,RACCOIN: Coin Pusher Roguelike,11.99,1774945976.0,2,False
3326230,Hozy,14.99,1774882336.0,1,False
2706020,ALL WILL FALL,29.99,1775221312.0,1,False
4249120,Resident Evil 3 Nemesis (1999),9.99,1775088060.0,1,False
4249110,Resident Evil 2 (1998),9.99,1775088060.0,1,False
4249100,Resident Evil (1996),9.99,1775088000.0,1,False
3357650,PRAGMATA,59.99,1776398400.0,9,False
3214610,Cinderia,17.99,1774871595.0,1,False
3400350,Third Crisis: Neon Nights,19.99,1775116814.0,1,False
1963610,Road to Vostok,19.99,1775573761.0,2,False
3634520,Samson,24.99,1775652927.0,1,False
590830,s&box,19.99,1777373704.0,2,False
1297900,Gothic 1 Remake,49.99,1780678757.0,4,False
1866130,Morbid Metal,17.99,1775662280.0,1,False
3976500,The Spotter: Dig or Die,12.99,1775559631.0,1,False
3041230,Windrose,29.99,1776153329.0,9,False
2416450,MOUSE: P.I. For Hire,29.99,1776351016.0,4,False
1663850,REPLACED,19.99,1776175107.0,1,False
3443820,BUNNY GARDEN 2,24.99,1776265235.0,1,False
2213700,Sintopia,34.99,1776355160.0,1,False
4128580,BidKing,2.99,1776304380.0,6,False
3265700,Vampire Crawlers: The Turbo Wildcard from Vampire Survivors,9.99,1776782680.0,3,False
3751950,Assassin's Creed Black Flag Resynced,59.99,1783605420.0,7,False
2914150,Yunyun Syndrome!? Rhythm Psychosis,16.99,1777002753.0,1,False
3105440,Heroes of Might and Magic: Olden Era,39.99,1777553730.0,6,False
3124540,Far Far West,19.99,1777381112.0,5,False
3892270,Gamble With Your Friends,7.99,1777658518.0,7,False
2353060,Invincible VS,49.99,1777568393.0,2,False
3562120,Magical Princess,14.99,1777348232.0,1,False
2873660,Global Rescue,24.99,1777301925.0,1,False
3768760,007 First Light,69.99,1779804000.0,7,False
3438850,Sledding Game,7.99,1777568428.0,1,False
1962700,Subnautica 2,29.99,1778770800.0,6,False
3404260,Dead as Disco,24.99,1777993437.0,3,False
3672400,Farever,19.99,1778075366.0,2,False
3526710,Everything is Crab: The Animal Evolution Roguelite,9.99,1778230111.0,3,False
2582320,Mixtape,19.99,1778158795.0,1,False
2215200,LEGO® Batman™: Legacy of the Dark Knight,69.99,1779469311.0,6,False
3110760,Alabaster Dawn,24.99,1778158738.0,1,False
4197610,Librarian: Tidy Up the Arcane Library!,5.99,1777553918.0,5,False
2830030,MOTORSLICE,19.99,1777989572.0,1,False
2681030,Outbound,24.99,1778507491.0,2,False
3509230,Gambonanza,14.99,1777640414.0,1,False
3079210,Hell Let Loose: Vietnam,39.99,1786636800.0,3,False
2255370,Directive 8020,49.99,1778594417.0,1,False
4466620,SiNiSistar 2,14.99,1778889259.0,1,False
1118520,Paralives,39.99,1779717649.0,4,False
2605790,Deep Rock Galactic: Rogue Core,29.99,1779292819.0,2,False
2532480,"Warhammer 40,000: Mechanicus II",39.99,1779378931.0,1,False
2272360,"Warhammer 40,000: Dawn of War IV",59.99,1789657200.0,1,False
2863680,ZERO PARADES: For Dead Spies,39.99,1779354201.0,1,False
3542380,Rune Dice,14.99,1779202355.0,1,False
1875580,Mina the Hollower,19.99,1780027276.0,2,False
1805320,Romestead,13.99,1779777083.0,2,False
1116050,Starminer,29.99,1779896767.0,1,False
3219030,Planet Zoo 2,49.99,1791900000.0,1,False
2261430,LumenTale: Memories of Trey,29.99,1779811193.0,1,False
2904040,Cheap Car Repair,19.51,1779976930.0,1,False
3009300,Teamfight Manager 2,19.99,1779753614.0,1,False
3678970,TBH: Task Bar Hero,20.74,1779872460.0,2,True
2186990,Fatekeeper,9.99,1780419403.0,1,False
2288340,ACE COMBAT 8: WINGS OF THEVE,69.99,1790892000.0,1,False
1805110,Solarpunk™,22.99,1780923421.0,2,False
4435490,Call of Duty®: Modern Warfare® 4,69.99,1792731600.0,1,False
2806050,Halo: Campaign Evolved,49.99,1785250830.0,2,False
4704690,MECCHA CHAMELEON,5.99,1781060378.0,1,False
3844970,Burglin' Gnomes,9.99,1781100003.0,1,False
2004680,Voidling Bound,24.99,1781010009.0,1,False
4148240,Road to Empress Ⅱ,14.24,1780983628.0,1,False
2679100,Witchspire,22.99,1781100055.0,1,False
3276050,SpaceCraft,29.99,1781179516.0,1,False
3337380,Tabletop Tavern,19.99,1781197255.0,1,False
958520,33 Immortals,14.89,1781103625.0,1,False
4121170,Fears to Fathom® - Scratch Creek,7.99,1781110206.0,1,False
2866670,NBA THE RUN,29.99,1781027948.0,1,False
